Sl.No,Category,Well ID,Well Name / Project Name,PO No,WBS No,Cum-Prior Month Actual %,Week-1 Plan %,Week-1 Actual %,Week-2 Plan %,Week-2 Actual %,Week-3 Plan %,Week-3 Actual %,Week-4 Plan %,Week-4 Actual %,Week-5 Plan %,Week-5 Actual %,Current Month Plan %,Current Month Actual %,Cum-Current Month Plan %,Cum-Current Month Actual %,Target End,Purpose Value,Cum-Prior Month Plan,Cum-Prior Month Actual,Current month Plan,Current Month Actual,Cum - Current Month Plan,Cum - Current Month Actual,Remarks
1,Marmul SNLP,628,,,WD-3522-24628-SNL-1-L,2.0,0.33,0.0,9.35,0.0,22.22,0.0,39.29,0.0,3.51,0.0,74.69,0.0,76.13,2.0,2026-05-08,5000.0,72.09,100.0,3734.44,0.0,3806.53,100.0,
5,Marmul SNLP,729,,,WD-3522-27291-SNL-1-L,29.25,3.91,0.0,30.37,0.0,33.59,0.0,5.03,0.0,1.93,0.0,74.83,0.0,90.14,29.25,2026-04-30,17059.4,2613.28,4990.21,12764.86,0.0,15378.15,4990.21,
9,Marmul Conversion with Flowline,1090,,,WD-3522-31090-FLC-1-L,10.85,13.7,14.17,9.01,1.87,4.17,1.75,5.53,0.0,1.93,0.0,34.33,17.79,90.79,28.63,2026-04-29,24008.0,13553.79,2603.72,8242.55,4270.57,21796.33,6874.29,
13,Marmul SNLP,5676,,,,0.0,0.0,0.0,0.0,0.0,0.0,0.0,0.0,0.0,0.0,0.0,0.0,0.0,0.0,0.0,2026-05-30,5000.0,0.0,0.0,0.0,0.0,0.0,0.0,
17,Nimr SNLP,8495,,,WD-3522-08495-SNL-1-L,7.7,3.24,0.0,1.52,0.0,0.9,0.0,0.51,0.0,0.0,0.0,6.17,0.0,34.5,7.7,2026-03-25,1.0,0.28,0.08,0.06,0.0,0.34,0.08,
21,Nimr Flowline,10207,RKDS_2026_OP_LOC18,4501025908/80,WD-3522-10207-FLC-1-L,5.92,1.18,1.01,1.68,0.0,48.98,0.0,14.3,0.0,7.07,0.0,73.21,1.01,78.94,6.93,2026-05-11,38100.0,2185.01,2257.24,27892.82,383.35,30077.83,2640.6,
25,Nimr SNLP,10630,,,WD-3522-10630-SNL-1-L,13.0,4.3,0.0,2.15,0.0,0.9,0.0,0.9,0.0,0.0,0.0,8.24,0.0,34.5,13.0,2026-03-28,1.0,0.26,0.13,0.08,0.0,0.34,0.13,
29,Marmul SNLP,12072,,,,0.0,0.0,0.0,4.5,0.0,34.0,0.0,12.39,0.0,1.89,0.0,52.78,0.0,52.78,0.0,2026-05-03,5000.0,0.0,0.0,2639.2,0.0,2639.2,0.0,
33,Nimr Conversion without flowline,13616,,,,0.03,0.83,2.75,32.29,0.94,4.05,0.0,4.72,0.0,2.02,0.0,43.92,3.68,95.8,3.72,2026-04-21,1.0,0.52,0.0,0.44,0.04,0.96,0.04,
37,Nimr Conversion without flowline,17527,,,,3.74,4.44,0.0,4.44,0.0,2.97,0.0,1.34,0.0,0.39,0.0,13.58,0.0,99.21,3.74,2026-04-06,1.0,0.86,0.04,0.14,0.0,0.99,0.04,
41,Marmul Reopen With Flowline,21335,,,,0.0,0.0,0.0,25.32,0.0,19.33,0.0,32.72,0.0,4.99,0.0,82.36,0.0,82.36,0.0,2026-09-13,23688.0,0.0,0.0,19508.85,0.0,19508.85,0.0,
45,Nimr Location,24665,ALBRG_1405250004_OP4,4501028611,WD-3522-24665-LOC-1-L,0.0,0.0,0.0,5.67,12.08,6.22,5.75,5.11,0.0,1.0,0.0,18.0,17.82,18.0,17.82,2026-06-15,0.0,0.0,0.0,0.0,0.0,0.0,0.0,
49,Nimr Flowline,25092,RKDS_2026_OP_LOC9,4501023345-60,WD-3522-25092-FLC-1-L,7.84,3.49,1.35,3.32,1.4,42.28,0.86,15.66,0.0,0.43,0.0,65.18,3.61,72.48,11.44,2026-07-14,74500.0,5439.06,5840.09,48561.79,2686.37,54000.84,8526.46,
53,Nimr Flowline,27134,NM-A_PI16,4501025105/50,WD-3522-27134-FLC-1-L,3.97,2.41,0.0,2.41,0.0,9.49,0.0,32.7,0.0,5.16,0.0,52.17,0.0,57.42,3.97,2027-02-13,91868.0,4821.33,3649.6,47927.31,0.0,52748.64,3649.6,
57,Marmul Flowline,27625,V_INJECTOR_244_I,4501019969,,0.0,1.27,0.0,3.42,0.5,1.43,0.0,3.18,0.0,0.4,0.0,9.7,0.5,20.58,0.5,2026-06-22,17384.0,1890.17,0.0,1686.65,86.92,3576.82,86.92,
61,Marmul Flowline,27781,F_300M_INFILL_95_P,4501021405,,0.0,3.56,0.0,0.27,0.0,0.27,0.0,0.27,0.0,0.11,0.0,4.48,0.0,80.73,0.0,2026-05-27,24832.0,18935.26,0.0,1111.4,0.0,20046.67,0.0,
65,Marmul Flowline,27789,V_5SPOT_P244_P,4501020075,,0.0,1.17,0.0,6.98,0.0,13.48,0.0,7.7,0.0,1.89,0.0,31.22,0.0,82.78,0.0,2026-05-03,17804.0,9180.19,0.0,5558.66,0.0,14738.85,0.0,
69,Marmul Flowline,27800,V_E9SPOT_P219_P,,,0.0,0.0,0.0,4.16,0.0,3.77,0.0,4.04,0.0,0.0,0.0,11.97,0.0,71.38,0.0,2026-07-06,24552.0,14585.06,0.0,2938.93,0.0,17523.99,0.0,
73,Marmul Flowline,27819,MARMUL-1677,4501019546,,0.0,0.0,0.0,10.83,0.0,2.96,0.0,4.3,0.0,1.84,0.0,19.93,0.0,76.1,0.0,2026-04-25,30824.0,17312.81,0.0,6144.38,0.0,23457.2,0.0,
77,Marmul Flowline,27929,V_5SPOT_P167_P,4501019818,,0.0,13.71,0.0,0.0,0.0,1.5,0.0,0.0,0.0,0.0,0.0,15.21,0.0,85.0,0.0,2026-05-27,20408.0,14241.87,0.0,3104.93,0.0,17346.8,0.0,
81,Marmul Flowline,27940,V_5SPOT_P321_P,4501021334,,24.9,0.99,0.0,26.52,16.44,19.39,1.12,5.74,0.0,1.89,0.0,54.53,17.57,81.28,42.47,2026-05-03,14864.0,3976.21,3701.84,8105.84,2611.37,12082.04,6313.22,
85,Marmul Flowline,27953,V_INJECTOR_320_I,4501021008,,14.52,0.21,0.0,0.19,0.0,4.69,0.0,4.66,0.0,1.67,0.0,11.42,0.0,94.43,14.52,2026-04-21,17020.0,14127.9,2470.69,1944.51,0.0,16072.41,2470.69,
89,Marmul Flowline,28087,HW_WF_INFILL_PH2_132NE_OP,4501023770,,16.48,0.95,0.0,6.5,0.0,38.92,0.0,9.42,0.0,3.69,0.0,59.47,0.0,76.21,16.48,2026-09-10,35304.0,5909.94,5816.75,20994.65,0.0,26904.59,5816.75,
93,Marmul Flowline,28093,HW_WF_INFILL_PH2_31SE_OP,4501023770,,0.0,0.3,0.0,9.25,0.0,11.72,0.0,2.74,0.0,0.34,0.0,24.35,0.0,37.54,0.0,2026-09-27,39308.0,5185.79,0.0,9571.32,0.0,14757.11,0.0,
97,Marmul Flowline,28097,MARMUL HW_WF_INFILL_PH2_515SE_,4501026734,,12.05,4.9,7.5,6.2,0.21,31.27,0.37,12.97,0.0,0.24,0.0,55.58,8.09,71.95,20.14,2026-06-25,50872.0,8329.91,6127.84,28274.3,4115.52,36604.21,10243.36,
101,Marmul Flowline,28101,HW_WF_INFILL_PH2_711NW_OP,4501024216,,5.82,1.44,0.36,7.63,0.0,37.71,0.0,9.79,0.0,1.01,0.0,57.58,0.36,63.42,6.18,2026-08-08,29956.0,1747.62,1744.67,17249.07,106.72,18996.7,1851.39,
105,Marmul Flowline,28105,MARMUL-1700,4501021334,,46.29,1.95,0.0,1.64,0.0,2.75,0.0,4.72,0.0,2.02,0.0,13.09,0.0,86.95,46.29,2026-04-23,49836.0,36806.42,23067.98,6525.34,0.0,43331.76,23067.98,
109,Marmul Flowline,28126,HW_WF_INFILL_PH2_854SE_OP,4501026789,,22.59,12.61,5.11,8.68,1.07,32.4,0.37,10.37,0.0,1.91,0.0,65.96,6.55,86.23,29.14,2026-05-06,14472.0,2933.72,3269.57,9545.88,948.19,12479.6,4217.77,
113,Marmul Flowline,28131,MARMUL-1716,4501023770,,0.0,0.73,0.0,26.77,0.0,10.34,0.0,5.76,0.0,1.94,0.0,45.54,0.0,81.32,0.0,2026-05-03,18056.0,6461.15,0.0,8222.74,0.0,14683.89,0.0,
117,Marmul Flowline,28135,HW_WF_INFILL_PH2_909NE_OP,4501023770,,0.0,0.15,0.0,0.24,0.0,0.26,0.0,0.26,0.0,0.11,0.0,1.01,0.0,21.83,0.0,2026-11-01,18700.0,3894.24,0.0,188.2,0.0,4082.44,0.0,
121,Marmul Flowline,28139,HW_WF_INFILL_PH2_912NW_OP,,,0.83,0.0,0.0,0.0,1.56,0.0,3.66,0.0,0.0,0.0,0.0,0.0,5.21,0.83,6.04,2026-08-28,39224.0,326.87,326.87,0.0,2043.81,326.87,2370.67,
125,Marmul Flowline,28147,HW_WF_INFILL_PH2_515SW_C_WI,,,0.0,3.48,0.0,3.76,0.0,0.43,0.0,0.43,0.0,0.18,0.0,8.29,0.0,9.27,0.0,2026-07-20,19344.0,189.99,0.0,1603.33,0.0,1793.31,0.0,
129,Marmul Flowline,28364,HW_WF_INFILL_PH2_132NE_2_OP,4501026789,,0.0,38.04,0.0,2.44,0.0,1.31,0.0,1.31,0.0,0.56,0.0,43.67,0.0,79.53,0.0,2026-05-31,37572.0,13473.08,0.0,16409.52,0.0,29882.6,0.0,
133,Marmul Flowline,28793,30-MMHE_FURTHERDEVT_NCCR_OP1,,,0.38,0.0,0.0,0.0,0.58,0.0,0.0,0.0,0.0,0.0,0.0,0.0,0.58,0.83,0.96,2026-06-30,43580.0,363.17,165.45,0.0,254.85,363.17,420.31,
137,Marmul Location,28840,TM_W_WI19,4501019100,,0.0,0.0,0.0,15.56,0.0,6.3,0.0,1.3,0.0,0.56,0.0,23.7,0.0,100.0,0.0,2026-04-07,27000.0,20986.36,0.0,6400.0,0.0,27000.0,0.0,
141,Marmul Location,29008,MDNE_200M_SE_OP1,4501023345,,0.0,0.35,0.0,1.71,0.0,3.53,0.0,3.53,0.0,1.51,0.0,10.65,0.0,58.51,0.0,2026-06-06,27000.0,12924.37,0.0,2874.31,0.0,15798.67,0.0,
145,Marmul Location,29012,30-MMHE_FURTHERDEVT_NCCR_OP2,4501026361,,0.0,0.22,0.0,5.19,0.0,5.93,0.0,1.3,0.0,0.56,0.0,13.19,0.0,100.0,0.0,2026-04-12,27000.0,23573.86,0.0,3562.5,0.0,27000.0,0.0,
149,Marmul Location,29031,MM-AK-P9-INFILL-OP-70,,,0.0,0.0,0.0,0.0,10.0,0.0,0.0,0.0,0.0,0.0,0.0,0.0,10.0,0.0,10.0,2026-09-16,27000.0,0.0,0.0,0.0,2700.0,0.0,2700.0,
153,Marmul Location,29107,RA-USI-205,,,0.0,0.0,0.0,0.0,0.0,0.0,0.0,0.0,0.0,0.0,0.0,0.0,0.0,0.0,0.0,2027-07-20,27000.0,0.0,0.0,0.0,0.0,0.0,0.0,
157,Marmul Location,29191,MM_GNR_LG2_AB_OP_2,4501006581,,0.0,0.34,0.0,23.26,0.0,20.56,0.0,0.0,0.0,0.0,0.0,44.17,0.0,85.0,0.0,2026-07-04,27000.0,11025.0,0.0,11925.0,0.0,22950.0,0.0,
161,Marmul Flowline,29224,MDNE_200M_APP_SW_OP1,,,0.0,0.0,0.0,0.0,0.0,0.0,0.0,0.0,0.0,0.0,0.0,0.0,0.0,0.0,0.0,2026-09-15,90900.0,0.0,0.0,0.0,0.0,0.0,0.0,
165,Nimr Flowline,29393,RKDS_2026_OP_LOC11,4501023412-130,WD-3522-29393-FLC-1-L,22.1,7.0,1.42,6.42,3.52,38.62,1.66,1.7,0.0,0.2,0.0,53.94,6.6,73.25,28.71,2026-06-07,85700.0,16542.91,18943.18,46229.62,5657.78,62772.53,24600.96,
169,Nimr Flowline,30355,NIMRG_2205240004_AP1,4501027850/140,WD-3522-30355-FLC-1-L,3.89,2.64,0.5,2.31,2.42,23.54,0.05,6.69,0.0,9.75,0.0,44.92,2.97,49.41,6.86,2026-06-28,1.0,0.04,0.04,0.45,0.03,0.49,0.07,
173,Nimr Flowline,30416,NM-A_PI11,4501021868/130,WD-3522-30416-FLC-1-L,0.0,0.9,0.0,0.9,0.0,10.04,0.0,21.18,0.0,3.81,0.0,36.83,0.0,56.94,0.0,2026-06-21,115724.0,23275.39,0.0,42616.83,0.0,65892.22,0.0,
177,Nimr Location,30429,NMR A_6515383_WSW_3,4501021868/90,WD-3522-30429-LOC-1-L,0.0,2.5,2.5,0.0,0.0,30.0,0.0,0.38,0.0,0.58,0.0,33.46,2.5,95.96,2.5,2026-04-21,29000.0,18125.0,0.0,9703.85,725.0,27828.85,725.0,
181,Nimr Location,30750,ALBRG_1405250004_WI2,4501020023/50,WD-3522-30750-LOC-1-L,62.67,0.0,0.0,0.0,0.0,10.0,0.0,1.35,0.0,0.58,0.0,11.92,0.0,96.92,62.67,2026-04-16,29000.0,24650.0,18173.77,3457.69,0.0,28107.69,18173.77,
185,Nimr Location,30853,AMIN_25869179_OP9,4501022672/30,WD-3522-30853-LOC-1-L,60.0,0.0,0.0,0.0,0.0,10.0,0.0,1.35,0.0,0.58,0.0,11.92,0.0,96.92,60.0,2026-04-16,24500.0,20825.0,14700.0,2921.15,0.0,23746.15,14700.0,
189,Nimr Flowline,31010,NME_E1_15_OP,4501019299/110,WD-3522-31010-FLC-1-L,28.09,11.14,10.21,1.96,0.0,18.48,0.65,12.57,0.0,0.24,0.0,44.38,10.87,73.43,38.95,2026-07-29,126796.0,36828.96,35612.03,56276.94,13777.56,93105.9,49389.59,
193,Marmul Location,31138,MDSW_EF_26_LOC1,4501021302,,0.0,0.77,0.0,5.55,0.0,5.74,0.0,1.3,0.0,0.56,0.0,13.92,0.0,94.26,0.0,2026-04-13,27000.0,21692.38,0.0,3757.62,0.0,25450.0,0.0,
197,Nimr Flowline,31247,ALBRG_1405250004_OP6,,,0.0,0.0,0.0,0.0,0.0,0.0,0.0,0.0,0.0,0.0,0.0,0.0,0.0,0.0,0.0,2026-07-24,1.0,0.0,0.0,0.0,0.0,0.0,0.0,
201,Nimr Flowline,31338,ALBRG_1405250004_OP8,,,0.0,0.0,0.0,0.0,0.0,0.0,0.0,0.0,0.0,0.0,0.0,0.0,0.0,0.0,0.0,2026-08-20,0.0,0.0,0.0,0.0,0.0,0.0,0.0,
205,Nimr Flowline,31340,ALBRG_1405250004_WI4,4501025908/140,WD-3522-31340-FLC-1-L,41.28,1.87,5.12,4.82,4.32,27.5,5.23,8.24,0.0,1.92,0.0,44.35,14.67,88.34,55.95,2026-05-03,46500.0,20456.82,19196.13,20620.48,6821.48,41077.3,26017.61,
209,Nimr Location,31382,AMIN-579,4501023451/10,WD-3522-31382-LOC-1-L,73.2,0.0,0.0,0.0,0.0,11.35,0.0,1.35,0.0,0.58,0.0,13.27,0.0,98.27,73.2,2026-04-09,1.0,0.85,0.73,0.13,0.0,0.98,0.73,
213,Nimr Flowline,31485,NIMR-1675,4501017572/140,WD-3522-31485-FLC-1-L,0.0,1.7,0.0,1.7,0.0,8.32,0.0,19.97,0.0,2.03,0.0,33.72,0.0,47.19,0.0,2026-06-23,138516.0,18658.48,0.0,46706.18,0.0,65364.66,0.0,
217,Nimr Flowline,31491,NIMRC_2309210065_OP1,4501025908,WD-3522-31491-FLC-1-L,0.06,2.38,1.17,3.2,1.25,28.73,1.35,28.64,0.0,0.35,0.0,63.31,3.77,64.97,3.83,2026-06-11,95164.0,1586.07,57.93,60244.1,3588.02,61830.17,3645.95,
221,Marmul Location,32258,MARMUL NW-62,4501021215,,0.0,0.0,0.0,5.56,0.0,6.3,0.0,1.3,0.0,0.56,0.0,13.7,0.0,100.0,0.0,2026-04-07,27000.0,23686.36,0.0,3700.0,0.0,27000.0,0.0,
225,Marmul Flowline,32429,MARMUL-1682,4501023345,,10.59,0.18,0.0,3.25,0.0,0.5,0.0,3.13,0.0,1.34,0.0,8.4,0.0,92.14,10.59,2026-04-26,49880.0,41768.9,5283.72,4189.67,0.0,45958.57,5283.72,
229,Marmul Flowline,32449,QATA-193,4501023345,,13.2,5.1,9.71,6.73,0.57,7.01,0.0,4.3,0.0,1.84,0.0,24.98,10.28,88.91,23.48,2026-04-26,50608.0,32356.45,6680.84,12641.49,5204.19,44997.94,11885.03,
233,Marmul Flowline,32559,MM_GNR_LG1_DB_OP_2,,,0.0,19.04,0.0,16.26,0.0,32.17,0.0,4.22,0.0,0.0,0.0,71.68,0.0,73.5,0.0,2026-07-03,26696.0,484.66,0.0,19136.9,0.0,19621.56,0.0,
237,Marmul Flowline,32561,MM_GNR_LG1_BB_OP_3 B,,,12.66,0.83,2.38,0.81,1.38,0.81,0.5,0.81,0.0,0.35,0.0,3.6,4.26,8.75,16.92,2026-09-01,70768.0,3640.66,8959.35,2550.47,3013.64,6191.13,11972.99,
241,Marmul Location,32565,MM-AK-P9-INFILL-OP-68,,,0.0,0.0,0.0,0.0,0.0,0.0,10.0,0.0,0.0,0.0,0.0,0.0,10.0,0.0,10.0,2026-08-13,27000.0,0.0,0.0,0.0,2700.0,0.0,2700.0,
245,Marmul Flowline,32590,TM_W_OP20,4501023627,,20.84,1.41,0.0,1.13,0.0,3.9,0.0,4.41,0.0,1.89,0.0,12.75,0.0,92.8,20.84,2026-04-23,36496.0,29217.77,7607.41,4652.26,0.0,33870.03,7607.41,
249,Marmul Location,32608,RASW_GH_OP_LOC1,4501025908,,0.0,1.65,0.0,7.08,0.0,6.61,0.0,1.61,0.0,0.69,0.0,17.64,0.0,100.0,0.0,2026-04-07,27000.0,22616.36,0.0,4763.93,0.0,27000.0,0.0,
253,Marmul Location,32610,RASW_GH_WI_LOC3,4501021921,,8.33,10.18,0.0,0.13,0.0,0.0,0.0,0.0,0.0,0.0,0.0,10.31,0.0,81.67,8.33,2026-05-13,27000.0,19265.63,2250.0,2784.38,0.0,22050.0,2250.0,
257,Marmul Flowline,33093,TM_WEST_I9_200M_OP_13,,,0.0,0.0,0.0,3.62,0.0,16.36,0.0,22.8,0.0,10.65,0.0,53.43,0.0,53.68,0.0,2029-09-29,90900.0,227.25,0.0,48571.95,0.0,48799.2,0.0,
261,Marmul Flowline,33105,MM-GSR-CNMGLG1_15-OP,4500998338,,0.26,0.44,0.0,5.13,0.0,2.6,0.0,18.66,0.0,1.64,0.0,28.46,0.0,77.48,0.26,2026-05-18,94624.0,46376.38,243.32,26934.71,0.0,73311.1,243.32,
265,Marmul Location,33128,QAHARIR EAST_WI_23_LOC2,4500983418,,0.0,0.0,0.0,20.0,0.0,0.0,0.0,0.0,0.0,0.0,0.0,20.0,0.0,87.73,0.0,2026-08-02,27000.0,18286.36,0.0,5400.0,0.0,23686.36,0.0,
269,Nimr Location,33135,WAHA_GH_WI_LOC1,4501006411/320,WD-3522-33135-LOC-1-L,0.0,0.0,0.0,0.0,0.0,23.57,0.0,5.0,0.0,34.18,0.0,62.76,0.0,62.76,0.0,2027-01-03,30250.1,0.0,0.0,18983.48,0.0,18983.48,0.0,
273,Nimr Location,33143,RAKDS_B_OP_LOC38,4501020675/90,WD-3522-33143-LOC-1-L,73.1,0.0,0.0,0.0,0.0,20.0,0.0,1.35,0.0,0.58,0.0,21.92,0.0,96.92,73.1,2026-04-16,29000.0,21750.0,21200.42,6357.69,0.0,28107.69,21200.42,
277,Nimr Location,33152,TUQAA_PH1_OP_LOC11,4501020771/110,WD-3522-33152-LOC-1-L,69.8,0.0,0.0,0.0,0.0,0.0,0.0,0.0,0.0,0.0,0.0,0.0,0.0,85.0,69.8,2026-09-23,29000.0,24650.0,20242.65,0.0,0.0,24650.0,20242.65,
281,Marmul Flowline,33154,THULAILAT_NE_OP_26_LOC1,,,0.0,0.83,0.0,7.79,0.0,28.08,0.0,6.95,0.0,15.76,0.0,59.42,0.0,59.42,0.0,2026-05-22,39380.0,0.0,0.0,23398.28,0.0,23398.28,0.0,
285,Nimr Location,33241,RAKDS_B_WI_LOC1,4501020675/30,WD-3522-33241-LOC-1-L,28.0,0.0,0.0,0.0,0.0,10.0,0.0,1.35,0.0,0.58,0.0,11.92,0.0,96.92,28.0,2026-04-16,45000.0,38250.0,12600.0,5365.38,0.0,43615.39,12600.0,
289,Marmul Flowline,33761,RASW_AK5U_400M_OP_LOC1,4501023499,,0.0,0.0,0.0,2.34,0.0,7.54,0.0,0.0,0.0,0.0,0.0,9.88,0.0,67.71,0.0,2028-05-02,17512.0,10127.77,0.0,1730.35,0.0,11858.13,0.0,
293,Marmul Location,33774,RA_LG.2_WI_134,4500991209,,0.0,0.0,0.0,0.0,0.0,0.0,0.0,0.0,0.0,0.0,0.0,0.0,0.0,0.0,0.0,2027-08-24,27000.0,0.0,0.0,0.0,0.0,0.0,0.0,
297,Marmul Flowline,34073,HW_WF_INFILL_PH2_861NE_OP,,,0.0,0.0,0.0,0.0,1.76,0.0,13.15,0.0,0.0,0.0,0.0,0.0,14.91,0.0,14.91,2026-06-16,41128.0,0.0,0.0,0.0,6131.16,0.0,6131.16,
301,Nimr Location,34356,ALBRG_1405250004_OP2,4501024216/90,WD-3522-34356-LOC-1-L,38.0,12.77,10.5,24.19,24.83,3.24,0.0,0.0,0.0,0.0,0.0,40.19,35.33,85.0,73.33,2026-05-21,33527.2,15022.05,12740.34,13476.07,11846.28,28498.12,24586.61,
305,Nimr Location,34422,AL BURJ_26_MC_OP2,4501029843,,8.13,8.06,6.29,8.06,26.93,46.08,10.71,22.55,0.0,0.56,0.0,85.3,43.93,97.41,52.06,2026-04-14,1.0,0.12,0.08,0.85,0.44,0.97,0.52,
309,Nimr Location,34565,NIMRB_1609240004_OP3,4501027850/90,,0.0,0.0,0.0,0.0,0.0,24.55,0.0,33.21,0.0,5.92,0.0,63.67,0.0,63.67,0.0,2026-07-13,26000.0,0.0,0.0,16555.1,0.0,16555.1,0.0,
313,Marmul Flowline,34879,HW_WF_EXTRA_INFILL_OP4,,,0.0,0.0,0.0,0.0,0.0,0.0,0.0,0.0,0.0,0.0,0.0,0.0,0.0,0.0,0.0,2026-06-16,74500.0,0.0,0.0,0.0,0.0,0.0,0.0,
317,Marmul Flowline,34889,HW_I9_ADDITIONAL_424_R_PI,,,0.0,0.0,0.0,0.0,0.0,8.77,0.0,34.94,0.0,18.99,0.0,62.69,0.0,62.69,0.0,2026-06-21,11840.0,0.0,0.0,7422.55,0.0,7422.55,0.0,
321,Nimr Flowline,35231,SAQR-27,4501027793,,12.14,2.92,0.79,3.86,6.77,26.44,11.38,13.69,0.0,0.59,0.0,47.5,18.95,67.5,31.08,2026-05-25,114350.0,22867.23,13877.68,54319.77,21663.78,77187.0,35541.46,
325,Marmul Location,35488,ZMD_LG2_NORTH FLANK_OP1,,,10.0,0.0,0.0,0.0,0.0,0.0,0.0,0.0,0.0,0.0,0.0,0.0,0.0,10.0,10.0,2029-10-15,27000.0,2700.0,2700.0,0.0,0.0,2700.0,2700.0,
329,Marmul Flowline,35493,HSAK-95U_HZ_500M_18,4501023302,,8.52,2.48,5.6,0.81,0.0,0.81,0.0,0.81,0.0,0.35,0.0,5.25,5.6,53.39,14.12,2026-06-05,74212.0,35722.19,6326.34,3899.56,4152.34,39621.75,10478.68,
333,Marmul Flowline,35495,QATA-192,4501023302,,20.78,0.04,0.0,0.67,0.0,4.41,0.0,4.41,0.0,1.6,0.0,11.14,0.0,93.37,20.78,2026-04-21,57692.0,47443.89,11986.83,6424.28,0.0,53868.16,11986.83,
337,Marmul Flowline,35529,MM_HW_WI_DEEP_01,4501022771,,3.33,0.0,0.0,28.82,9.12,2.44,9.79,8.16,0.0,1.93,0.0,41.35,18.91,88.35,22.25,2026-05-03,58336.0,27420.7,1944.53,24121.13,11034.22,51541.83,12978.75,
341,Marmul Location,35572,MDNE_200M_SE_OP8,4501008374,,34.56,22.85,15.0,10.68,0.0,8.63,0.0,0.93,0.0,0.56,0.0,43.63,15.0,99.21,49.56,2026-04-19,27000.0,15005.24,9330.88,11781.12,4050.0,26786.36,13380.88,
345,Marmul Location,35607,MDNE_200M_SE_OP5,4501008561,,31.1,14.45,11.67,12.79,0.0,13.8,0.0,10.0,0.0,0.0,0.0,51.04,11.67,97.73,42.77,2026-04-29,27000.0,12605.06,8397.53,13781.3,3150.0,26386.36,11547.53,
349,Marmul Location,35670,MMAK_P1_AREA1_WI_1,,,0.0,0.0,0.0,14.09,0.0,3.18,10.0,3.18,0.0,1.36,0.0,21.82,10.0,23.48,10.0,2026-07-14,27000.0,450.0,0.0,5890.91,2700.0,6340.91,2700.0,
353,Marmul Location,35673,MMNW-B4&10-INFILL-OP-03,4500998338,,0.0,0.0,0.0,0.0,0.0,0.0,0.0,0.0,0.0,0.0,0.0,0.0,0.0,0.0,0.0,2027-05-13,27000.0,0.0,0.0,0.0,0.0,0.0,0.0,
357,Marmul Flowline,35846,QAHARIR_QAH_2PUD_AK_OP4,4501008374,,0.0,0.0,0.0,15.75,0.0,3.46,0.0,0.06,0.0,0.02,0.0,19.29,0.0,62.79,0.0,2028-03-26,38400.0,16704.0,0.0,7406.83,0.0,24110.83,0.0,
361,Nimr Flowline,36011,RKDS_2026_OP_LOC12,4501023412-140,WD-3522-36011-FLC-1-L,21.36,4.57,1.04,4.57,0.18,43.26,18.31,1.11,0.0,0.13,0.0,53.64,19.53,74.39,40.9,2026-06-08,82900.0,17200.82,17708.08,44466.59,16194.27,61667.41,33902.35,
365,Nimr Location,36065,NIMRE_2409200041_OP1,4501027662,,0.0,0.0,0.0,0.0,0.0,23.57,0.0,5.0,0.0,29.18,0.0,57.76,0.0,57.76,0.0,2026-07-06,0.0,0.0,0.0,0.0,0.0,0.0,0.0,
369,Nimr Flowline,36073,AMIN_1673188_OP19,4501028206/120,,9.55,2.28,1.64,4.07,0.93,42.06,3.1,16.74,0.0,0.0,0.0,65.14,5.67,72.77,15.22,2028-04-02,46500.0,3544.35,4440.7,30292.15,2637.92,33836.5,7078.62,
373,Nimr Flowline,36093,NIMR-1688,4501025908/150,WD-3522-36093-FLC-1-L,13.83,3.13,0.0,2.9,5.12,49.98,14.63,1.15,0.0,0.49,0.0,57.66,19.75,72.05,33.58,2026-06-05,89900.0,12939.0,12435.23,51836.43,17755.06,64775.42,30190.28,
377,Nimr Location,36109,AMIN-574,4501022672/10,WD-3522-36109-LOC-1-L,53.97,0.0,0.0,0.0,0.0,10.0,0.0,1.35,0.0,0.58,0.0,11.92,0.0,96.92,53.97,2026-04-16,24500.0,20825.0,13223.71,2921.15,0.0,23746.15,13223.71,
381,Nimr Flowline,36345,SAQR_OP_26_LOC5,4501026789,WD-3522-36345-FLC-1-L,29.76,2.38,0.5,2.42,0.0,32.27,6.47,0.65,0.0,0.25,0.0,37.96,6.97,71.32,36.73,2026-05-22,43420.0,14482.58,12922.21,16482.76,3024.41,30965.35,15946.62,
385,Nimr Location,36513,SAQRW_OP_28_LOC7,,,0.0,13.41,11.71,5.19,4.83,5.19,23.58,3.27,0.0,1.07,0.0,28.13,40.12,29.29,40.12,2026-05-20,0.0,0.0,0.0,0.0,0.0,0.0,0.0,
389,Nimr Location,36735,SAQRW_OP_26_LOC1,4501028206/240,WD-3522-36735-LOC-1-L,75.0,1.59,0.0,1.59,0.0,11.57,0.0,1.35,0.0,0.58,0.0,16.68,0.0,98.27,75.0,2026-04-09,1.0,0.82,0.75,0.17,0.0,0.98,0.75,
393,Nimr Location,36737,SAQRW_OP_26_LOC3,4501025317,WD-3522-36737-LOC-1-L,48.99,24.72,21.23,3.22,0.0,13.22,0.0,4.24,0.0,1.98,0.0,47.37,21.23,94.58,70.22,2026-04-23,29000.0,13690.58,14207.4,13736.73,6155.53,27427.31,20362.92,
397,Nimr Flowline,36752,RKDS_2026_OP_LOC21,4501026361/20,,2.07,0.37,2.39,0.87,0.57,39.5,0.08,0.62,0.0,0.26,0.0,41.62,3.04,49.52,5.12,2026-06-07,54900.0,4336.83,1137.21,22848.14,1671.03,27184.97,2808.24,
401,Nimr Location,36754,RAKDS_APP_LOC2,4501023345,WD-3522-36754-LOC-1-L,0.0,0.0,0.0,0.0,0.0,32.86,2.91,5.0,0.0,13.75,0.0,51.61,2.91,51.61,2.91,2026-06-06,29000.0,0.0,0.0,14966.07,843.64,14966.07,843.64,
405,Nimr Flowline,36926,IHSN_2502190007_APP2,,,0.0,0.0,0.0,0.0,0.0,0.0,0.0,0.0,0.0,0.0,0.0,0.0,0.0,0.0,0.0,2026-06-23,0.0,0.0,0.0,0.0,0.0,0.0,0.0,
409,Nimr Flowline,37133,,,,0.0,0.0,0.0,0.0,0.0,51.54,0.0,29.56,0.0,3.8,0.0,84.89,0.0,84.89,0.0,2026-05-10,0.0,0.0,0.0,0.0,0.0,0.0,0.0,
413,Nimr Flowline,37238,RKDS_2026_WI_LOC5,4501025908/140,WD-3522-37238-FLC-1-L,0.0,0.0,0.0,0.0,0.0,21.17,0.0,34.91,0.0,5.91,0.0,61.99,0.0,61.99,0.0,2026-06-18,1.0,0.0,0.0,0.62,0.0,0.62,0.0,
417,Nimr Flowline,37604,ALBRG_1405250004_OP14,,,0.0,0.0,0.0,1.11,3.95,3.39,1.59,3.39,0.0,0.53,0.0,8.42,5.55,8.42,5.55,2026-06-15,0.0,0.0,0.0,0.0,0.0,0.0,0.0,
421,Nimr Location,37606,KMW_AK_APP1,4501028206,,0.0,15.08,14.97,7.08,4.16,31.23,20.92,26.79,0.0,0.0,0.0,80.17,40.06,85.0,40.06,2026-05-21,0.0,0.0,0.0,0.0,0.0,0.0,0.0,
425,Marmul Flowline,37617,RAHAB-254,4501026361,,12.0,0.21,0.0,4.87,0.0,3.21,0.0,18.92,0.0,2.01,0.0,29.22,0.0,70.25,12.0,2026-05-07,18800.0,7714.71,2256.0,5492.92,0.0,13207.63,2256.0,
429,Marmul Flowline,37620,TL_SB_AK_CR_OP_01',,,1.22,3.07,5.94,2.31,2.55,1.31,2.28,1.31,0.0,0.56,0.0,8.55,10.77,9.68,11.99,2026-07-06,70012.0,788.65,854.71,5989.43,7539.32,6778.08,8394.03,
433,Marmul Location,37622,TL_SB_AK_CR_OP_02',4501027901,,43.54,2.5,0.0,35.12,0.0,0.0,0.0,0.0,0.0,0.0,0.0,37.62,0.0,85.0,43.54,2026-05-21,27000.0,12792.86,11756.0,10157.14,0.0,22950.0,11756.0,
437,Marmul Location,37625,RAHAB-252,4501025594,,40.01,2.05,0.0,7.26,0.0,6.85,0.0,1.3,0.0,0.56,0.0,18.01,0.0,100.0,40.01,2026-04-07,27000.0,22523.2,10801.61,4863.16,0.0,27000.0,10801.61,
2,Marmul Conversion with Flowline,664,,,WD-3522-24664-FLC-1-L,3.93,0.59,0.0,21.76,6.17,6.85,11.58,7.56,0.0,1.92,0.0,38.67,17.74,89.48,21.67,2026-05-02,20074.7,10199.05,788.65,7763.39,3561.59,17962.44,4350.24,
6,Marmul Conversion with Flowline,782,,,WD-3522-07825-FLC-1-L,0.0,0.0,0.0,0.0,0.0,0.0,0.0,0.0,0.0,0.0,0.0,0.0,0.0,0.0,0.0,2026-05-02,29296.9,0.0,0.0,0.0,0.0,0.0,0.0,
10,Marmul Conversion with Flowline,1151,,,,22.72,5.59,3.75,3.22,0.37,0.59,0.0,6.3,0.0,1.89,0.0,17.6,4.12,82.36,26.84,2026-05-05,23717.3,15358.79,5387.98,4173.82,978.34,19532.61,6366.32,
14,Marmul SNLP,6581,,,,0.0,0.0,0.0,0.0,0.0,0.0,0.0,0.0,0.0,0.0,0.0,0.0,0.0,0.0,0.0,2026-05-26,5000.0,0.0,0.0,0.0,0.0,0.0,0.0,
18,Marmul Re-Open,8571,,,,32.33,9.78,1.33,3.39,0.0,5.55,0.0,4.47,0.0,1.31,0.0,24.49,1.33,98.7,33.67,2026-04-07,16073.6,11929.07,5197.13,3936.17,214.31,15865.24,5411.45,
22,Nimr Flowline,10239,RKDS_2026_WI_LOC6,4501028206/320,,0.0,0.0,0.0,0.0,0.0,17.23,1.71,26.98,0.0,12.99,0.0,57.2,1.71,57.2,1.71,2026-06-14,111740.0,0.0,0.0,63914.4,1906.84,63914.4,1906.84,
26,Marmul SNLP,11354,,,,0.37,0.0,0.0,11.68,0.0,12.54,0.0,9.34,0.0,2.71,0.0,36.27,0.0,37.5,0.37,2026-05-17,1.0,0.01,0.0,0.36,0.0,0.37,0.0,
30,Nimr Non-Standard Well,12345,,,,0.0,0.0,0.0,0.0,0.0,20.78,0.0,19.38,0.0,13.28,0.0,53.43,0.0,53.43,0.0,2026-06-05,55880.0,0.0,0.0,29858.62,0.0,29858.62,0.0,
34,Nimr SNLP,13840,,,WD-3522-13840-SNL-1-L,0.0,4.3,0.0,2.15,0.0,0.9,0.0,0.9,0.0,0.0,0.0,8.24,0.0,31.0,0.0,2026-03-28,16851.0,3834.86,0.0,1388.95,0.0,5223.81,0.0,
38,Nimr Re-Open without Flowline,18473,,,WD-3522-18473-FLC-1-L,0.0,0.0,0.0,0.0,0.0,69.67,0.0,5.93,0.0,2.4,0.0,77.99,0.0,77.99,0.0,2026-04-16,0.0,0.0,0.0,0.0,0.0,0.0,0.0,
42,Marmul Flowline,23552,RASW_GH_WI_LOC4,4501023499,,8.52,0.5,0.46,5.71,2.39,4.72,0.0,1.67,0.0,0.0,0.0,12.6,2.84,69.71,11.37,2027-10-12,31792.0,18159.29,2709.89,4004.28,903.45,22163.57,3613.34,
46,Marmul Conversion without flowline,24986,,,,0.0,0.0,0.0,31.54,0.0,40.39,0.0,4.5,0.0,1.93,0.0,78.36,0.0,78.36,0.0,2026-04-25,7078.99,0.0,0.0,5547.11,0.0,5547.11,0.0,
50,Marmul Location,25115,RASW_GH_WI_LOC5,,,0.0,0.0,0.0,15.0,0.0,9.55,0.0,37.68,0.0,0.83,0.0,63.06,0.0,63.06,0.0,2027-10-21,27000.0,0.0,0.0,17025.0,0.0,17025.0,0.0,
54,Nimr Flowline,27150,NIMRE_6368431_OP1,4501002693/170,WD-3522-27150-FLC-1-L,0.0,0.78,0.0,0.78,0.0,18.42,0.0,38.39,0.0,0.98,0.0,59.35,0.0,59.35,0.0,2026-07-12,53402.0,0.0,0.0,31691.54,0.0,31691.54,0.0,
58,Marmul Flowline,27630,V_E9SPOT_P281_P,4501019879,,0.0,0.08,0.0,4.53,0.0,4.62,0.0,2.88,0.0,0.0,0.0,12.1,0.0,72.0,0.0,2026-05-14,24104.0,14437.29,0.0,2917.59,0.0,17354.88,0.0,
62,Marmul Flowline,27784,V_5SPOT_P242_P,4501019969,,1.67,0.0,0.0,2.69,0.0,5.26,0.0,0.15,0.0,0.01,0.0,8.1,0.0,55.98,1.67,2026-06-17,18728.0,8966.03,312.13,1517.85,0.0,10483.88,312.13,
66,Marmul Flowline,27790,V_N9SPOT_P263_P,4501021678,,1.67,0.0,0.0,0.0,0.23,0.0,0.95,0.0,0.0,0.0,0.0,0.0,1.18,54.19,2.85,2026-06-08,23096.0,12515.15,384.93,0.0,272.48,12515.15,657.42,
70,Marmul Flowline,27804,V_INJECTOR_264_I,4501021008,,0.0,1.23,0.0,1.05,0.0,3.58,0.0,4.3,0.0,1.84,0.0,12.0,0.0,76.99,0.0,2026-04-26,23040.0,14973.81,0.0,2763.79,0.0,17737.6,0.0,
74,Marmul Flowline,27924,V_5SPOT_P225_P,4501023770,,0.0,0.0,0.0,4.61,0.0,4.62,0.0,4.38,0.0,0.0,0.0,13.6,0.0,67.5,0.0,2026-06-17,23096.0,12447.78,0.0,3142.02,0.0,15589.8,0.0,
78,Marmul Flowline,27934,V_5SPOT_P282_P,,,0.0,0.0,0.0,0.0,0.0,2.65,0.0,4.63,0.0,1.98,0.0,9.26,0.0,78.26,0.0,2026-04-24,21080.0,14545.2,0.0,1952.13,0.0,16497.33,0.0,
82,Marmul Flowline,27941,MARMUL_AK_F_300M_INFILL_55_P,4501021334,,6.67,0.79,0.57,14.33,0.5,12.74,0.0,5.29,0.0,1.94,0.0,35.08,1.07,81.52,7.74,2026-05-02,30124.0,13991.52,2008.27,10566.52,323.62,24558.05,2331.88,
86,Marmul Flowline,27955,V_INJECTOR_340_I,4501021334,,35.83,2.37,0.5,1.87,0.0,1.87,16.18,1.87,0.0,0.8,0.0,8.78,16.68,33.82,52.51,2026-06-14,24440.0,6120.57,8756.21,2144.81,4076.08,8265.39,12832.29,
90,Marmul Flowline,28089,HW_WF_INFILL_PH2_132NW_OP,4501023770,,0.83,1.34,0.23,0.05,0.19,0.05,0.62,0.05,0.0,0.02,0.0,1.52,1.05,2.35,1.88,2026-09-16,38692.0,322.43,322.43,586.71,405.7,909.14,728.14,
94,Marmul Flowline,28094,HW_WF_INFILL_PH2_31SW_OP,4501027110,,3.43,0.0,0.0,0.0,0.4,0.0,21.0,0.0,0.0,0.0,0.0,0.0,21.4,4.76,24.83,2026-06-13,37096.0,1766.48,1272.35,0.0,7938.54,1766.48,9210.89,
98,Marmul Flowline,28098,HW_WF_INFILL_PH2_657SE_OP,4501021334,,34.26,1.77,0.11,6.17,0.0,5.85,0.0,4.12,0.0,1.77,0.0,19.69,0.11,93.52,34.36,2026-04-25,36984.0,27304.17,12670.02,7281.52,39.14,34585.68,12709.15,
102,Marmul Flowline,28102,HW_WF_INFILL_PH2_711SE_OP,4501024216,,0.0,1.91,0.0,10.96,0.0,41.57,0.0,6.72,0.0,0.0,0.0,61.16,0.0,74.33,0.0,2026-08-10,15004.0,1977.2,0.0,9175.78,0.0,11152.97,0.0,
106,Marmul Flowline,28106,MARMUL-1714,4501026951,,13.47,3.93,0.0,15.31,18.91,33.06,0.37,2.38,0.0,0.12,0.0,54.79,19.28,72.06,32.75,2026-06-08,35612.0,6147.31,4796.31,19513.11,6867.56,25660.42,11663.88,
110,Marmul Flowline,28128,HW_WF_INFILL_PH2_890NE_OP,4501027110,,0.0,12.64,15.89,5.92,6.12,0.25,0.0,0.25,0.0,0.11,0.0,19.16,22.0,19.16,22.0,2026-11-07,22088.0,0.0,0.0,4231.73,4859.73,4231.73,4859.73,
114,Marmul Flowline,28132,HW_WF_INFILL_PH2_854NW_OP,4501023770,,3.01,0.06,0.0,27.1,12.65,15.55,0.0,4.56,0.0,1.95,0.0,49.22,12.65,90.8,15.66,2026-04-28,23992.0,9976.59,722.57,11808.41,3035.39,21785.0,3757.96,
118,Marmul Flowline,28136,HW_WF_INFILL_PH2_909NW_OP,,,0.0,0.0,0.0,0.0,0.0,0.0,0.0,0.0,0.0,0.0,0.0,0.0,0.0,0.0,0.0,2026-10-28,31440.0,0.0,0.0,0.0,0.0,0.0,0.0,
122,Marmul Flowline,28140,HW_WF_INFILL_PH2_912SE_OP,4501026789,,1.67,0.0,0.0,0.0,0.0,0.0,0.0,0.0,0.0,0.0,0.0,0.0,0.0,59.0,1.67,2026-09-01,19120.0,11281.71,318.67,0.0,0.0,11281.71,318.67,
126,Marmul Flowline,28340,MMAK_P1_AREA1_OP_3,4501023345,,14.66,0.04,0.0,0.04,0.0,4.04,0.0,4.41,0.0,1.89,0.0,10.42,0.0,92.58,14.66,2026-04-23,42040.0,34541.37,6161.36,4380.33,0.0,38921.71,6161.36,
130,Marmul Flowline,28637,V_N9SPOT_P300_P,4501019969,,0.0,1.03,0.0,2.58,0.0,2.75,0.0,28.74,0.0,18.88,0.0,53.98,0.0,53.98,0.0,2026-07-17,23768.0,0.0,0.0,12829.63,0.0,12829.63,0.0,
134,Marmul Location,28793,30-MMHE_FURTHERDEVT_NCCR_OP1,4501026260,,0.0,1.48,0.0,20.15,0.0,10.15,0.0,7.02,0.0,23.49,0.0,62.29,0.0,62.29,0.0,2026-06-10,27000.0,0.0,0.0,16818.75,0.0,16818.75,0.0,
138,Marmul Flowline,28990,DB_I5_SPOT_EXP_UND_WI9,,,0.0,0.0,0.0,0.0,0.0,0.0,0.0,0.0,0.0,0.0,0.0,0.0,0.0,0.0,0.0,2027-12-18,90900.0,0.0,0.0,0.0,0.0,0.0,0.0,
142,Marmul Flowline,29010,23_MMHE_WF_PHASE2_PREDG1_OP_1,,,0.0,1.23,2.35,0.51,2.4,0.51,1.39,0.51,0.0,0.22,0.0,2.98,6.13,2.98,6.13,2026-07-16,52232.0,0.0,0.0,1556.87,3202.08,1556.87,3202.08,
146,Marmul Flowline,29013,MARMUL-1715,,,0.83,0.27,1.41,0.47,4.52,0.47,2.12,0.47,0.0,0.2,0.0,1.88,8.05,2.72,8.88,2026-07-08,35040.0,292.0,292.0,660.18,2819.4,952.18,3111.39,
150,Marmul Flowline,29037,23_MMHE_WF_PHASE2_PREDG1_OP_2,,,4.35,1.63,0.0,0.06,15.21,0.06,7.67,0.06,0.0,0.03,0.0,1.84,22.88,5.06,27.23,2026-06-17,26808.0,864.55,1165.69,492.91,6133.43,1357.46,7299.12,
154,Marmul Location,29119,MM-AK-P9-INFILL-WI-120,,,0.0,0.0,0.0,0.0,0.0,0.0,10.0,0.0,0.0,0.0,0.0,0.0,10.0,0.0,10.0,2026-10-27,27000.0,0.0,0.0,0.0,2700.0,0.0,2700.0,
158,Marmul Flowline,29198,XXHSAK-95U_HZ_500M_18,,,0.0,0.0,0.0,5.83,0.0,4.17,0.0,0.0,0.0,0.0,0.0,10.0,0.0,10.0,0.0,2031-06-12,90900.0,0.0,0.0,9090.0,0.0,9090.0,0.0,
162,Marmul Location,29224,MDNE_200M_APP_SW_OP1,,,0.0,0.0,0.0,0.0,0.0,0.0,0.0,0.0,0.0,0.0,0.0,0.0,0.0,0.0,0.0,2026-08-30,27000.0,0.0,0.0,0.0,0.0,0.0,0.0,
166,Nimr Flowline,29395,RKDS_2026_OP_LOC13,4501025908/50,WD-3522-29395-FLC-1-L,2.41,4.12,3.88,0.79,1.5,48.71,0.13,13.3,0.0,0.0,0.0,66.92,5.5,71.0,7.91,2026-05-17,29700.0,1213.86,715.76,19873.96,1634.94,21087.83,2350.7,
170,Nimr Location,30355,NIMRG_2205240004_AP1,4501024216-30,WD-3522-30355-LOC-1-L,71.48,0.0,0.0,0.0,0.0,11.35,0.0,1.35,0.0,0.58,0.0,13.27,0.0,98.27,71.48,2026-04-09,29000.0,24650.0,20728.1,3848.08,0.0,28498.08,20728.1,
174,Nimr Flowline,30419,NIMR-1669,4501019630/20,WD-3522-30419-FLC-1-L,0.0,0.67,0.0,0.67,0.0,17.06,0.0,24.12,0.0,0.12,0.0,42.65,0.0,59.6,0.0,2026-05-22,78988.0,13391.62,0.0,33687.51,0.0,47079.13,0.0,
178,Nimr Flowline,30430,NIMR-1683,4501021334/50,WD-3522-30430-FLC-1-L,2.42,0.59,0.0,0.59,0.0,7.84,0.0,26.6,0.0,1.84,0.0,37.46,0.0,57.78,2.42,2026-05-24,111860.0,22727.75,2703.36,41903.68,0.0,64631.44,2703.36,
182,Nimr Flowline,30759,ALBRG_1405250004_OP5,,,0.0,0.0,0.0,0.0,0.0,0.0,0.0,0.0,0.0,0.0,0.0,0.0,0.0,0.0,0.0,2026-07-13,0.0,0.0,0.0,0.0,0.0,0.0,0.0,
186,Nimr Flowline,30854,AMIN_25869179_OP10,4501025908/200,WD-3522-30854-FLC-1-L,32.6,9.49,6.73,11.17,12.3,9.97,0.0,3.3,0.0,1.41,0.0,35.34,19.04,61.52,51.64,2026-05-24,29700.0,7774.63,9682.63,10495.84,5653.99,18270.47,15336.62,
190,Nimr Location,31010,NME_E1_15_OP,4501019593/40,WD-3522-31010-LOC-1-L,4.5,0.0,0.0,0.0,0.0,24.35,0.0,1.35,0.0,0.58,0.0,26.27,0.0,98.27,4.5,2026-04-09,23659.0,17034.48,1064.65,6215.04,0.0,23249.52,1064.65,
194,Nimr Flowline,31210,RKDS_2026_WI_LOC7,4501028206/340,,0.0,0.0,0.0,0.0,1.47,19.31,0.0,52.57,0.0,0.0,0.0,71.88,1.47,71.88,1.47,2026-06-09,48740.0,0.0,0.0,35031.88,718.04,35031.88,718.04,
198,Nimr Location,31247,ALBRG_1405250004_OP6,4501027850/30,,0.0,0.0,0.0,0.0,0.0,25.0,11.18,32.76,0.0,5.92,0.0,63.67,11.18,63.67,11.18,2026-07-10,27253.7,0.0,0.0,17353.38,3046.68,17353.38,3046.68,
202,Nimr Location,31338,ALBRG_1405250004_OP8,4501027850/70,,0.0,0.0,0.0,0.0,0.0,24.55,0.0,23.21,0.0,15.92,0.0,63.67,0.0,63.67,0.0,2026-08-05,29477.6,0.0,0.0,18769.41,0.0,18769.41,0.0,
206,Nimr Location,31340,ALBRG_1405250004_WI4,,WD-3522-31340-LOC-1-L,66.28,0.9,0.0,0.9,0.0,10.9,0.0,1.73,0.0,0.63,0.0,15.05,0.0,96.92,66.28,2026-04-16,29000.0,23742.67,19221.97,4365.02,0.0,28107.69,19221.97,
210,Nimr Flowline,31475,NME_E6_17_PI_2109220030,4501017572/120,WD-3522-31475-FLC-1-L,5.99,0.85,0.0,0.85,0.0,10.12,0.0,22.79,0.0,2.56,0.0,37.17,0.0,59.16,5.99,2026-06-16,77700.0,17089.36,4656.02,28879.44,0.0,45968.8,4656.02,
214,Nimr Flowline,31487,NIMR-1648,4501015384/70,WD-3522-31487-FLC-1-L,0.0,2.04,0.0,2.04,0.0,12.07,0.0,21.15,0.0,2.62,0.0,39.92,0.0,53.76,0.0,2026-06-20,130956.0,18130.35,0.0,52273.37,0.0,70403.72,0.0,
218,Nimr Location,31735,GROWTH NMA-IRS_1,4501019630/50,WD-3522-31735-LOC-1-L,0.0,0.0,0.0,0.0,0.0,35.89,0.0,34.56,0.0,6.5,0.0,76.94,0.0,76.94,0.0,2026-04-09,1.0,0.0,0.0,0.77,0.0,0.77,0.0,
222,Marmul Location,32361,MARMUL NW-63,4501021258,,0.0,0.0,0.0,15.58,0.0,6.35,0.0,1.35,0.0,0.58,0.0,23.85,0.0,98.85,0.0,2026-04-06,27000.0,20250.0,0.0,6438.46,0.0,26688.46,0.0,
226,Marmul Location,32429,MARMUL-1682,4501019443,,11.67,0.0,0.0,6.67,0.0,5.74,0.0,1.3,0.0,0.56,0.0,14.26,0.0,94.26,11.67,2026-04-13,27000.0,21600.0,3150.0,3850.0,0.0,25450.0,3150.0,
230,Marmul Location,32449,QATA-193,4501022933,,0.0,0.12,0.0,7.04,0.0,9.6,0.0,4.6,0.0,1.97,0.0,23.33,0.0,77.73,0.0,2026-04-14,27000.0,14685.94,0.0,6299.86,0.0,20985.8,0.0,
234,Marmul Location,32559,MM_GNR_LG1_DB_OP_2,4501026789,,0.0,20.0,0.0,22.5,0.0,22.5,0.0,0.0,0.0,0.0,0.0,65.0,0.0,85.0,0.0,2026-06-17,27000.0,5400.0,0.0,17550.0,0.0,22950.0,0.0,
238,Marmul Location,32561,MM_GNR_LG1_BB_OP_3 B,4501027967,,0.0,1.56,0.0,33.83,0.0,19.58,0.0,2.92,0.0,0.0,0.0,57.89,0.0,85.0,0.0,2026-06-05,27000.0,7320.0,0.0,15630.0,0.0,22950.0,0.0,
242,Marmul Location,32566,MM-AK-P9-INFILL-OP-65,,,0.0,0.0,0.0,0.0,0.0,0.0,10.0,0.0,0.0,0.0,0.0,0.0,10.0,0.0,10.0,2026-08-22,27000.0,0.0,0.0,0.0,2700.0,0.0,2700.0,
246,Marmul Location,32590,TM_W_OP20,4501021635,,20.09,0.0,0.0,5.56,0.0,6.3,0.0,1.3,0.0,0.56,0.0,13.7,0.0,100.0,20.09,2026-04-07,27000.0,23686.36,5425.03,3700.0,0.0,27000.0,5425.03,
250,Marmul Flowline,32609,RASW_GH_OP_LOC2,,,30.31,1.46,0.0,1.78,0.6,13.19,5.23,6.83,0.0,2.02,0.0,25.29,5.83,90.4,36.14,2026-04-29,18352.0,11949.19,5562.1,4640.88,1069.44,16590.07,6631.54,
254,Nimr Flowline,33061,SAQR_WI_25_LOC1,4500995721/40,WD-3522-33061-FLC-1-L,0.0,0.0,0.0,0.0,0.0,23.42,0.0,41.41,0.0,4.35,0.0,69.19,0.0,69.19,0.0,2026-07-22,33210.5,0.0,0.0,22977.52,0.0,22977.52,0.0,
258,Marmul Location,33093,TM_WEST_I9_200M_OP_13,,,0.0,0.0,0.0,11.36,0.0,3.18,0.0,3.18,0.0,1.36,0.0,19.09,0.0,19.09,0.0,2029-09-13,27000.0,0.0,0.0,5154.55,0.0,5154.55,0.0,
262,Marmul Flowline,33127,QAHARIR EAST_WI_23_LOC1,4500982903,,0.0,0.03,0.34,2.27,0.45,0.27,1.24,0.3,0.0,0.13,0.0,3.0,2.03,64.83,2.03,2026-07-31,49768.0,30773.21,0.0,1493.74,1011.32,32266.96,1011.32,
266,Nimr Flowline,33132,WAHA_IRAD_WI_LOC3,4501002693/140,WD-3522-33132-FLC-1-L,0.0,0.11,0.0,0.11,0.0,15.15,0.0,7.32,0.0,3.73,0.0,26.42,0.0,70.93,0.0,2027-02-03,51953.0,23120.34,0.0,13727.5,0.0,36847.83,0.0,
270,Nimr Flowline,33137,WAHA_IRAD_WI_LOC8,4501001001/230,WD-3522-33137-FLC-3-L,0.0,0.0,0.0,0.0,0.0,20.67,0.0,8.6,0.0,0.0,0.0,29.26,0.0,73.43,0.0,2027-11-03,33053.0,14598.41,0.0,9671.94,0.0,24270.35,0.0,
274,Nimr Location,33145,RAKDS_B_WI_LOC2,4501020771/130,WD-3522-33145-LOC-1-L,54.48,0.0,0.0,0.0,0.0,30.0,0.0,1.35,0.0,0.58,0.0,31.92,0.0,96.92,54.48,2026-04-16,29000.0,18850.0,15799.36,9257.69,0.0,28107.69,15799.36,
278,Nimr Non-Standard Well,33152,TUQAA_PH1_OP_LOC11,4501020771/110,WD-3522-33152-LOC-1-L,8.3,2.95,0.99,2.95,0.13,15.1,0.21,2.16,0.0,20.71,0.0,43.88,1.33,51.59,9.64,2026-10-05,48264.0,3720.45,4008.05,21176.65,643.53,24897.1,4651.58,
282,Marmul Location,33154,THULAILAT_NE_OP_26_LOC1,,,55.77,38.06,21.67,10.06,0.0,9.55,0.0,2.86,0.0,4.29,0.0,64.81,21.67,92.14,77.44,2026-05-13,27000.0,7378.56,15057.72,17500.01,5850.0,24878.57,20907.72,
286,Marmul Location,33244,QATA_SOUTH_EF_2026_LOC1,4501027967,,0.0,1.14,4.17,16.1,15.16,8.45,8.91,9.45,0.0,4.86,0.0,40.0,28.23,40.0,28.23,2026-06-17,27000.0,0.0,0.0,10800.0,7621.63,10800.0,7621.63,
290,Marmul Location,33761,RASW_AK5U_400M_OP_LOC1,4501021765,,0.0,0.0,0.0,17.6,0.0,8.76,0.0,3.76,0.0,1.61,0.0,31.74,0.0,71.74,0.0,2026-04-26,27000.0,10800.0,0.0,8569.25,0.0,19369.25,0.0,
294,Marmul Flowline,33776,RA-USI-204,,,0.0,0.0,0.0,7.45,0.0,14.23,0.0,26.79,0.0,9.42,0.0,57.89,0.0,57.89,0.0,2027-08-13,89584.0,0.0,0.0,51857.27,0.0,51857.27,0.0,
298,Marmul Flowline,34074,HW_WF_INFILL_PH2_861SE_OP,,,0.0,0.0,0.0,7.71,0.0,31.44,0.0,30.04,0.0,3.52,0.0,72.71,0.0,72.71,0.0,2026-06-03,36956.0,0.0,0.0,26870.09,0.0,26870.09,0.0,
302,Nimr Flowline,34357,ALBRG_1405250004_OP3,4501028206,,0.0,0.0,0.0,0.13,1.77,0.22,0.27,0.22,0.0,0.09,0.0,0.66,2.04,0.66,2.04,2026-07-01,48180.0,0.0,0.0,318.17,981.44,318.17,981.44,
306,Nimr Flowline,34424,NIMRE_1509220020_OP1,,,0.0,0.0,0.0,0.0,0.25,0.0,0.98,0.0,0.0,0.0,0.0,0.0,1.23,0.0,1.23,2026-06-25,0.0,0.0,0.0,0.0,0.0,0.0,0.0,
310,Nimr Location,34566,NIMRB_1609240004_OP4,4501027850/110,,0.0,0.0,0.0,0.0,0.0,24.55,0.0,33.21,0.0,5.92,0.0,63.67,0.0,63.67,0.0,2026-10-07,26000.0,0.0,0.0,16555.1,0.0,16555.1,0.0,
314,Marmul Flowline,34880,HW_WF_EXTRA_INFILL_OP8,,,0.0,0.0,0.0,0.0,0.0,0.0,0.0,0.0,0.0,0.0,0.0,0.0,0.0,0.0,0.0,2026-08-18,13184.0,0.0,0.0,0.0,0.0,0.0,0.0,
318,Marmul Flowline,34892,HW_WF_EXTRA_INFILL_OP5,,,0.0,0.0,0.0,0.0,0.0,0.0,0.64,0.0,0.0,0.0,0.0,0.0,0.64,0.0,0.64,2026-06-30,59468.0,0.0,0.0,0.0,383.19,0.0,383.19,
322,Nimr Location,35231,SAQR-27,4501025317,WD-3522-35231-LOC-1-L,72.31,0.92,0.0,0.92,0.0,12.27,0.0,1.61,0.0,0.58,0.0,16.3,0.0,98.27,72.31,2026-04-09,26000.0,21313.16,18799.89,4236.84,0.0,25550.0,18799.89,
326,Marmul Location,35489,ZMD_LG2_NORTH FLANK_OP2,,,10.0,0.0,0.0,0.0,0.0,0.0,0.0,0.0,0.0,0.0,0.0,0.0,0.0,10.0,10.0,2029-11-01,27000.0,2700.0,2700.0,0.0,0.0,2700.0,2700.0,
330,Marmul Location,35493,HSAK-95U_HZ_500M_18,4501022933,,28.7,6.88,5.83,0.21,0.0,0.21,13.33,10.21,0.0,0.09,0.0,17.61,19.17,64.3,47.87,2026-07-13,27000.0,12608.18,7750.19,4753.64,5174.78,17361.82,12924.98,
334,Marmul Location,35495,QATA-192,4501023302,,9.37,0.0,0.0,5.0,0.0,5.74,0.0,1.3,0.0,0.56,0.0,12.59,0.0,94.26,9.37,2026-04-13,27000.0,22050.0,2529.81,3400.0,0.0,25450.0,2529.81,
338,Marmul Flowline,35534,TME_NB_I9_OP_6_CREST,4501026361,,0.83,0.0,0.0,10.13,0.0,11.54,0.0,25.2,0.0,10.48,0.0,57.35,0.0,58.18,0.83,2026-07-06,23364.0,194.7,194.7,13398.14,0.0,13592.84,194.7,
342,Marmul Flowline,35592,TME_NB_I9_OP_1_FLANK,4501026361,,0.83,0.0,0.0,0.0,0.0,0.0,0.0,0.0,0.0,0.0,0.0,0.0,0.0,0.83,0.83,2026-08-03,59988.0,499.9,495.93,0.0,0.0,499.9,495.93,
346,Marmul Flowline,35608,MDNE_200M_SE_OP6,4501019249,,10.53,0.0,0.0,4.63,0.9,1.88,2.76,0.0,0.0,0.0,0.0,6.5,3.66,64.43,14.18,2026-05-31,54472.0,31557.45,5734.42,3540.68,1991.67,35098.13,7726.09,
350,Marmul Flowline,35671,TM_WEST_AK_DEV_OP_2,,,0.0,0.0,0.0,0.0,0.0,0.0,0.0,0.0,0.0,0.0,0.0,0.0,0.0,0.0,0.0,2027-03-03,90900.0,0.0,0.0,0.0,0.0,0.0,0.0,
354,Nimr Flowline,35797,SAQR_OP_25_LOC3,4500995721,WD-3522-35797-FLC-1-L,24.14,0.25,0.0,0.25,0.0,4.0,0.0,4.0,0.0,0.29,0.0,8.78,0.0,82.25,24.14,2026-05-16,49874.0,36641.94,12038.25,4380.32,0.0,41022.26,12038.25,
358,Marmul Location,35846,QAHARIR_QAH_2PUD_AK_OP4,4501011624,,0.0,0.0,0.0,0.0,0.0,0.0,0.0,0.0,0.0,0.0,0.0,0.0,0.0,10.0,0.0,2028-03-11,27000.0,2700.0,0.0,0.0,0.0,2700.0,0.0,
362,Marmul Flowline,36034,TME_AK_HZ_OP_2,,,0.83,0.0,0.0,0.0,0.0,0.0,0.0,0.0,0.0,0.0,0.0,0.0,0.0,0.83,0.83,2026-07-23,56852.0,473.77,473.77,0.0,0.0,473.77,473.77,
366,Nimr Location,36066,NME_E804_APR1,4501027662,,0.0,0.0,0.0,0.0,0.0,23.57,0.0,5.0,0.0,19.18,0.0,47.76,0.0,47.76,0.0,2026-07-23,0.0,0.0,0.0,0.0,0.0,0.0,0.0,
370,Nimr Location,36073,AMIN_1673188_OP19,4501025594/40,WD-3522-36073-LOC-1-L,52.52,23.25,22.14,1.11,0.0,10.32,0.0,0.0,0.0,0.0,0.0,34.68,22.14,95.0,74.66,2028-03-17,29000.0,17492.06,15230.26,10057.94,6421.43,27550.0,21651.69,
374,Nimr Flowline,36106,AMIN_1673188_OP31,4501028206/170,,5.93,5.0,3.74,4.82,1.82,29.97,0.14,26.66,0.0,0.0,0.0,66.45,5.71,71.98,11.64,2026-05-27,43700.0,2416.29,2592.07,29039.38,2493.22,31455.68,5085.28,
378,Nimr Flowline,36124,NIMR-1690,4501025908/220,WD-3522-36124-FLC-1-L,9.75,2.26,0.83,2.45,1.44,47.04,5.57,8.14,0.0,0.12,0.0,60.01,7.84,71.79,17.59,2026-06-23,46500.0,5477.19,4531.82,27905.38,3647.52,33382.57,8179.34,
382,Nimr Location,36345,SAQR_OP_26_LOC5,4501022061/20,WD-3522-36345-LOC-1-L,28.33,0.0,0.0,0.0,0.0,10.0,0.0,1.35,0.0,0.58,0.0,11.92,0.0,96.92,28.33,2026-04-16,29000.0,24650.0,8216.67,3457.69,0.0,28107.69,8216.67,
386,Marmul Flowline,36578,THULAILAT_NE_OP_26_LOC3,,,0.0,1.25,0.0,6.01,0.0,16.69,0.0,34.63,0.0,9.17,0.0,67.75,0.0,67.75,0.0,2026-06-13,38232.0,0.0,0.0,25902.18,0.0,25902.18,0.0,
390,Nimr Flowline,36736,SAQRW_OP_26_LOC2,,,6.08,1.28,0.98,1.28,0.0,5.56,0.0,1.28,0.0,0.55,0.0,9.94,0.98,13.36,7.06,2026-06-16,47900.0,1639.49,2910.67,4760.56,470.45,6400.05,3381.12,
394,Nimr Flowline,36738,SAQRW_OP_27_LOC1,4501028206,,0.0,0.17,1.31,0.89,0.65,0.89,2.81,0.89,0.0,0.38,0.0,3.22,4.77,3.22,4.77,2026-06-13,0.0,0.0,0.0,0.0,0.0,0.0,0.0,
398,Nimr Flowline,36753,RAKDS_APP_LOC1,4501028206,,0.0,0.0,0.0,0.0,0.0,0.0,0.0,0.0,0.0,0.0,0.0,0.0,0.0,0.0,0.0,2026-06-16,77580.0,0.0,0.0,0.0,0.0,0.0,0.0,
402,Nimr Flowline,36755,RAKDS_APP_LOC3,4501028206/350,,0.0,0.0,0.0,0.0,0.0,36.99,0.0,22.51,0.0,0.0,0.0,59.5,0.0,59.5,0.0,2026-06-23,57140.0,0.0,0.0,33998.3,0.0,33998.3,0.0,
406,Nimr Location,36926,IHSN_2502190007_APP2,4501027632,,13.67,28.47,27.09,7.2,12.82,31.13,0.0,0.0,0.0,0.0,0.0,66.81,39.91,85.0,53.58,2030-06-14,26000.0,4730.56,3554.89,17369.44,10375.55,22100.0,13930.44,
410,Nimr Flowline,37225,RKDS_2026_OP_LOC6,4501023412-150,WD-3522-37225-FLC-1-L,5.29,2.93,1.42,5.38,3.87,35.65,2.46,11.15,0.0,0.26,0.0,55.36,7.75,62.91,13.04,2026-06-05,68900.0,5203.44,3643.23,38142.42,5342.19,43345.87,8985.42,
414,Marmul Location,37477,QAH_EXTENDED_BETA_HAIMA_OP1,,,0.0,0.0,0.0,12.5,0.0,5.83,0.0,10.24,0.0,28.72,0.0,57.29,0.0,57.29,0.0,2026-08-10,27000.0,0.0,0.0,15468.75,0.0,15468.75,0.0,
418,Nimr Location,37604,ALBRG_1405250004_OP14,4501023451/70,WD-3522-37604-LOC-1-L,36.16,21.5,21.5,0.0,0.0,56.19,0.0,1.35,0.0,0.58,0.0,79.62,21.5,97.12,57.66,2026-04-15,38385.0,6717.38,13880.41,30560.37,8252.78,37277.74,22133.19,
422,Nimr Location,37607,KMW_AK_APP2,4501028206,,0.0,0.0,0.0,0.0,0.0,23.57,14.17,5.0,0.0,29.18,0.0,57.76,14.17,57.76,14.17,2026-06-07,0.0,0.0,0.0,0.0,0.0,0.0,0.0,
426,Marmul Location,37617,RAHAB-254,4501026260,,35.66,37.47,29.8,25.65,0.0,6.46,0.0,2.81,0.0,1.2,0.0,73.6,29.8,92.94,65.47,2026-04-25,27000.0,5223.21,9628.91,19870.69,8047.06,25093.91,17675.97,
430,Marmul Location,37620,TL_SB_AK_CR_OP_01',4501026789,,36.76,2.54,0.0,36.96,10.0,0.0,2.56,6.67,0.0,3.33,0.0,49.5,12.56,95.0,49.32,2026-05-06,27000.0,12284.56,9924.59,13365.44,3390.53,25650.0,13315.12,
434,Marmul Flowline,37624,RA_LG.2_OP_117,4501026734,,0.0,2.88,0.0,3.82,0.0,6.28,0.0,6.7,0.0,0.94,0.0,20.61,0.0,82.86,0.0,2026-05-27,92804.0,57769.03,0.0,19126.49,0.0,76895.52,0.0,
438,Marmul Location,37695,RASW_AK_OP_LOC1,,,0.0,0.0,0.0,13.0,8.97,7.56,10.58,3.89,0.0,1.67,0.0,26.11,19.55,26.11,19.55,2026-06-14,27000.0,0.0,0.0,7050.0,5279.49,7050.0,5279.49,
3,Marmul Conversion with Flowline,685,,,WD-3522-24685-FLC-1-L,0.0,0.0,0.0,23.54,0.0,40.48,0.0,18.73,0.0,1.89,0.0,84.65,0.0,84.65,0.0,2026-05-04,37014.7,0.0,0.0,31334.16,0.0,31334.16,0.0,
7,Marmul Conversion with Flowline,787,,,WD-3522-07787-FLC-1-L,0.0,0.0,0.0,24.04,0.0,29.16,1.25,25.8,0.0,1.89,0.0,80.89,1.25,80.89,1.25,2026-05-06,30000.0,0.0,0.0,24267.59,375.0,24267.59,375.0,
11,Nimr SNLP,2918,,,WD-3522-02918-SNL-1-L,11.5,3.24,0.0,1.52,0.0,0.9,0.0,0.51,0.0,0.0,0.0,6.17,0.0,34.5,11.5,2026-03-25,1.0,0.28,0.11,0.06,0.0,0.34,0.11,
15,Marmul SNLP,7384,,,,0.0,0.0,0.0,4.5,0.0,27.5,0.0,19.68,0.0,1.77,0.0,53.45,0.0,53.45,0.0,2026-05-07,5000.0,0.0,0.0,2672.28,0.0,2672.28,0.0,
19,Marmul Re-Open,8572,,,,6.92,4.17,0.67,69.5,0.0,10.29,0.0,5.46,0.0,2.34,0.0,91.76,0.67,95.93,7.58,2026-04-13,22231.0,926.29,1537.64,20399.0,148.21,21325.29,1685.85,
23,Nimr SNLP,10475,,,WD-3522-10475-SNL-1-L,0.0,4.3,0.0,2.15,0.0,0.9,0.0,0.9,0.0,0.0,0.0,8.24,0.0,28.0,0.0,2026-03-28,16000.0,3161.2,0.0,1318.8,0.0,4480.0,0.0,
27,Marmul SNLP,11371,,,,9.72,0.62,0.0,8.36,0.0,8.47,0.0,23.65,0.0,10.11,0.0,51.21,0.0,60.81,9.72,2026-06-03,87766.0,8424.33,8527.93,44944.79,0.0,53369.12,8527.93,
31,Nimr SNLP,12798,,,WD-3522-12798-SNL-1-L,13.0,3.53,0.0,1.73,0.0,0.9,0.0,0.64,0.0,0.0,0.0,6.8,0.0,34.5,13.0,2026-03-26,1.0,0.28,0.13,0.07,0.0,0.34,0.13,
35,Marmul SNLP,16427,,,,0.0,0.0,0.0,0.0,0.0,0.0,0.0,0.0,0.0,0.0,0.0,0.0,0.0,0.0,0.0,2026-06-10,5000.0,0.0,0.0,0.0,0.0,0.0,0.0,
39,Nimr Conversion without flowline,18649,,,,33.98,3.38,0.0,1.57,0.0,0.92,0.0,0.53,0.0,0.0,0.0,6.4,0.0,100.0,33.98,2026-03-25,16629.0,15564.6,5650.08,1064.4,0.0,16629.0,5650.08,
43,Marmul Location,23552,RASW_GH_WI_LOC4,4501021765,,1.67,0.12,0.0,0.12,0.0,0.12,0.0,0.12,0.0,0.05,0.0,0.54,0.0,58.23,1.67,2026-05-27,27000.0,15574.74,450.0,146.84,0.0,15721.58,450.0,
47,Marmul Flowline,25029,DB_I5_SPOT_EXP_UND_WI1,,,0.0,0.0,0.0,0.0,0.0,0.0,0.0,0.0,0.0,0.0,0.0,0.0,0.0,0.0,0.0,2027-12-29,90900.0,0.0,0.0,0.0,0.0,0.0,0.0,
51,Nimr Flowline,27131,NIMR-1673,4501023821,WD-3522-27131-FLC-1-L,2.56,1.22,0.0,1.22,0.0,6.39,0.0,13.29,0.0,2.85,0.0,24.97,0.0,57.05,2.56,2026-07-18,141260.0,45317.89,3613.82,35273.46,0.0,80591.34,3613.82,
55,Nimr Flowline,27365,AMIN-580,4501028206/110,,13.1,4.25,4.76,5.24,6.51,41.08,24.55,0.84,0.0,1.48,0.0,52.88,35.82,64.07,48.93,2026-05-19,46500.0,5203.26,6093.68,24588.71,16657.77,29791.97,22751.45,
59,Marmul Flowline,27778,V_E9SPOT_P265_P,4501019969,,0.0,0.46,0.0,0.46,0.0,0.46,0.0,0.46,0.0,0.2,0.0,2.03,0.0,82.32,0.0,2026-05-31,20408.0,16386.87,0.0,413.64,0.0,16800.5,0.0,
63,Marmul Flowline,27786,V_E9SPOT_P262_P,4501019879,,10.0,0.0,0.0,0.0,0.0,0.0,0.0,0.0,0.0,0.0,0.0,0.0,0.0,55.0,10.0,2026-06-05,23096.0,12702.8,2309.6,0.0,0.0,12702.8,2309.6,
67,Marmul Flowline,27792,V_E9SPOT_P261_P,4501021058,,2.43,5.3,5.0,12.36,14.0,10.4,0.0,0.0,0.0,0.0,0.0,28.07,19.0,68.33,21.43,2026-05-22,25896.0,10427.25,628.98,7268.35,4920.24,17695.6,5549.22,
71,Marmul Flowline,27805,V_INJECTOR_278_I,4501023876,,0.96,2.97,1.26,0.16,5.01,0.16,2.69,0.16,0.0,0.07,0.0,3.53,8.95,5.01,9.91,2026-06-30,21416.0,317.42,206.06,755.52,1916.49,1072.93,2122.55,
75,Marmul Flowline,27926,V_5SPOT_P187_P,4501015846,,0.0,0.38,0.0,0.27,0.0,4.84,0.0,4.63,0.0,1.98,0.0,12.11,0.0,94.08,0.0,2026-04-22,18056.0,14800.37,0.0,2187.35,0.0,16987.72,0.0,
79,Marmul Flowline,27935,MARMUL-1671,4501019546,,0.0,0.0,0.0,0.4,0.0,2.3,0.0,4.5,0.0,1.93,0.0,9.14,0.0,75.86,0.0,2026-04-25,26848.0,17914.33,0.0,2452.6,0.0,20366.93,0.0,
83,Marmul Flowline,27948,V_5SPOT_P301_P,4501021058,,0.0,0.0,0.0,0.0,0.0,0.0,0.0,0.0,0.0,0.0,0.0,0.0,0.0,84.75,0.0,2026-05-31,23880.0,20238.3,0.0,0.0,0.0,20238.3,0.0,
87,Marmul Flowline,28069,MARMUL-1707,4501021334,,0.0,12.11,0.0,17.7,0.0,13.13,0.0,1.75,0.0,2.43,0.0,47.12,0.0,81.11,0.0,2026-05-12,18588.0,6317.46,0.0,8759.15,0.0,15076.61,0.0,
91,Marmul Flowline,28090,HW_WF_INFILL_PH2_132SE_OP,,,0.0,0.0,0.0,0.0,0.0,0.0,0.0,0.0,0.0,0.0,0.0,0.0,0.0,0.0,0.0,2026-09-21,26652.0,0.0,0.0,0.0,0.0,0.0,0.0,
95,Marmul Flowline,28095,HW_WF_INFILL_PH2_515NE_OP,,,0.0,0.0,0.0,8.42,0.0,30.62,0.0,29.96,0.0,2.38,0.0,71.38,0.0,71.38,0.0,2026-10-18,14864.0,0.0,0.0,10609.18,0.0,10609.18,0.0,
99,Marmul Flowline,28099,MARMUL-1720,,,0.5,0.0,0.0,12.31,5.71,56.86,0.31,13.67,0.0,1.89,0.0,84.73,6.03,86.89,6.53,2026-05-06,28192.0,610.83,140.96,23885.76,1699.14,24496.58,1840.1,
103,Marmul Flowline,28103,HW_WF_INFILL_PH2_711SW_OP,4501024216,,0.0,0.0,0.0,8.65,0.0,11.7,0.0,28.32,0.0,0.0,0.0,48.67,0.0,74.33,0.0,2026-08-14,18168.0,4662.25,0.0,8842.63,0.0,13504.88,0.0,
107,Marmul Flowline,28107,HW_WF_INFILL_PH2_754SE_OP,,,7.8,6.84,10.3,7.63,9.37,6.52,22.15,2.07,0.0,0.89,0.0,23.96,41.82,31.65,49.62,2026-06-14,35976.0,2767.02,2807.77,8618.28,15044.46,11385.3,17852.23,
111,Marmul Flowline,28129,HW_WF_INFILL_PH2_890SW_OP,,,0.0,0.4,0.4,0.0,7.5,0.0,3.67,10.0,0.0,0.0,0.0,10.4,11.57,10.4,11.57,2026-06-19,23572.0,0.0,0.0,2451.49,2726.49,2451.49,2726.49,
115,Marmul Flowline,28133,MARMUL-1698,4501021868,,28.62,0.63,0.0,0.5,0.0,3.34,0.0,4.63,0.0,1.98,0.0,11.09,0.0,93.42,28.62,2026-04-23,24832.0,20444.6,7106.45,2753.97,0.0,23198.56,7106.45,
119,Marmul Flowline,28137,HW_WF_INFILL_PH2_909SW_OP,4501026789,,0.0,1.0,0.0,0.0,0.0,0.0,0.0,0.0,0.0,0.0,0.0,1.0,0.0,20.0,0.0,2026-10-22,22984.0,4366.96,0.0,229.84,0.0,4596.8,0.0,
123,Marmul Flowline,28141,HW_WF_INFILL_PH2_912SW_OP,4501023770,,0.0,0.19,0.0,0.19,0.0,0.19,0.0,0.19,0.0,0.08,0.0,0.85,0.0,13.57,0.0,2026-09-06,23208.0,2950.52,0.0,197.65,0.0,3148.17,0.0,
127,Marmul Location,28340,MMAK_P1_AREA1_OP_3,4501019100,,0.0,0.0,0.0,0.0,0.0,0.0,0.0,0.0,0.0,0.0,0.0,0.0,0.0,96.67,0.0,2026-02-04,27000.0,26100.0,0.0,0.0,0.0,26100.0,0.0,
131,Marmul Flowline,28638,V_E9SPOT_P322_P,4501019546,,0.0,0.0,0.0,6.23,0.0,2.92,0.0,3.35,0.0,1.28,0.0,13.77,0.0,76.33,0.0,2026-04-29,28638.0,17915.46,0.0,3944.29,0.0,21859.75,0.0,
135,Marmul Location,28820,MMNW-B6-2PUD-OP-01,4501022633,,0.0,0.0,0.0,16.88,0.0,9.38,0.0,5.73,0.0,1.86,0.0,33.84,0.0,33.84,0.0,2026-04-27,27000.0,0.0,0.0,9136.96,0.0,9136.96,0.0,
139,Marmul Location,28990,DB_I5_SPOT_EXP_UND_WI9,,,0.0,0.0,0.0,0.0,0.0,0.0,0.0,0.0,0.0,0.0,0.0,0.0,0.0,0.0,0.0,2027-12-01,27000.0,0.0,0.0,0.0,0.0,0.0,0.0,
143,Marmul Location,29010,23_MMHE_WF_PHASE2_PREDG1_OP_1,4501026734,,4.44,0.0,0.0,14.29,7.45,33.21,7.5,27.5,0.0,0.0,0.0,75.0,14.95,85.0,19.4,2026-06-27,27000.0,2700.0,1200.0,20250.0,4036.76,22950.0,5236.76,
147,Marmul Location,29013,MARMUL-1715,4501026734,,0.0,20.54,0.0,31.91,0.0,8.81,0.0,1.67,0.0,0.1,0.0,63.04,0.0,91.32,0.0,2026-07-02,27000.0,7635.06,0.0,17020.41,0.0,24655.47,0.0,
151,Marmul Location,29037,23_MMHE_WF_PHASE2_PREDG1_OP_2,4501026734,,0.0,10.09,0.0,14.81,0.0,6.48,0.0,53.61,0.0,0.0,0.0,85.0,0.0,85.0,0.0,2026-05-24,27000.0,0.0,0.0,22950.0,0.0,22950.0,0.0,
155,Marmul Location,29120,MM-AK-P9-INFILL-WI-84,,,0.0,0.0,0.0,0.0,0.0,0.0,10.0,0.0,0.0,0.0,0.0,0.0,10.0,0.0,10.0,2026-11-05,27000.0,0.0,0.0,0.0,2700.0,0.0,2700.0,
159,Marmul Location,29198,XXHSAK-95U_HZ_500M_18,,,0.0,0.0,0.0,5.56,0.0,6.3,0.0,1.3,0.0,0.56,0.0,13.7,0.0,13.7,0.0,2031-02-26,27000.0,0.0,0.0,3700.0,0.0,3700.0,0.0,
163,Nimr Flowline,29389,RKDS_2026_OP_LOC15,4501025908/70,WD-3522-29389-FLC-1-L,6.58,3.63,0.97,2.82,1.41,42.14,1.29,6.13,0.0,4.61,0.0,59.32,3.67,73.01,10.25,2026-05-25,63300.0,8663.48,4164.16,37550.6,2322.37,46214.08,6486.53,
167,Nimr Flowline,29396,RKDS_2026_OP_LOC14,4501025908/60,WD-3522-29396-FLC-1-L,2.18,3.37,1.5,6.39,2.31,45.02,1.65,11.13,0.0,0.0,0.0,65.91,5.47,73.38,7.64,2026-05-24,71700.0,5355.35,1560.04,47256.51,3919.94,52611.87,5479.98,
171,Nimr Flowline,30356,NIMRG_2205240004_AP2,4501028206/150,WD-3522-30356-FLC-1-L,5.8,1.09,0.24,1.17,0.84,11.17,0.11,1.17,0.0,0.5,0.0,15.11,1.19,18.06,6.99,2026-06-25,75088.0,2220.76,4354.41,11343.41,895.82,13564.17,5250.23,
175,Nimr Flowline,30422,NIMR-1681,4501023821/60,WD-3522-30422-FLC-1-L,8.86,1.8,0.0,1.8,0.0,17.74,0.0,28.13,0.0,2.58,0.0,52.04,0.0,60.13,8.86,2026-05-16,103600.0,8390.63,9175.37,53909.15,0.0,62299.78,9175.37,
179,Nimr Location,30749,AL BURJ-275,4501020023/30,WD-3522-30749-LOC-1-L,59.34,0.0,0.0,0.0,0.0,10.0,0.0,1.35,0.0,0.58,0.0,11.92,0.0,96.92,59.34,2026-04-16,29000.0,24650.0,17209.02,3457.69,0.0,28107.69,17209.02,
183,Nimr Location,30759,ALBRG_1405250004_OP5,4501027850,,0.0,0.0,0.0,8.33,8.02,16.21,12.6,33.21,0.0,5.92,0.0,63.67,20.62,63.67,20.62,2026-06-28,28173.8,0.0,0.0,17939.24,5808.45,17939.24,5808.45,
187,Nimr Location,30854,AMIN_25869179_OP10,4501024216/10,WD-3522-30854-LOC-1-L,0.0,0.0,0.0,0.0,0.0,29.36,0.0,1.61,0.0,0.58,0.0,31.55,0.0,98.27,0.0,2026-04-09,26000.0,17345.71,0.0,8204.29,0.0,25550.0,0.0,
191,Nimr Location,31082,NIMRE_2309210072_OP1,4501029843,,0.0,0.0,0.0,0.0,3.66,18.47,3.75,43.29,0.0,19.25,0.0,81.01,7.41,81.01,7.41,2026-06-07,0.0,0.0,0.0,0.0,0.0,0.0,0.0,
195,Nimr Flowline,31243,ALBRG_1405250004_WI3,4501023821/90,WD-3522-31243-FLC-1-L,38.08,11.29,10.12,2.74,0.0,23.9,0.0,1.67,0.0,0.63,0.0,40.22,10.12,77.38,48.2,2026-06-02,32500.0,12077.52,12376.05,13071.21,3287.92,25148.73,15663.97,
199,Nimr Flowline,31337,ALBRG_1405250004_OP7,,,0.0,0.0,0.0,0.0,0.0,0.0,0.0,0.0,0.0,0.0,0.0,0.0,0.0,0.0,0.0,2026-08-07,0.0,0.0,0.0,0.0,0.0,0.0,0.0,
203,Nimr Flowline,31339,ALBRG_1405250004_OP1,4501028206/180,,8.37,2.67,3.69,2.72,1.07,36.13,4.94,15.49,0.0,9.68,0.0,66.69,9.69,74.18,18.06,2026-05-22,74500.0,5582.08,6233.8,49680.95,7219.77,55263.04,13453.57,
207,Nimr Location,31377,AMIN-576,4501021868/70,WD-3522-31377-LOC-1-L,70.61,0.74,0.0,0.74,0.0,10.11,0.0,1.35,0.0,0.58,0.0,13.51,0.0,96.92,70.61,2026-04-16,35000.0,29193.18,24713.56,4729.9,0.0,33923.08,24713.56,
211,Nimr Flowline,31482,NIMR-1668,4501017572/150,WD-3522-31482-FLC-1-L,5.08,0.41,0.0,0.41,0.0,5.9,0.0,21.84,0.0,3.07,0.0,31.63,0.0,52.94,5.08,2026-07-20,136360.0,29054.58,6922.8,43127.74,0.0,72182.32,6922.8,
215,Nimr Flowline,31488,NME_E1_12_PI_2109220030,4501016705/80,WD-3522-31488-FLC-1-L,2.32,1.6,0.35,1.6,0.0,7.44,0.0,12.41,0.0,6.3,0.0,29.35,0.35,49.5,2.67,2026-06-05,178640.0,35991.17,4149.76,52437.31,628.48,88428.48,4778.24,
219,Nimr Flowline,31830,NIMR-1684,4501026789/260,WD-3522-31830-FLC-1-L,34.52,2.82,0.22,2.6,0.83,31.55,1.35,11.65,0.0,1.27,0.0,49.88,2.41,84.7,36.93,2026-05-10,59940.0,20868.94,20692.59,29898.56,1441.89,50767.5,22134.48,
223,Marmul Flowline,32428,DB_I9_SPOT_EXP_CR_OP5,,,0.0,0.0,0.0,0.0,0.0,0.0,0.0,0.0,0.0,0.0,0.0,0.0,0.0,0.0,0.0,2028-03-23,90900.0,0.0,0.0,0.0,0.0,0.0,0.0,
227,Marmul Flowline,32430,MARMUL-1673,4501023345,,43.13,0.98,0.0,0.98,0.0,3.36,0.0,4.63,0.0,1.98,0.0,11.94,0.0,92.14,43.13,2026-04-23,27200.0,21812.78,11730.79,3248.3,0.0,25061.08,11730.79,
231,Marmul Location,32516,MM-AK-P9-INFILL-OP-64,,,0.0,0.0,0.0,0.0,10.0,0.0,0.0,0.0,0.0,0.0,0.0,0.0,10.0,0.0,10.0,2026-10-11,27000.0,0.0,0.0,0.0,2700.0,0.0,2700.0,
235,Marmul Flowline,32560,MM_GNR_LG2_AB_OP_4,,,7.15,1.67,3.74,1.78,7.99,1.78,2.44,1.78,0.0,0.76,0.0,7.78,14.16,12.11,21.31,2026-08-06,82500.0,3575.25,5897.39,6415.04,11685.33,9990.29,17582.72,
239,Marmul Flowline,32563,MDNE_LG2_HZ_APP_OP1,,,0.0,0.0,0.0,3.62,0.0,16.36,0.0,22.8,0.0,10.65,0.0,53.43,0.0,53.43,0.0,2026-10-12,90900.0,0.0,0.0,48571.95,0.0,48571.95,0.0,
243,Marmul Location,32567,MM-AK-P9-INFILL-OP-66,,,0.0,0.0,0.0,0.0,10.0,0.0,0.0,0.0,0.0,0.0,0.0,0.0,10.0,0.0,10.0,2026-08-30,27000.0,0.0,0.0,0.0,2700.0,0.0,2700.0,
247,Marmul Flowline,32603,TM_W_WI13,4501019779,,0.0,0.06,0.0,0.04,0.0,4.63,0.0,4.63,0.0,1.67,0.0,11.03,0.0,85.93,0.0,2026-04-21,49152.0,36815.81,0.0,5421.73,0.0,42237.54,0.0,
251,Marmul Location,32609,RASW_GH_OP_LOC2,,,54.42,2.06,1.79,17.9,1.9,6.79,0.0,2.53,0.0,1.08,0.0,30.35,3.69,85.82,58.11,2026-05-17,27000.0,14974.29,14693.72,8195.8,996.43,23170.08,15690.15,
255,Marmul Flowline,33092,HSAK-95U_HZ_500M_13,,,0.0,0.0,0.0,0.0,0.0,0.0,0.0,0.0,0.0,0.0,0.0,0.0,0.0,0.0,0.0,2029-03-08,90900.0,0.0,0.0,0.0,0.0,0.0,0.0,
259,Marmul Flowline,33096,QATA-189,,,0.0,0.0,0.0,0.0,0.0,2.65,0.0,4.63,0.0,1.98,0.0,9.26,0.0,92.76,0.0,2026-04-24,49264.0,41135.44,0.0,4562.13,0.0,45697.57,0.0,
263,Marmul Location,33127,QAHARIR EAST_WI_23_LOC1,4500981256,,0.0,0.0,0.0,22.0,0.0,7.0,0.0,1.0,0.0,0.0,0.0,30.0,0.0,87.73,0.0,2026-07-19,27000.0,15586.36,0.0,8100.0,0.0,23686.36,0.0,
267,Nimr Location,33132,WAHA_IRAD_WI_LOC3,4500991922/90,WD-3522-33132-LOC-1-L,0.0,0.0,0.0,0.0,0.0,24.17,0.0,22.21,0.0,16.99,0.0,63.37,0.0,63.37,0.0,2027-01-17,25310.7,0.0,0.0,16038.72,0.0,16038.72,0.0,
271,Nimr Flowline,33140,MISBAH_LG3_OP_LOC4,4501028206/360,,0.0,0.0,0.0,0.0,0.0,25.06,0.0,36.82,0.0,0.86,0.0,62.74,0.0,62.74,0.0,2026-07-04,50420.0,0.0,0.0,31633.82,0.0,31633.82,0.0,
275,Nimr Location,33151,TUQAA-23,4501020771/90,WD-3522-33151-LOC-1-L,25.0,0.0,0.0,0.0,0.0,10.0,0.0,1.35,0.0,0.58,0.0,11.92,0.0,96.92,25.0,2026-04-16,29000.0,24650.0,7250.0,3457.69,0.0,28107.69,7250.0,
279,Nimr Location,33153,TUQAA_PH1_OP_LOC12,4501020771-70,WD-3522-33153-LOC-1-L,46.47,0.0,0.0,0.0,0.0,22.5,0.0,0.0,0.0,0.0,0.0,22.5,0.0,85.0,46.47,2026-09-30,29000.0,18125.0,13475.75,6525.0,0.0,24650.0,13475.75,
283,Nimr Flowline,33217,RKDS_2026_OP_LOC19,4501023345-80,WD-3522-33217-FLC-1-L,5.18,3.79,4.63,7.16,3.75,26.8,0.13,11.08,0.0,0.7,0.0,49.53,8.51,57.05,13.69,2026-06-15,80100.0,6020.57,4145.69,39677.01,6816.35,45697.57,10962.04,
287,Marmul Flowline,33760,RASW_GH_WI_LOC2,4501023499,,10.56,1.33,1.94,5.04,0.0,1.64,0.0,3.57,0.0,0.0,0.0,11.58,1.94,74.08,12.51,2026-05-14,25408.0,15881.03,2684.02,2942.06,494.12,18823.09,3178.14,
291,Marmul Location,33766,TME_AK_HZ_OP_3,,,0.0,0.0,0.0,0.0,0.0,0.0,0.0,0.0,0.0,0.0,0.0,0.0,0.0,0.0,0.0,2026-11-22,27000.0,0.0,0.0,0.0,0.0,0.0,0.0,
295,Marmul Flowline,33777,RA_LG.2_WI_129,,,0.0,0.0,0.0,0.0,0.0,0.0,0.0,0.0,0.0,0.0,0.0,0.0,0.0,0.0,0.0,2027-09-08,77544.0,0.0,0.0,0.0,0.0,0.0,0.0,
299,Marmul Flowline,34075,HW_WF_INFILL_PH2_861SW_OP,,,0.0,0.0,0.0,0.0,0.83,14.14,4.72,38.07,0.0,11.79,0.0,64.0,5.56,64.0,5.56,2026-06-08,44544.0,0.0,0.0,28508.16,2474.48,28508.16,2474.48,
303,Nimr Location,34357,ALBRG_1405250004_OP3,4501022933/80,WD-3522-34357-LOC-1-L,35.0,7.13,2.21,11.63,9.75,30.03,0.0,0.0,0.0,0.0,0.0,48.78,11.96,85.0,46.96,2026-06-02,27590.4,9992.3,9656.64,13459.54,3300.49,23451.84,12957.13,
307,Nimr Location,34424,NIMRE_1509220020_OP1,4501027632/70,WD-3522-34424-LOC-1-L,38.22,8.29,9.61,26.98,25.48,11.88,0.0,0.0,0.0,0.0,0.0,47.14,35.08,85.0,73.3,2026-05-16,26000.0,9842.86,9936.5,12257.14,9121.39,22100.0,19057.9,
311,Nimr Location,34568,NIMRB_1609240004_OP5,4501027632/10,,0.0,0.0,0.0,0.0,0.0,24.55,0.0,23.21,0.0,15.92,0.0,63.67,0.0,63.67,0.0,2026-10-18,26000.0,0.0,0.0,16555.1,0.0,16555.1,0.0,
315,Marmul Flowline,34881,HW_WF_EXTRA_INFILL_OP9,,,0.0,0.0,0.0,0.0,0.0,0.0,0.0,0.0,0.0,0.0,0.0,0.0,0.0,0.0,0.0,2026-08-24,21304.0,0.0,0.0,0.0,0.0,0.0,0.0,
319,Marmul Flowline,34894,HW_WF_EXTRA_INFILL_OP7,,,0.0,0.0,0.0,0.0,0.0,0.0,0.83,0.0,0.0,0.0,0.0,0.0,0.83,0.0,0.83,2026-07-07,74280.0,0.0,0.0,0.0,619.0,0.0,619.0,
323,Marmul Location,35486,ZMD_LG1_SOUTH FLANK_OP2,,,10.0,0.51,6.0,0.9,1.05,0.9,1.05,0.9,0.0,0.38,0.0,3.59,8.1,13.59,18.1,2029-09-11,27000.0,2700.0,2700.0,969.23,2187.23,3669.23,4887.23,
327,Marmul Flowline,35492,QATA-194,4501023302,,0.51,1.8,0.0,6.75,0.0,13.96,0.0,4.5,0.0,1.93,0.0,28.93,0.0,89.07,0.51,2026-04-27,44784.0,26932.72,227.47,12954.61,0.0,39887.33,227.47,
331,Marmul Flowline,35494,I5_2_OP_147,4501023302,,5.24,4.45,3.24,8.27,18.89,16.67,14.68,34.73,0.0,4.92,0.0,69.04,36.81,69.75,42.05,2029-12-08,47164.0,336.04,2471.39,32560.85,17360.87,32896.89,19832.26,
335,Marmul Flowline,35500,MDNE_200M_SE_OP2,4501019779,,16.69,0.09,0.75,5.28,0.0,3.81,0.34,1.66,0.0,0.0,0.0,10.83,1.09,60.5,17.79,2027-08-17,38176.0,18960.75,6371.66,4135.73,417.96,23096.48,6789.63,
339,Marmul Location,35534,TME_NB_I9_OP_6_CREST,4501026734,,0.0,0.0,0.0,11.36,0.0,3.18,0.0,3.18,0.0,1.36,0.0,19.09,0.0,19.09,0.0,2026-06-30,27000.0,0.0,0.0,5154.55,0.0,5154.55,0.0,
343,Marmul Location,35592,TME_NB_I9_OP_1_FLANK,4501026260,,0.0,0.0,0.0,0.0,0.0,2.61,0.0,3.04,0.0,1.3,0.0,6.96,0.0,16.96,0.0,2026-07-27,27000.0,2700.0,0.0,1878.26,0.0,4578.26,0.0,
347,Marmul Location,35608,MDNE_200M_SE_OP6,4501008561,,0.0,1.27,0.0,11.15,0.0,5.44,0.0,6.92,0.0,0.0,0.0,24.77,0.0,87.73,0.0,2026-05-12,27000.0,16997.72,0.0,6688.65,0.0,23686.36,0.0,
351,Marmul Location,35671,TM_WEST_AK_DEV_OP_2,4500996791,,0.0,0.0,0.0,0.0,0.0,0.0,0.0,0.0,0.0,0.0,0.0,0.0,0.0,0.0,0.0,2027-02-15,27000.0,0.0,0.0,0.0,0.0,0.0,0.0,
355,Marmul Flowline,35842,TME_AK_HZ_WI_1,,,0.0,0.0,0.0,0.0,0.0,0.0,0.0,0.0,0.0,0.0,0.0,0.0,0.0,0.0,0.0,2026-12-26,90900.0,0.0,0.0,0.0,0.0,0.0,0.0,
359,Marmul Location,35847,QAHARIR_QAH_2PUD_AK_OP3,4501007918,,0.0,0.0,0.0,0.0,0.0,0.0,0.0,0.0,0.0,0.0,0.0,0.0,0.0,0.0,0.0,2028-03-28,27000.0,0.0,0.0,0.0,0.0,0.0,0.0,
363,Marmul Location,36034,TME_AK_HZ_OP_2,4501025594,,0.0,0.0,0.0,11.36,0.0,3.18,0.0,3.18,0.0,1.36,0.0,19.09,0.0,19.09,0.0,2026-07-15,27000.0,0.0,0.0,5154.55,0.0,5154.55,0.0,
367,Nimr Flowline,36072,AMIN-578,4501025908/190,WD-3522-36072-FLC-1-L,20.5,12.27,18.21,12.5,15.78,21.15,0.0,6.98,0.0,1.04,0.0,53.93,33.99,75.44,54.49,2026-06-17,62460.0,13433.01,12803.95,33687.66,21228.95,47120.67,34032.9,
371,Nimr Flowline,36074,AMIN_AN_CS_6,4501028206/140,,3.79,2.93,0.97,3.03,4.02,27.84,2.69,19.81,0.0,0.0,0.0,53.62,7.68,61.45,11.47,2027-01-11,108100.0,8458.35,4093.15,57963.96,8301.2,66422.3,12394.35,
375,Nimr Location,36106,AMIN_1673188_OP31,4501023451/50,WD-3522-36106-LOC-1-L,41.23,6.4,2.5,8.9,9.98,25.56,0.0,0.0,0.0,5.0,0.0,45.86,12.48,90.0,53.7,2026-05-05,29000.0,12800.85,11955.36,13299.15,3619.03,26100.0,15574.39,
379,Nimr Flowline,36125,NIMR-1685,,WD-3522-36125-FLC-1-L,9.37,3.17,0.0,3.17,5.81,52.12,24.23,14.01,0.0,1.92,0.0,74.39,30.04,86.52,39.41,2026-05-06,46501.0,5638.69,4358.36,34593.58,13969.79,40232.27,18328.16,
383,Nimr Flowline,36494,SAQR-25,4501021921,WD-3522-36494-FLC-1-L,40.35,0.45,0.0,0.45,0.0,1.76,0.0,0.31,0.0,0.13,0.0,3.11,0.0,72.13,40.35,2026-06-13,44928.3,31008.76,18130.6,1397.28,0.0,32406.04,18130.6,
387,Marmul Location,36578,THULAILAT_NE_OP_26_LOC3,,,10.0,0.0,0.0,75.0,28.33,0.0,18.53,0.0,0.0,0.0,0.0,75.0,46.87,85.0,56.87,2026-06-04,27000.0,2700.0,2700.0,20250.0,12653.64,22950.0,15353.64,
391,Nimr Location,36736,SAQRW_OP_26_LOC2,,WD-3522-36736-LOC-1-L,72.86,1.52,0.0,1.52,0.0,22.63,0.0,3.01,0.0,0.56,0.0,29.25,0.0,97.96,72.86,2026-04-11,1.0,0.69,0.73,0.29,0.0,0.98,0.73,
395,Nimr Location,36738,SAQRW_OP_27_LOC1,4501026789,WD-3522-36738-LOC-1-L,21.29,27.39,24.5,2.89,0.0,16.41,21.5,11.67,0.0,5.0,0.0,63.35,46.0,91.67,67.29,2026-05-07,26000.0,7362.11,5536.36,16471.23,11960.0,23833.33,17496.36,
399,Nimr Location,36753,RAKDS_APP_LOC1,4501023345,WD-3522-36753-LOC-1-L,48.92,0.0,0.0,0.0,0.0,20.0,0.0,0.0,0.0,0.0,0.0,20.0,0.0,85.0,48.92,2026-05-27,29000.0,18850.0,14188.17,5800.0,0.0,24650.0,14188.17,
403,Nimr Flowline,36925,IHSN_2502190007_APP3,,,0.0,0.0,0.0,0.0,0.0,0.0,0.0,0.0,0.0,0.0,0.0,0.0,0.0,0.0,0.0,2026-07-10,0.0,0.0,0.0,0.0,0.0,0.0,0.0,
407,Nimr Flowline,36927,IHSN_2502190007_APP1,,,0.0,0.0,0.0,0.13,1.19,0.22,6.58,0.22,0.0,0.09,0.0,0.66,7.77,0.66,7.77,2026-07-04,0.0,0.0,0.0,0.0,0.0,0.0,0.0,
411,Nimr Flowline,37236,RKDS_2026_WI_LOC3,4501025908/110,WD-3522-37236-FLC-1-L,0.0,0.0,0.0,0.0,0.0,20.76,0.0,27.13,0.0,13.09,0.0,60.98,0.0,60.98,0.0,2026-06-01,80940.0,0.0,0.0,49357.98,0.0,49357.98,0.0,
415,Nimr Flowline,37603,ALBRG_1405250004_OP13,4501025908/210,WD-3522-37603-FLC-1-L,8.08,11.44,10.27,3.78,2.4,28.46,14.56,10.1,0.0,0.02,0.0,53.81,27.23,68.17,35.31,2026-06-11,80660.0,11581.66,6517.54,43401.57,21962.3,54983.23,28479.83,
419,Nimr Flowline,37605,ALBRG_1405250004_OP15,4501028206/130,,3.67,3.08,1.84,1.16,1.14,0.99,1.45,0.99,0.0,0.42,0.0,6.64,4.43,12.42,8.11,2026-06-14,53220.0,3073.31,1955.14,3535.53,2358.55,6608.84,4313.7,
423,Marmul Flowline,37616,RAHAB-253,4501026984,,16.98,3.79,0.37,16.13,6.29,3.09,0.51,11.72,0.0,1.96,0.0,36.69,7.18,85.33,24.16,2026-05-09,33836.0,16457.09,5745.17,12413.61,2429.14,28870.7,8174.31,
427,Marmul Flowline,37619,RA_LG.2_WI_126,,,0.0,0.0,0.0,0.0,0.0,0.0,0.0,0.0,0.0,0.0,0.0,0.0,0.0,0.0,0.0,2026-08-26,90900.0,0.0,0.0,0.0,0.0,0.0,0.0,
431,Marmul Location,37621,TL_N2_AK_CR_OP_07',,,0.0,0.0,0.0,15.0,0.0,12.14,0.0,37.02,0.0,16.94,0.0,81.11,0.0,81.11,0.0,2027-04-20,27000.0,0.0,0.0,21900.0,0.0,21900.0,0.0,
435,Marmul Location,37624,RA_LG.2_OP_117,4501025594,,39.47,0.79,0.0,6.34,0.0,6.72,0.0,1.3,0.0,0.56,0.0,15.7,0.0,100.0,39.47,2026-04-07,27000.0,23147.78,10656.05,4238.59,0.0,27000.0,10656.05,
439,Nimr Location,37797,AL BURJ_26_MC_OP3,4501029843,,2.29,17.49,11.96,6.54,26.67,40.05,6.41,25.48,0.0,0.19,0.0,89.75,45.05,95.19,47.34,2026-04-26,0.0,0.0,0.0,0.0,0.0,0.0,0.0,
4,Marmul Conversion without flowline,726,,,WD-3522-27269-FLC-1-L,0.0,0.0,0.0,28.25,3.33,33.68,1.5,4.5,0.0,1.93,0.0,68.36,4.83,68.36,4.83,2026-04-25,30912.8,0.0,0.0,21132.03,1494.12,21132.03,1494.12,
8,Marmul Conversion without flowline,900,,,,7.97,0.0,0.0,6.68,0.0,4.41,0.0,4.41,0.0,1.01,0.0,16.52,0.0,71.73,7.97,2026-04-19,38882.1,21466.16,3099.98,6424.27,0.0,27890.43,3099.98,
12,Nimr SNLP,5087,,,WD-3522-05087-SNL-1-L,12.02,2.94,0.0,1.31,0.0,0.9,0.0,0.38,0.0,0.0,0.0,5.54,0.0,34.5,12.02,2026-03-24,16851.0,4880.02,2024.93,933.57,0.0,5813.59,2024.93,
16,Marmul Conversion without flowline,7583,,,,0.0,0.0,0.0,38.21,0.0,33.72,0.0,4.5,0.0,1.93,0.0,78.36,0.0,78.36,0.0,2026-04-25,5000.0,0.0,0.0,3918.01,0.0,3918.01,0.0,
20,Marmul SNLP,8615,,,,3.83,7.91,7.97,26.77,5.83,22.86,0.0,6.53,0.0,3.84,0.0,67.91,13.8,69.0,17.63,2026-05-14,5000.0,54.29,191.58,3395.71,690.01,3450.0,881.59,
24,Marmul SNLP,10495,,,,0.0,0.0,0.0,0.0,0.0,0.0,0.0,0.0,0.0,0.0,0.0,0.0,0.0,0.0,0.0,2026-06-01,5000.0,0.0,0.0,0.0,0.0,0.0,0.0,
28,Nimr SNLP,11763,,,,0.0,4.3,0.0,2.15,0.0,0.9,0.0,0.9,0.0,0.0,0.0,8.24,0.0,31.0,0.0,2026-03-28,16000.0,3641.2,0.0,1318.8,0.0,4960.0,0.0,
32,Marmul Conversion with Flowline,13398,,,,0.0,0.0,0.0,0.0,0.0,0.0,0.0,0.0,0.0,0.0,0.0,0.0,0.0,0.0,0.0,2026-04-23,19879.5,0.0,0.0,0.0,0.0,0.0,0.0,
36,Marmul Conversion with Flowline,16707,,,,11.8,0.67,0.0,7.87,0.0,2.8,0.0,0.08,0.0,0.04,0.0,11.46,0.0,77.29,11.8,2026-07-31,61101.2,40218.24,7209.94,7004.26,0.0,47222.5,7209.94,
40,Marmul Conversion with Flowline,19912,,,,7.06,10.34,9.63,4.15,0.0,1.49,0.0,5.15,0.0,3.48,0.0,24.61,9.63,82.76,16.68,2026-05-07,108542.0,63119.55,7662.55,26711.24,10447.17,89830.79,18109.72,
44,Nimr Flowline,24665,ALBRG_1405250004_OP4,,WD-3522-24665-FLC-1-L,0.0,0.0,0.0,0.0,0.0,0.0,0.0,0.0,0.0,0.0,0.0,0.0,0.0,0.0,0.0,2026-06-30,0.0,0.0,0.0,0.0,0.0,0.0,0.0,
48,Marmul Location,25029,DB_I5_SPOT_EXP_UND_WI1,,,0.0,0.0,0.0,0.0,0.0,0.0,0.0,0.0,0.0,0.0,0.0,0.0,0.0,0.0,0.0,2027-12-12,27000.0,0.0,0.0,0.0,0.0,0.0,0.0,
52,Nimr Flowline,27132,NM-A_PI14,,WD-3522-27132-FLC-1-L,4.55,0.38,0.0,0.38,0.0,21.17,0.0,21.63,0.0,0.55,0.0,44.12,0.0,57.86,4.55,2026-05-27,79044.0,10860.31,3594.62,34870.62,0.0,45730.93,3594.62,
56,Nimr Location,27365,AMIN-580,4501023451/30,WD-3522-27365-LOC-1-L,65.71,0.0,0.0,0.0,0.0,29.36,0.0,1.61,0.0,0.58,0.0,31.55,0.0,98.27,65.71,2026-04-09,29165.0,19457.22,19165.38,9203.0,0.0,28660.22,19165.38,
60,Marmul Flowline,27780,V_N9SPOT_P281_P,4501021405,,17.14,1.62,1.04,2.97,0.0,3.61,0.0,12.53,0.0,1.91,0.0,22.64,1.04,78.91,18.17,2026-05-12,29984.0,16872.48,5138.33,6789.16,311.13,23661.64,5449.45,
64,Marmul Flowline,27788,V_E9SPOT_P225_P,,,0.0,0.0,0.0,3.44,0.0,5.65,0.0,4.51,0.0,0.0,0.0,13.6,0.0,67.5,0.0,2026-06-11,21416.0,11542.33,0.0,2913.47,0.0,14455.8,0.0,
68,Marmul Flowline,27796,V_E9SPOT_P303_P,4501020075,,0.0,0.05,0.0,3.38,0.0,1.96,0.0,4.5,0.0,1.93,0.0,11.83,0.0,75.86,0.0,2026-04-25,17048.0,10916.57,0.0,2016.07,0.0,12932.64,0.0,
72,Marmul Flowline,27812,V_E9SPOT_P168_P,,,0.0,1.0,0.0,5.55,0.0,8.47,0.0,5.33,0.0,0.0,0.0,20.36,0.0,71.38,0.0,2026-07-12,27464.0,14011.54,0.0,5590.89,0.0,19602.43,0.0,
76,Marmul Flowline,27927,V_N9SPOT_P206_P,4501021868,,0.0,0.0,0.0,0.0,0.0,0.0,0.0,0.0,0.0,0.0,0.0,0.0,0.0,59.12,0.0,2026-07-23,13688.0,8092.22,0.0,0.0,0.0,8092.22,0.0,
80,Marmul Flowline,27939,V_E9SPOT_P321_P,4501019546,,17.37,0.14,0.0,3.97,0.0,0.77,0.0,4.72,0.0,2.02,0.0,11.63,0.0,74.92,17.37,2026-04-26,28472.0,18021.17,4947.01,3311.19,0.0,21332.36,4947.01,
84,Marmul Flowline,27949,V_5SPOT_P260_P,4501021405,,0.0,3.37,0.0,18.62,0.0,28.56,0.0,8.58,0.0,1.85,0.0,60.98,0.0,76.5,0.0,2026-05-19,35500.0,5507.91,0.0,21649.59,0.0,27157.5,0.0,
88,Marmul Flowline,28070,HW_WF_INFILL_PH2_856NE_OP,4501023770,,0.0,5.67,0.0,6.86,0.0,13.01,0.0,0.85,0.0,0.01,0.0,26.4,0.0,64.28,0.0,2026-06-06,28136.0,10658.18,0.0,7428.18,0.0,18086.36,0.0,
92,Marmul Flowline,28092,HW_WF_INFILL_PH2_31NE_OP,,,0.0,0.0,0.0,0.0,0.0,0.0,0.0,0.0,0.0,0.0,0.0,0.0,0.0,0.0,0.0,2026-10-03,50200.0,0.0,0.0,0.0,0.0,0.0,0.0,
96,Marmul Flowline,28096,HW_WF_INFILL_PH2_515NW_OP,,,0.0,0.0,0.0,0.0,0.0,0.0,0.0,0.0,0.0,0.0,0.0,0.0,0.0,0.0,0.0,2026-10-13,16880.0,0.0,0.0,0.0,0.0,0.0,0.0,
100,Marmul Flowline,28100,HW_WF_INFILL_PH2_711NE_OP,4501023770,,0.0,0.9,0.0,9.95,0.0,11.34,0.0,20.05,0.0,0.04,0.0,42.27,0.0,61.59,0.0,2026-08-02,18896.0,3650.91,0.0,7987.2,0.0,11638.11,0.0,
104,Marmul Flowline,28104,HW_WF_INFILL_PH2_745NE_OP,4501023770,,18.82,10.74,7.5,14.04,11.5,16.88,0.0,5.27,0.0,4.16,0.0,51.09,19.0,73.28,37.82,2026-05-24,42808.0,9498.72,8057.91,21871.23,8133.52,31369.95,16191.43,
108,Marmul Flowline,28108,HW_WF_INFILL_PH2_854NE_OP,4501021334,,0.0,6.55,0.0,24.83,0.0,19.26,0.0,7.51,0.0,1.89,0.0,60.04,0.0,86.65,0.0,2026-05-04,25644.0,6824.0,0.0,15397.36,0.0,22221.37,0.0,
112,Marmul Flowline,28130,HW_WF_INFILL_PH2_893NE_OP,,,0.0,4.16,1.92,10.88,10.71,32.11,10.3,30.37,0.0,6.13,0.0,83.65,22.92,83.65,22.92,2026-05-10,26064.0,0.0,0.0,21801.45,5974.74,21801.45,5974.74,
116,Marmul Flowline,28134,HW_WF_INFILL_PH2_893SW_OP,4501023770,,37.53,0.75,0.0,8.51,0.0,3.81,0.0,4.41,0.0,1.89,0.0,19.38,0.0,95.09,37.53,2026-04-23,23768.0,17995.76,8919.58,4605.35,0.0,22601.11,8919.58,
120,Marmul Flowline,28138,HW_WF_INFILL_PH2_912NE_OP,4501023770,,0.0,0.0,0.0,3.59,0.0,14.99,0.0,0.0,0.0,0.0,0.0,18.58,0.0,70.25,0.0,2026-08-19,17636.0,9111.93,0.0,3277.36,0.0,12389.29,0.0,
124,Marmul Flowline,28145,HW_WF_INFILL_PH2_132SW_C_WI,4501026951,,0.0,0.0,0.0,0.0,0.0,0.0,0.0,0.0,0.0,0.0,0.0,0.0,0.0,0.0,0.0,2026-10-09,34744.0,0.0,0.0,0.0,0.0,0.0,0.0,
128,Nimr Flowline,28353,RKDS_2026_OP_LOC17,4501023345/70,WD-3522-28353-FLC-1-L,16.64,6.94,4.21,5.38,1.31,23.09,2.94,13.98,0.0,3.14,0.0,52.53,8.46,73.5,25.09,2026-06-04,66100.0,13863.01,10997.12,34720.49,5589.51,48583.5,16586.62,
132,Marmul Flowline,28640,V_E9SPOT_P282_P,4501019546,,0.0,0.0,0.0,0.0,0.0,2.3,0.0,4.5,0.0,1.93,0.0,8.74,0.0,85.86,0.0,2026-04-25,38160.0,29430.9,0.0,3333.33,0.0,32764.23,0.0,
136,Marmul Flowline,28840,TM_W_WI19,4501019779,,25.25,0.66,0.0,0.66,0.0,0.51,0.0,0.23,0.0,0.02,0.0,2.08,0.0,82.71,25.25,2026-05-09,73120.0,58955.89,18461.17,1518.96,0.0,60474.85,18461.17,
140,Marmul Flowline,29008,MDNE_200M_SE_OP1,4501019818,,14.57,0.0,0.0,5.41,0.0,4.06,0.0,0.0,0.0,0.0,0.0,9.47,0.0,70.78,14.57,2026-06-22,30112.0,18460.33,4386.55,2852.28,0.0,21312.6,4386.55,
144,Marmul Flowline,29012,30-MMHE_FURTHERDEVT_NCCR_OP2,,,0.0,0.87,1.33,0.04,1.41,0.04,13.11,0.04,0.0,0.02,0.0,1.01,15.85,1.01,15.85,2026-08-11,50272.0,0.0,0.0,509.79,7968.23,509.79,7968.23,
148,Marmul Location,29029,MM-AK-P9-INFILL-OP-67,,,0.0,0.0,0.0,0.0,10.0,17.0,0.0,5.5,0.0,1.5,0.0,24.0,10.0,24.0,10.0,2026-09-07,27000.0,0.0,0.0,6480.0,2700.0,6480.0,2700.0,
152,Marmul Flowline,29107,RA-USI-205,,,0.0,0.0,0.0,0.0,0.0,0.0,0.0,0.0,0.0,0.0,0.0,0.0,0.0,0.0,0.0,2027-08-21,90900.0,0.0,0.0,0.0,0.0,0.0,0.0,
156,Marmul Flowline,29191,MM_GNR_LG2_AB_OP_2,,,2.45,0.67,1.37,1.1,4.72,1.1,5.41,1.1,0.0,0.47,0.0,4.44,11.5,9.33,13.95,2026-07-20,80764.0,3942.05,1977.44,3589.45,9289.54,7531.5,11266.97,
160,Marmul Flowline,29213,25_MAUW_PHASE1_2PUD_OP_6,4501011624,,0.0,0.0,0.0,1.15,0.0,6.95,0.0,2.06,0.0,0.0,0.0,10.17,0.0,63.5,0.0,2026-11-19,31456.0,16776.53,0.0,3198.03,0.0,19974.56,0.0,
164,Nimr Flowline,29390,RKDS_2026_WI_LOC8,4501024483-130,WD-3522-29390-FLC-1-L,12.66,13.46,14.89,6.79,17.82,29.07,0.0,1.76,0.0,0.22,0.0,51.3,32.71,70.2,45.37,2026-07-28,71700.0,13552.46,9076.8,36779.78,23453.11,50332.24,32529.91,
168,Nimr Flowline,30326,,,WD-3522-30326-FLC-1-L,0.0,0.0,0.0,0.0,0.0,0.0,0.0,0.0,0.0,0.0,0.0,0.0,0.0,0.0,0.0,2026-05-16,0.0,0.0,0.0,0.0,0.0,0.0,0.0,
172,Nimr Location,30356,NIMRG_2205240004_AP2,4501024216-50,WD-3522-30356-LOC-1-L,74.86,0.96,0.0,0.96,0.0,13.53,0.0,1.3,0.0,0.56,0.0,17.3,0.0,97.96,74.86,2026-04-11,0.0,0.0,0.0,0.0,0.0,0.0,0.0,
176,Nimr Flowline,30423,NM-A_PI23,4501020390/10,WD-3522-30423-FLC-1-L,4.72,0.42,0.0,0.42,0.0,22.99,0.0,19.31,0.0,1.8,0.0,44.94,0.0,58.69,4.72,2026-12-14,117740.0,16188.8,5558.12,52915.59,0.0,69104.4,5558.12,
180,Nimr Flowline,30750,ALBRG_1405250004_WI2,4501023821/70,WD-3522-30750-FLC-1-L,7.52,2.17,0.0,2.17,0.0,19.65,0.0,3.81,0.0,0.13,0.0,27.93,0.0,80.58,7.52,2026-05-25,49300.0,25954.67,3708.38,13770.98,0.0,39725.65,3708.38,
184,Nimr Flowline,30789,NIMR-1659,4501014869/50,WD-3522-30789-FLC-1-L,0.0,0.0,0.0,0.0,0.0,0.0,0.0,0.0,0.0,0.0,0.0,0.0,0.0,83.33,0.0,2025-11-05,32423.0,27019.17,0.0,0.0,0.0,27019.17,0.0,
188,Nimr Flowline,31008,NME_E1_13_PI_2109220030,4501017572/160,WD-3522-31008-FLC-1-L,0.0,1.58,0.0,2.1,0.0,8.03,0.0,11.52,0.0,0.93,0.0,24.17,0.0,46.87,0.0,2026-10-30,175728.0,39885.62,0.0,42480.98,0.0,82366.6,0.0,
192,Marmul Flowline,31138,MDSW_EF_26_LOC1,,,3.63,10.31,12.28,9.52,2.42,4.59,0.0,4.72,0.0,2.02,0.0,31.17,14.7,89.92,18.33,2026-04-26,31960.0,18775.07,1160.33,9962.1,4698.12,28737.17,5858.45,
196,Nimr Location,31243,ALBRG_1405250004_WI3,4501020023/70,WD-3522-31243-LOC-1-L,72.5,0.73,0.0,0.73,0.0,10.1,0.0,1.35,0.0,0.58,0.0,13.49,0.0,96.92,72.5,2026-04-16,29000.0,24196.88,21026.37,3910.82,0.0,28107.69,21026.37,
200,Nimr Location,31337,ALBRG_1405250004_OP7,4501027850,,0.0,0.0,0.0,0.0,0.0,24.55,0.0,33.21,0.0,5.92,0.0,63.67,0.0,63.67,0.0,2026-07-23,28231.7,0.0,0.0,17976.1,0.0,17976.1,0.0,
204,Nimr Location,31339,ALBRG_1405250004_OP1,4501022933/20,WD-3522-31339-LOC-1-L,65.69,0.0,0.0,0.0,0.0,10.0,0.0,0.0,0.0,0.0,0.0,10.0,0.0,93.5,65.69,2026-05-08,29000.0,24215.0,19049.86,2900.0,0.0,27115.0,19049.86,
208,Nimr Flowline,31382,AMIN-579,4501027850/130,,20.6,8.12,6.51,14.25,19.0,21.24,0.55,1.96,0.0,5.22,0.0,50.8,26.05,67.25,46.66,2026-06-21,75760.0,12465.43,15609.26,38486.83,19738.74,50952.26,35348.0,
212,Nimr Flowline,31484,NME_E1_10_PI_2109220030,4501017572/70,WD-3522-31484-FLC-1-L,0.0,1.29,0.0,1.29,0.0,4.06,0.0,22.01,0.0,5.0,0.0,33.66,0.0,51.21,0.0,2026-07-06,139440.0,24472.34,0.0,46938.46,0.0,71410.8,0.0,
216,Nimr Flowline,31489,NME_E1_14_PI_2109220030,4501019299/100,WD-3522-31489-FLC-1-L,15.68,1.85,0.0,1.85,0.0,4.2,0.0,17.74,0.0,3.09,0.0,28.73,0.0,53.9,15.68,2026-11-08,173180.0,43602.42,27146.12,49746.41,0.0,93348.83,27146.12,
220,Marmul Re-Open,32257,MARMUL NW-57,,,0.0,6.25,6.0,70.42,0.0,11.46,0.0,5.46,0.0,2.34,0.0,95.93,6.0,95.93,6.0,2026-04-13,18000.0,0.0,0.0,17266.67,1080.0,17266.67,1080.0,
224,Marmul Location,32428,DB_I9_SPOT_EXP_CR_OP5,,,0.0,0.0,0.0,0.0,0.0,0.0,0.0,0.0,0.0,0.0,0.0,0.0,0.0,0.0,0.0,2028-03-07,27000.0,0.0,0.0,0.0,0.0,0.0,0.0,
228,Marmul Location,32430,MARMUL-1673,4501019100,,0.0,0.0,0.0,0.0,0.0,0.0,0.0,0.0,0.0,0.0,0.0,0.0,0.0,96.67,0.0,2026-02-13,27000.0,26100.0,0.0,0.0,0.0,26100.0,0.0,
232,Marmul Location,32517,MM-AK-P9-INFILL-OP-78,,,0.0,0.0,0.0,0.0,0.0,0.0,10.0,0.0,0.0,0.0,0.0,0.0,10.0,0.0,10.0,2026-10-19,27000.0,0.0,0.0,0.0,2700.0,0.0,2700.0,
236,Marmul Location,32560,MM_GNR_LG2_AB_OP_4,4501027901,,0.0,0.71,0.0,29.77,0.0,7.5,0.0,0.0,0.0,0.0,0.0,37.98,0.0,85.0,0.0,2026-07-21,27000.0,12695.13,0.0,10254.87,0.0,22950.0,0.0,
240,Marmul Location,32563,MDNE_LG2_HZ_APP_OP1,,,0.0,0.0,0.0,0.0,0.0,0.0,0.0,0.0,0.0,0.0,0.0,0.0,0.0,0.0,0.0,2026-09-26,27000.0,0.0,0.0,0.0,0.0,0.0,0.0,
244,Marmul Location,32588,THAMOUD-100,4501021008,,29.99,0.0,0.0,0.0,0.0,0.0,0.0,0.0,0.0,0.0,0.0,0.0,0.0,100.0,29.99,2026-02-19,27000.0,27000.0,8098.27,0.0,0.0,27000.0,8098.27,
248,Marmul Flowline,32608,RASW_GH_OP_LOC1,4501026734,,17.85,17.9,11.84,24.3,2.9,6.73,0.5,5.49,0.0,1.89,0.0,56.31,15.24,84.61,33.09,2026-05-05,77824.0,22025.5,13893.96,43825.03,11859.34,65850.53,25753.29,
252,Marmul Flowline,32610,RASW_GH_WI_LOC3,4501022633,,12.31,2.38,1.8,2.56,2.37,4.28,0.45,0.8,0.0,0.0,0.0,10.01,4.62,70.71,16.93,2026-05-30,38820.0,23566.98,4777.63,3884.31,1793.41,27451.29,6571.05,
256,Marmul Location,33092,HSAK-95U_HZ_500M_13,4501006581,,0.0,0.0,0.0,0.0,0.0,0.0,0.0,0.0,0.0,0.0,0.0,0.0,0.0,0.0,0.0,2029-02-21,27000.0,0.0,0.0,0.0,0.0,0.0,0.0,
260,Marmul Flowline,33097,QATA-190,4501019879,,0.0,0.05,0.0,4.04,0.0,4.47,0.0,4.63,0.0,1.98,0.0,15.18,0.0,94.08,0.0,2026-04-22,27200.0,21462.92,0.0,4127.8,0.0,25590.72,0.0,
264,Marmul Flowline,33128,QAHARIR EAST_WI_23_LOC2,4500985645,,0.0,0.0,0.0,4.0,0.0,6.04,0.0,0.13,0.0,0.0,0.0,10.17,0.0,71.0,0.0,2026-08-14,41872.0,25472.13,0.0,4256.99,0.0,29729.12,0.0,
268,Nimr Flowline,33135,WAHA_GH_WI_LOC1,4501002693/190,WD-3522-33135-FLC-1-L,0.0,0.0,0.0,0.0,0.0,19.6,0.0,5.16,0.0,12.42,0.0,37.18,0.0,64.42,0.0,2027-01-20,75105.5,20457.31,0.0,27923.15,0.0,48380.46,0.0,
272,Nimr Non-Standard Well,33141,TUQAA-22,4501008686/170,WD-3522-33141-LOC-1-L,2.55,0.0,0.0,0.0,0.0,21.34,0.0,20.67,0.0,16.77,0.0,58.78,0.0,61.33,2.55,2027-03-19,92779.0,2365.86,2365.86,54533.8,0.0,56899.67,2365.86,
276,Nimr Non-Standard Well,33151,TUQAA-23,4501020771/90,WD-3522-33151-LOC-1-L,11.66,2.65,1.0,2.72,0.15,25.01,0.92,2.15,0.0,0.92,0.0,33.46,2.06,40.94,13.73,2026-09-11,55880.0,4178.32,6516.7,18697.68,1152.99,22876.0,7669.69,
280,Nimr Non-Standard Well,33153,TUQAA_PH1_OP_LOC12,4501020771-70,WD-3522-33153-LOC-1-L,1.83,0.65,0.0,0.65,0.0,10.94,0.0,0.77,0.0,0.33,0.0,13.35,0.0,15.49,1.83,2026-09-13,48180.0,1033.01,883.3,6431.84,0.0,7464.85,883.3,
284,Nimr Flowline,33240,MISBAH_LG3_OP_LOC6,4501028206/370,,0.0,0.0,0.0,0.0,0.0,7.3,0.0,0.0,0.0,0.0,0.0,7.3,0.0,7.3,0.0,2026-05-28,1.0,0.0,0.0,0.07,0.0,0.07,0.0,
288,Marmul Location,33760,RASW_GH_WI_LOC2,4501022061,,2.73,0.14,0.0,0.84,0.0,8.21,10.0,6.79,0.0,1.07,0.0,17.05,10.0,81.37,12.73,2026-05-22,27000.0,17364.19,736.36,4604.66,2700.0,21968.86,3436.36,
292,Marmul Flowline,33774,RA_LG.2_WI_134,,,0.0,0.0,0.0,0.0,0.0,0.0,0.0,0.0,0.0,0.0,0.0,0.0,0.0,0.0,0.0,2027-09-26,90900.0,0.0,0.0,0.0,0.0,0.0,0.0,
296,Marmul Location,33785,MMNW-B7-2PUD-OP-01,,,0.0,0.0,0.0,0.0,10.0,0.0,0.0,0.0,0.0,0.0,0.0,0.0,10.0,0.0,10.0,2026-08-02,27000.0,0.0,0.0,0.0,2700.0,0.0,2700.0,
300,Nimr Flowline,34356,ALBRG_1405250004_OP2,4501028206/160,WD-3522-34356-FLC-1-L,5.62,1.6,1.54,1.85,2.05,1.85,1.55,1.85,0.0,0.79,0.0,7.93,5.14,9.58,10.75,2026-07-16,108100.0,1780.43,6073.99,8576.13,5551.61,10356.56,11625.6,
304,Nimr Location,34421,NIMRE_1509220020_OP2,,,15.53,16.97,14.5,12.8,10.0,16.92,31.79,18.48,0.0,0.0,0.0,65.17,56.29,85.0,71.82,2026-05-27,26000.0,5156.67,4038.01,16943.33,14635.25,22100.0,18673.27,
308,Nimr Location,34561,NIMRB_1609240004_OP6,4501027632/30,,0.0,0.0,0.0,0.0,0.0,24.55,0.0,33.21,0.0,5.92,0.0,63.67,0.0,63.67,0.0,2026-07-30,26000.0,0.0,0.0,16555.1,0.0,16555.1,0.0,
312,Marmul Flowline,34877,HW_WF_EXTRA_INFILL_OP2,,,0.0,0.0,0.0,0.0,0.0,0.0,0.83,0.0,0.0,0.0,0.0,0.0,0.83,0.0,0.83,2026-07-14,90240.0,0.0,0.0,0.0,752.0,0.0,752.0,
316,Marmul Flowline,34888,HW_I9_ADDITIONAL_769N_WI,,,0.0,0.0,0.0,0.0,0.0,0.0,0.0,0.0,0.0,0.0,0.0,0.0,0.0,0.0,0.0,2026-07-01,74280.0,0.0,0.0,0.0,0.0,0.0,0.0,
320,Marmul Flowline,34913,HW_WF_EXTRA_INFILL_OP11,,,0.0,0.0,0.0,0.0,0.0,0.0,0.0,0.0,0.0,0.0,0.0,0.0,0.0,0.0,0.0,2026-06-21,22900.0,0.0,0.0,0.0,0.0,0.0,0.0,
324,Marmul Location,35487,ZMD_LG1_SOUTH FLANK_OP6,,,10.0,0.0,0.0,0.0,0.0,0.0,0.0,0.0,0.0,0.0,0.0,0.0,0.0,10.0,10.0,2029-09-28,27000.0,2700.0,2700.0,0.0,0.0,2700.0,2700.0,
328,Marmul Location,35492,QATA-194,4501022933,,44.11,2.06,0.0,7.43,0.0,10.28,0.0,5.83,0.0,2.5,0.0,28.1,0.0,94.26,44.11,2026-04-13,27000.0,17862.85,11910.16,7587.15,0.0,25450.0,11910.16,
332,Marmul Location,35494,I5_2_OP_147,4501022933,,18.6,16.97,7.08,10.06,6.67,21.94,1.67,0.0,0.0,0.0,0.0,48.97,15.41,81.67,34.02,2026-05-16,27000.0,8829.0,5023.0,13221.0,4161.63,22050.0,9184.63,
336,Marmul Location,35500,MDNE_200M_SE_OP2,4501019100,,10.98,1.79,6.67,7.4,1.67,6.69,0.0,4.43,0.0,1.68,0.0,21.98,8.33,70.24,19.31,2026-05-24,27000.0,13030.43,2964.71,5935.26,2250.0,18965.7,5214.71,
340,Marmul Flowline,35572,MDNE_200M_SE_OP8,4501019148,,9.48,1.65,0.35,4.84,0.1,4.08,0.0,10.86,0.0,1.26,0.0,22.69,0.45,83.25,9.93,2026-05-07,53968.0,32684.05,5115.44,12246.13,242.51,44930.18,5357.94,
344,Marmul Flowline,35607,MDNE_200M_SE_OP5,4501019249,,7.1,0.46,0.33,4.86,0.0,5.86,1.57,0.0,0.0,0.0,0.0,11.18,1.9,73.83,9.0,2026-05-19,76312.0,47808.56,5416.03,8535.13,1449.93,56343.69,6865.96,
348,Marmul Flowline,35670,MMAK_P1_AREA1_WI_1,,,1.67,0.0,0.0,3.22,0.0,16.26,0.0,22.8,0.0,10.65,0.0,52.93,0.0,52.93,1.67,2026-07-31,90900.0,0.0,1515.0,48117.45,0.0,48117.45,1515.0,
352,Marmul Flowline,35673,MMNW-B4&10-INFILL-OP-03,,,0.0,0.0,0.0,0.0,0.0,0.0,0.0,0.0,0.0,0.0,0.0,0.0,0.0,0.0,0.0,2027-05-30,90900.0,0.0,0.0,0.0,0.0,0.0,0.0,
356,Marmul Location,35842,TME_AK_HZ_WI_1,4501008561,,0.0,0.0,0.0,0.0,0.0,0.0,0.0,0.0,0.0,0.0,0.0,0.0,0.0,0.0,0.0,2026-12-09,27000.0,0.0,0.0,0.0,0.0,0.0,0.0,
360,Marmul Flowline,35856,MM-GSR-ENLG2_10-OP,4501023627,,0.0,1.11,0.0,6.73,0.0,4.86,0.0,4.41,0.0,1.89,0.0,19.01,0.0,95.09,0.0,2026-04-23,57608.0,43830.36,0.0,10949.38,0.0,54779.73,0.0,
364,Nimr Location,36064,NMR A_6515383_WSW_4,4501022933/60,WD-3522-36064-LOC-1-L,52.03,0.49,0.0,0.49,0.0,20.07,0.0,5.0,0.0,5.0,0.0,31.04,0.0,95.0,52.03,2026-05-05,29000.0,18547.92,15089.03,9002.08,0.0,27550.0,15089.03,
368,Nimr Location,36072,AMIN-578,4501023302/10,WD-3522-36072-LOC-1-L,75.0,0.0,0.0,0.0,0.0,21.35,0.0,1.35,0.0,0.58,0.0,23.27,0.0,100.0,75.0,2026-04-09,78387.0,65649.11,58790.25,18240.05,0.0,78387.0,58790.25,
372,Nimr Location,36074,AMIN_AN_CS_6,4501024216/70,WD-3522-36074-LOC-1-L,0.0,0.0,0.0,0.0,0.0,26.43,0.0,5.71,0.0,0.58,0.0,32.72,0.0,95.58,0.0,2026-04-23,0.0,0.0,0.0,0.0,0.0,0.0,0.0,
376,Nimr Location,36108,AMIN-573,4501020023/10,WD-3522-36108-LOC-1-L,5.0,0.0,0.0,0.0,0.0,0.0,0.0,0.0,0.0,0.0,0.0,0.0,0.0,5.0,5.0,2026-01-27,29000.0,1450.0,1450.0,0.0,0.0,1450.0,1450.0,
380,Nimr Location,36343,RAKDS_EF_2026_OP_LOC2,4501023345-90,WD-3522-36343-LOC-1-L,0.0,1.72,0.0,1.72,0.0,25.07,0.0,4.56,0.0,0.58,0.0,33.64,0.0,100.0,0.0,2026-04-09,29000.0,20047.71,0.0,9755.37,0.0,29000.0,0.0,
384,Nimr Flowline,36513,SAQRW_OP_28_LOC7,,,0.0,0.0,0.0,0.0,0.0,0.0,0.84,0.0,0.0,0.0,0.0,0.0,0.84,0.0,0.84,2026-06-24,46500.0,0.0,0.0,0.0,392.71,0.0,392.71,
388,Nimr Flowline,36735,SAQRW_OP_26_LOC1,4501028206,,0.0,0.54,3.42,1.3,1.76,5.58,1.65,1.3,0.0,0.56,0.0,9.27,6.83,9.27,6.83,2026-06-18,63300.0,0.0,0.0,5867.81,4324.94,5867.81,4324.94,
392,Nimr Flowline,36737,SAQRW_OP_26_LOC3,4501028206,,0.0,0.25,0.98,0.86,1.79,0.86,1.47,0.86,0.0,4.66,0.0,7.5,4.24,7.5,4.24,2026-06-10,45100.0,0.0,0.0,3380.49,1913.91,3380.49,1913.91,
396,Nimr Flowline,36751,RKDS_2026_OP_LOC20,4501025908/90,,8.88,2.28,0.0,2.28,6.25,2.28,0.48,2.28,0.0,5.72,0.0,14.84,6.73,19.46,15.61,2026-06-09,60500.0,2793.5,5375.36,8977.6,4070.51,11771.09,9445.88,
400,Nimr Flowline,36754,RAKDS_APP_LOC2,4501025908,,5.43,0.88,0.0,0.88,0.89,42.28,0.97,10.46,0.0,0.0,0.0,54.5,1.86,59.5,7.29,2026-06-23,52100.0,2603.86,2828.55,28395.64,970.93,30999.5,3799.48,
404,Nimr Location,36925,IHSN_2502190007_APP3,4501027662,,0.0,13.42,10.82,6.42,21.16,4.75,20.7,35.56,0.0,3.42,0.0,63.56,52.68,66.48,52.68,2030-06-27,0.0,0.0,0.0,0.0,0.0,0.0,0.0,
408,Nimr Location,36927,IHSN_2502190007_APP1,4501027632/50,,19.65,36.1,33.17,2.33,0.0,22.48,0.0,0.0,0.0,0.0,0.0,60.91,33.17,85.0,52.83,2030-06-01,26000.0,6263.64,5109.95,15836.36,8625.38,22100.0,13735.32,
412,Nimr Flowline,37237,RKDS_2026_WI_LOC4,4501028206/330,,0.0,0.0,0.0,0.0,0.0,17.87,0.0,38.21,0.0,5.91,0.0,61.99,0.0,61.99,0.0,2026-06-06,54060.0,0.0,0.0,33511.26,0.0,33511.26,0.0,
416,Nimr Location,37603,ALBRG_1405250004_OP13,4501022933/40,WD-3522-37603-LOC-1-L,72.9,0.0,0.0,0.0,0.0,20.0,0.0,1.35,0.0,0.58,0.0,21.92,0.0,96.92,72.9,2026-04-16,29000.0,21750.0,21141.67,6357.69,0.0,28107.69,21141.67,
420,Nimr Location,37605,ALBRG_1405250004_OP15,4501022933/100,WD-3522-37605-LOC-1-L,51.05,0.0,0.0,0.0,16.5,27.29,10.0,5.71,0.0,0.0,0.0,33.0,26.5,95.0,77.55,2026-04-28,27983.6,17349.83,14284.41,9234.59,7415.65,26584.42,21700.07,
424,Marmul Location,37616,RAHAB-253,4501025885,,37.44,1.7,0.0,7.25,0.0,17.99,0.0,2.02,0.0,0.8,0.0,29.77,0.0,100.0,37.44,2026-04-11,27000.0,19117.94,10107.72,8038.18,0.0,27000.0,10107.72,
428,Marmul Location,37619,RA_LG.2_WI_126,4501025885,,0.0,0.0,0.0,11.36,0.0,3.18,0.0,3.18,0.0,1.36,0.0,19.09,0.0,19.09,0.0,2026-08-09,27000.0,0.0,0.0,5154.55,0.0,5154.55,0.0,
432,Marmul Flowline,37622,TL_SB_AK_CR_OP_02',,,2.08,1.36,2.57,0.75,2.44,10.6,0.96,15.99,0.0,16.86,0.0,45.56,5.97,47.11,8.05,2026-06-08,87708.0,1361.99,1823.87,39961.3,5234.0,41323.29,7057.87,
436,Marmul Flowline,37625,RAHAB-252,4501026984,,33.98,3.48,0.75,0.75,0.0,0.54,0.0,0.54,0.0,0.23,0.0,5.54,0.75,79.08,34.73,2026-07-03,115400.0,84865.43,39213.85,6396.8,865.5,91262.23,40079.35,
