well_project_key,duration,event,max_progress,last_progress,rig_no,well_type,project_id,northing,easting,engg_kpi,loc_prep,const_progress,progress_velocity,remaining,predicted_completion_week,weeks_remaining_predicted,predicted_completion_date,completion_week_p25,completion_week_p75,completion_date_early,completion_date_late
23_MMHE_WF_PHASE2_PREDG1_OP_1__4f48fbf3-d6c1-472a-ba5f-48bb8efbb48f,19,0,0.02,0.02,SWER127,,4f48fbf3-d6c1-472a-ba5f-48bb8efbb48f,,,0,0.0,0.0,0.0010526315789473684,0.98,,,,,,,
23_MMHE_WF_PHASE2_PREDG1_OP_1__c247e7b4-0751-414a-b59b-701b8bf05443,23,0,0.1,0.1,SWER127,,c247e7b4-0751-414a-b59b-701b8bf05443,,,0,0.0,0.0,0.004347826086956522,0.9,,,,,,,
23_MMHE_WF_PHASE2_PREDG1_OP_2__4f48fbf3-d6c1-472a-ba5f-48bb8efbb48f,19,0,0.05,0.05,SWER127,,4f48fbf3-d6c1-472a-ba5f-48bb8efbb48f,,,0,0.0,0.0,0.002631578947368421,0.95,,,,,,,
23_MMHE_WF_PHASE2_PREDG1_OP_2__c247e7b4-0751-414a-b59b-701b8bf05443,23,0,0.11,0.11,SWER127,,c247e7b4-0751-414a-b59b-701b8bf05443,,,0,0.0,0.0,0.004782608695652174,0.89,,,,,,,
25_MAUW_PHASE1_2PUD_OP_1__4f48fbf3-d6c1-472a-ba5f-48bb8efbb48f,21,0,0.89,0.89,SWER128,,4f48fbf3-d6c1-472a-ba5f-48bb8efbb48f,,,1,0.0,0.0,0.04238095238095238,0.10999999999999999,,,,,,,
25_MAUW_PHASE1_2PUD_OP_6__4f48fbf3-d6c1-472a-ba5f-48bb8efbb48f,21,0,0.59,0.59,SWER129,,4f48fbf3-d6c1-472a-ba5f-48bb8efbb48f,,,0,0.0,0.0,0.028095238095238093,0.41000000000000003,,,,,,,
30-MMHE_FURTHERDEVT_NCCR_OP1__4f48fbf3-d6c1-472a-ba5f-48bb8efbb48f,19,0,0.01,0.01,SWER127,,4f48fbf3-d6c1-472a-ba5f-48bb8efbb48f,,,0,0.0,0.0,0.0005263157894736842,0.99,,,,,,,
30-MMHE_FURTHERDEVT_NCCR_OP1__c247e7b4-0751-414a-b59b-701b8bf05443,23,0,0.07,0.07,SWER127,,c247e7b4-0751-414a-b59b-701b8bf05443,,,0,0.0,0.0,0.0030434782608695656,0.9299999999999999,,,,,,,
30-MMHE_FURTHERDEVT_NCCR_OP2__4f48fbf3-d6c1-472a-ba5f-48bb8efbb48f,19,0,0.02,0.02,SWER127,,4f48fbf3-d6c1-472a-ba5f-48bb8efbb48f,,,0,0.0,0.0,0.0010526315789473684,0.98,,,,,,,
30-MMHE_FURTHERDEVT_NCCR_OP2__c247e7b4-0751-414a-b59b-701b8bf05443,23,0,0.85,0.85,SWER127,,c247e7b4-0751-414a-b59b-701b8bf05443,,,0,0.0,0.0,0.03695652173913044,0.15000000000000002,,,,,,,
30-MMHE_FURTHERDEVT_NCCR_OP3__4f48fbf3-d6c1-472a-ba5f-48bb8efbb48f,19,0,0.02,0.02,SWER127,,4f48fbf3-d6c1-472a-ba5f-48bb8efbb48f,,,0,0.0,0.0,0.0010526315789473684,0.98,,,,,,,
30-MMHE_FURTHERDEVT_NCCR_OP3__c247e7b4-0751-414a-b59b-701b8bf05443,23,0,0.51,0.51,SWER127,,c247e7b4-0751-414a-b59b-701b8bf05443,,,0,0.0,0.0,0.022173913043478263,0.49,,,,,,,
AL BURJ-275__278c5587-bba7-46ea-9c6a-d79aa8bd2a69,25,0,0.63,0.63,SWER101,No Artificial Lift,278c5587-bba7-46ea-9c6a-d79aa8bd2a69,2014326.69,351825.91,0,0.0,0.52,0.0252,0.37,,,,,,,
AL BURJ-275__8c9c6b42-7a12-4eb3-935b-fc0437e7f33f,26,0,0.85,0.85,SWER101,No Artificial Lift,8c9c6b42-7a12-4eb3-935b-fc0437e7f33f,2014326.69,351825.91,0,1.0,0.0,0.032692307692307694,0.15000000000000002,,,,,,,
AL BURJ-277__278c5587-bba7-46ea-9c6a-d79aa8bd2a69,14,0,0.55,0.55,SWER101,No Artificial Lift,278c5587-bba7-46ea-9c6a-d79aa8bd2a69,2011205.52,352339.15,0,0.0,0.46,0.03928571428571429,0.44999999999999996,,,,,,,
AL BURJ-277__8c9c6b42-7a12-4eb3-935b-fc0437e7f33f,14,0,0.85,0.85,SWER101,No Artificial Lift,8c9c6b42-7a12-4eb3-935b-fc0437e7f33f,2011205.52,352339.15,0,1.0,0.0,0.060714285714285714,0.15000000000000002,,,,,,,
AL BURJ_26_MC_OP2__8c9c6b42-7a12-4eb3-935b-fc0437e7f33f,12,0,0.16,0.16,SWER101,,8c9c6b42-7a12-4eb3-935b-fc0437e7f33f,,,0,0.0,0.0,0.013333333333333334,0.84,,,,,,,
AL BURJ_26_MC_OP3__8c9c6b42-7a12-4eb3-935b-fc0437e7f33f,8,0,0.13,0.13,SWER101,,8c9c6b42-7a12-4eb3-935b-fc0437e7f33f,,,0,0.0,0.0,0.01625,0.87,,,,,,,
ALBRG_1405250004_OP13__278c5587-bba7-46ea-9c6a-d79aa8bd2a69,24,0,0.49,0.49,SWER102,BP,278c5587-bba7-46ea-9c6a-d79aa8bd2a69,2012795.36,352639.74,0,0.0,0.0,0.020416666666666666,0.51,,,,,,,
ALBRG_1405250004_OP13__8c9c6b42-7a12-4eb3-935b-fc0437e7f33f,26,0,0.85,0.85,SWER102,BP,8c9c6b42-7a12-4eb3-935b-fc0437e7f33f,2012795.36,352639.74,0,1.0,0.0,0.032692307692307694,0.15000000000000002,,,,,,,
ALBRG_1405250004_OP14__278c5587-bba7-46ea-9c6a-d79aa8bd2a69,4,0,0.0,0.0,SWER102,,278c5587-bba7-46ea-9c6a-d79aa8bd2a69,,,0,0.0,0.0,0.0,1.0,,,,,,,
ALBRG_1405250004_OP14__8c9c6b42-7a12-4eb3-935b-fc0437e7f33f,25,0,0.6,0.6,SWER102,,8c9c6b42-7a12-4eb3-935b-fc0437e7f33f,,,0,0.0,0.0,0.024,0.4,,,,,,,
ALBRG_1405250004_OP15__278c5587-bba7-46ea-9c6a-d79aa8bd2a69,19,0,0.15,0.15,SWER102,BP,278c5587-bba7-46ea-9c6a-d79aa8bd2a69,2016525.21,353258.63,0,0.0,0.0,0.007894736842105263,0.85,,,,,,,
ALBRG_1405250004_OP15__8c9c6b42-7a12-4eb3-935b-fc0437e7f33f,25,0,0.62,0.62,SWER102,BP,8c9c6b42-7a12-4eb3-935b-fc0437e7f33f,2016525.21,353258.63,0,0.0,0.0,0.0248,0.38,,,,,,,
ALBRG_1405250004_OP1__278c5587-bba7-46ea-9c6a-d79aa8bd2a69,24,0,0.38,0.23,SWER101,BP,278c5587-bba7-46ea-9c6a-d79aa8bd2a69,2013962.96,351529.95,0,0.0,0.0,0.009583333333333334,0.77,,,,,,,
ALBRG_1405250004_OP1__8c9c6b42-7a12-4eb3-935b-fc0437e7f33f,26,0,0.85,0.85,SWER101,BP,8c9c6b42-7a12-4eb3-935b-fc0437e7f33f,2013962.96,351529.95,0,1.0,0.0,0.032692307692307694,0.15000000000000002,,,,,,,
ALBRG_1405250004_OP2__278c5587-bba7-46ea-9c6a-d79aa8bd2a69,17,0,0.2,0.2,SWER101,,278c5587-bba7-46ea-9c6a-d79aa8bd2a69,2013055.45,353913.52,0,0.0,0.0,0.011764705882352941,0.8,,,,,,,
ALBRG_1405250004_OP2__8c9c6b42-7a12-4eb3-935b-fc0437e7f33f,25,0,0.6,0.6,SWER101,,8c9c6b42-7a12-4eb3-935b-fc0437e7f33f,2013055.45,353913.52,0,0.0,0.0,0.024,0.4,,,,,,,
ALBRG_1405250004_OP3__278c5587-bba7-46ea-9c6a-d79aa8bd2a69,14,0,0.0,0.0,SWER101,BP,278c5587-bba7-46ea-9c6a-d79aa8bd2a69,2016776.75,351885.07,0,0.0,0.0,0.0,1.0,,,,,,,
ALBRG_1405250004_OP3__8c9c6b42-7a12-4eb3-935b-fc0437e7f33f,25,0,0.48,0.48,SWER101,BP,8c9c6b42-7a12-4eb3-935b-fc0437e7f33f,2016776.75,351885.07,0,0.0,0.0,0.0192,0.52,,,,,,,
ALBRG_1405250004_OP4__278c5587-bba7-46ea-9c6a-d79aa8bd2a69,4,0,0.0,0.0,SWER101,,278c5587-bba7-46ea-9c6a-d79aa8bd2a69,,,0,0.0,0.0,0.0,1.0,,,,,,,
ALBRG_1405250004_OP4__8c9c6b42-7a12-4eb3-935b-fc0437e7f33f,1,0,0.0,0.0,SWER101,,8c9c6b42-7a12-4eb3-935b-fc0437e7f33f,,,0,0.0,0.0,0.0,1.0,,,,,,,
ALBRG_1405250004_OP5__278c5587-bba7-46ea-9c6a-d79aa8bd2a69,4,0,0.0,0.0,SWER101,,278c5587-bba7-46ea-9c6a-d79aa8bd2a69,,,0,0.0,0.0,0.0,1.0,,,,,,,
ALBRG_1405250004_OP5__8c9c6b42-7a12-4eb3-935b-fc0437e7f33f,25,0,0.0,0.0,SWER101,,8c9c6b42-7a12-4eb3-935b-fc0437e7f33f,,,0,0.0,0.0,0.0,1.0,,,,,,,
ALBRG_1405250004_OP6__278c5587-bba7-46ea-9c6a-d79aa8bd2a69,11,0,0.0,0.0,SWER101,,278c5587-bba7-46ea-9c6a-d79aa8bd2a69,,,0,0.0,0.0,0.0,1.0,,,,,,,
ALBRG_1405250004_OP6__8c9c6b42-7a12-4eb3-935b-fc0437e7f33f,25,0,0.0,0.0,SWER101,,8c9c6b42-7a12-4eb3-935b-fc0437e7f33f,,,0,0.0,0.0,0.0,1.0,,,,,,,
ALBRG_1405250004_OP7__278c5587-bba7-46ea-9c6a-d79aa8bd2a69,4,0,0.0,0.0,SWER101,,278c5587-bba7-46ea-9c6a-d79aa8bd2a69,,,0,0.0,0.0,0.0,1.0,,,,,,,
ALBRG_1405250004_OP7__8c9c6b42-7a12-4eb3-935b-fc0437e7f33f,25,0,0.0,0.0,SWER101,,8c9c6b42-7a12-4eb3-935b-fc0437e7f33f,,,0,0.0,0.0,0.0,1.0,,,,,,,
ALBRG_1405250004_OP8__278c5587-bba7-46ea-9c6a-d79aa8bd2a69,4,0,0.0,0.0,SWER101,,278c5587-bba7-46ea-9c6a-d79aa8bd2a69,,,0,0.0,0.0,0.0,1.0,,,,,,,
ALBRG_1405250004_OP8__8c9c6b42-7a12-4eb3-935b-fc0437e7f33f,25,0,0.0,0.0,SWER101,,8c9c6b42-7a12-4eb3-935b-fc0437e7f33f,,,0,0.0,0.0,0.0,1.0,,,,,,,
ALBRG_1405250004_WI2__278c5587-bba7-46ea-9c6a-d79aa8bd2a69,25,0,0.13,0.13,SWER101,No Artificial Lift,278c5587-bba7-46ea-9c6a-d79aa8bd2a69,2014642.87,352221.17,0,0.0,0.04,0.0052,0.87,,,,,,,
ALBRG_1405250004_WI2__8c9c6b42-7a12-4eb3-935b-fc0437e7f33f,26,0,0.85,0.85,SWER101,No Artificial Lift,8c9c6b42-7a12-4eb3-935b-fc0437e7f33f,2014642.87,352221.17,0,1.0,0.0,0.032692307692307694,0.15000000000000002,,,,,,,
ALBRG_1405250004_WI3__278c5587-bba7-46ea-9c6a-d79aa8bd2a69,11,0,0.34,0.25,SWER101,No Artificial Lift,278c5587-bba7-46ea-9c6a-d79aa8bd2a69,2011205.52,352339.15,0,0.0,0.37,0.022727272727272728,0.75,,,,,,,
ALBRG_1405250004_WI3__8c9c6b42-7a12-4eb3-935b-fc0437e7f33f,12,0,0.85,0.85,SWER101,No Artificial Lift,8c9c6b42-7a12-4eb3-935b-fc0437e7f33f,2011205.52,352339.15,0,1.0,0.0,0.07083333333333333,0.15000000000000002,,,,,,,
ALBRG_1405250004_WI4__278c5587-bba7-46ea-9c6a-d79aa8bd2a69,24,0,0.56,0.51,SWER101,No Artificial Lift,278c5587-bba7-46ea-9c6a-d79aa8bd2a69,2013013.8,352153.79,0,0.0,0.71,0.02125,0.49,,,,,,,
ALBRG_1405250004_WI4__8c9c6b42-7a12-4eb3-935b-fc0437e7f33f,26,0,0.85,0.85,SWER101,No Artificial Lift,8c9c6b42-7a12-4eb3-935b-fc0437e7f33f,2013013.8,352153.79,0,1.0,0.0,0.032692307692307694,0.15000000000000002,,,,,,,
AMIN-565__278c5587-bba7-46ea-9c6a-d79aa8bd2a69,25,1,1.0,1.0,SWER101,ESP,278c5587-bba7-46ea-9c6a-d79aa8bd2a69,2035085.0,372533.99,0,0.0,1.0,0.04,0.0,25.0,0.0,2026-03-07,21.0,25.0,2026-03-07,2026-03-07
AMIN-567__278c5587-bba7-46ea-9c6a-d79aa8bd2a69,25,0,0.98,0.97,SWER101,BP,278c5587-bba7-46ea-9c6a-d79aa8bd2a69,2036021.46,369253.66,0,0.0,1.0,0.0388,0.030000000000000027,,,,,,,
AMIN-568__278c5587-bba7-46ea-9c6a-d79aa8bd2a69,25,1,1.0,1.0,SWER101,ESP,278c5587-bba7-46ea-9c6a-d79aa8bd2a69,2037828.81,370893.58,0,0.0,1.0,0.04,0.0,25.0,0.0,2026-03-07,21.0,25.0,2026-03-07,2026-03-07
AMIN-570__278c5587-bba7-46ea-9c6a-d79aa8bd2a69,25,0,0.92,0.92,SWER101,ESP,278c5587-bba7-46ea-9c6a-d79aa8bd2a69,2038339.88,369139.17,0,0.0,0.99,0.0368,0.07999999999999996,,,,,,,
AMIN-571__278c5587-bba7-46ea-9c6a-d79aa8bd2a69,25,0,0.77,0.77,SWER101,ESP,278c5587-bba7-46ea-9c6a-d79aa8bd2a69,2036635.32,368315.03,0,0.0,0.82,0.0308,0.22999999999999998,,,,,,,
AMIN-572__278c5587-bba7-46ea-9c6a-d79aa8bd2a69,25,0,0.98,0.98,SWER101,ESP,278c5587-bba7-46ea-9c6a-d79aa8bd2a69,2037385.7,368822.73,0,0.0,0.99,0.0392,0.020000000000000018,,,,,,,
AMIN-573__278c5587-bba7-46ea-9c6a-d79aa8bd2a69,25,0,0.03,0.03,SWER102,BP,278c5587-bba7-46ea-9c6a-d79aa8bd2a69,2035851.1,369116.71,0,0.0,0.02,0.0012,0.97,,,,,,,
AMIN-573__8c9c6b42-7a12-4eb3-935b-fc0437e7f33f,26,0,0.85,0.85,SWER102,BP,8c9c6b42-7a12-4eb3-935b-fc0437e7f33f,2035851.1,369116.71,0,1.0,0.0,0.032692307692307694,0.15000000000000002,,,,,,,
AMIN-574__278c5587-bba7-46ea-9c6a-d79aa8bd2a69,24,0,0.55,0.55,SWER102,ESP,278c5587-bba7-46ea-9c6a-d79aa8bd2a69,2037550.71,370077.92,0,0.0,0.68,0.02291666666666667,0.44999999999999996,,,,,,,
AMIN-574__8c9c6b42-7a12-4eb3-935b-fc0437e7f33f,26,0,0.82,0.82,SWER102,ESP,8c9c6b42-7a12-4eb3-935b-fc0437e7f33f,2037550.71,370077.92,0,0.97,0.0,0.031538461538461536,0.18000000000000005,,,,,,,
AMIN-576__278c5587-bba7-46ea-9c6a-d79aa8bd2a69,24,0,0.53,0.48,SWER102,ESP,278c5587-bba7-46ea-9c6a-d79aa8bd2a69,2036960.04,367617.15,0,0.0,0.46,0.02,0.52,,,,,,,
AMIN-576__8c9c6b42-7a12-4eb3-935b-fc0437e7f33f,26,0,0.85,0.85,SWER102,ESP,8c9c6b42-7a12-4eb3-935b-fc0437e7f33f,2036960.04,367617.15,0,1.0,0.0,0.032692307692307694,0.15000000000000002,,,,,,,
AMIN-578__278c5587-bba7-46ea-9c6a-d79aa8bd2a69,14,0,0.44,0.44,SWER102,ESP,278c5587-bba7-46ea-9c6a-d79aa8bd2a69,2036692.96,366990.99,0,0.0,0.5,0.03142857142857143,0.56,,,,,,,
AMIN-578__8c9c6b42-7a12-4eb3-935b-fc0437e7f33f,14,0,0.77,0.77,SWER102,ESP,8c9c6b42-7a12-4eb3-935b-fc0437e7f33f,2036692.96,366990.99,0,0.0,0.0,0.055,0.22999999999999998,,,,,,,
AMIN-579__278c5587-bba7-46ea-9c6a-d79aa8bd2a69,14,0,0.29,0.29,SWER103,ESP,278c5587-bba7-46ea-9c6a-d79aa8bd2a69,2033904.82,366874.29,0,0.0,0.36,0.020714285714285713,0.71,,,,,,,
AMIN-579__8c9c6b42-7a12-4eb3-935b-fc0437e7f33f,14,0,0.85,0.85,SWER103,ESP,8c9c6b42-7a12-4eb3-935b-fc0437e7f33f,2033904.82,366874.29,0,0.0,0.0,0.060714285714285714,0.15000000000000002,,,,,,,
AMIN_1673188_OP13__278c5587-bba7-46ea-9c6a-d79aa8bd2a69,10,0,0.24,0.2,SWER102,ESP,278c5587-bba7-46ea-9c6a-d79aa8bd2a69,2036692.96,366990.99,0,0.0,0.23,0.02,0.8,,,,,,,
AMIN_1673188_OP13__8c9c6b42-7a12-4eb3-935b-fc0437e7f33f,11,0,0.77,0.77,SWER102,ESP,8c9c6b42-7a12-4eb3-935b-fc0437e7f33f,2036692.96,366990.99,0,0.0,0.0,0.07,0.22999999999999998,,,,,,,
AMIN_1673188_OP15__278c5587-bba7-46ea-9c6a-d79aa8bd2a69,25,1,1.0,1.0,SWER101,ESP,278c5587-bba7-46ea-9c6a-d79aa8bd2a69,2036666.47,368970.77,0,0.0,1.0,0.04,0.0,25.0,0.0,2026-03-07,21.0,25.0,2026-03-07,2026-03-07
AMIN_1673188_OP19__278c5587-bba7-46ea-9c6a-d79aa8bd2a69,24,0,0.11,0.1,SWER103,,278c5587-bba7-46ea-9c6a-d79aa8bd2a69,,,0,0.0,0.12,0.004166666666666667,0.9,,,,,,,
AMIN_1673188_OP19__8c9c6b42-7a12-4eb3-935b-fc0437e7f33f,25,0,0.85,0.85,SWER103,,8c9c6b42-7a12-4eb3-935b-fc0437e7f33f,,,0,0.0,0.0,0.034,0.15000000000000002,,,,,,,
AMIN_1673188_OP20__278c5587-bba7-46ea-9c6a-d79aa8bd2a69,24,0,0.1,0.1,SWER103,,278c5587-bba7-46ea-9c6a-d79aa8bd2a69,,,0,0.0,0.11,0.004166666666666667,0.9,,,,,,,
AMIN_1673188_OP20__8c9c6b42-7a12-4eb3-935b-fc0437e7f33f,25,0,0.63,0.63,SWER103,,8c9c6b42-7a12-4eb3-935b-fc0437e7f33f,,,0,0.0,0.0,0.0252,0.37,,,,,,,
AMIN_1673188_OP31__278c5587-bba7-46ea-9c6a-d79aa8bd2a69,24,0,0.15,0.1,SWER103,ESP,278c5587-bba7-46ea-9c6a-d79aa8bd2a69,2038304.2,369789.98,0,0.0,0.14,0.004166666666666667,0.9,,,,,,,
AMIN_1673188_OP31__8c9c6b42-7a12-4eb3-935b-fc0437e7f33f,26,0,0.52,0.52,SWER103,ESP,8c9c6b42-7a12-4eb3-935b-fc0437e7f33f,2038304.2,369789.98,0,0.61,0.0,0.02,0.48,,,,,,,
AMIN_25869179_OP10__278c5587-bba7-46ea-9c6a-d79aa8bd2a69,24,0,0.28,0.28,SWER103,ESP,278c5587-bba7-46ea-9c6a-d79aa8bd2a69,2033779.42,366991.86,0,0.0,0.3,0.011666666666666667,0.72,,,,,,,
AMIN_25869179_OP10__8c9c6b42-7a12-4eb3-935b-fc0437e7f33f,25,0,0.85,0.85,SWER103,ESP,8c9c6b42-7a12-4eb3-935b-fc0437e7f33f,2033779.42,366991.86,0,0.0,0.0,0.034,0.15000000000000002,,,,,,,
AMIN_25869179_OP6__278c5587-bba7-46ea-9c6a-d79aa8bd2a69,10,0,0.44,0.18,SWER103,ESP,278c5587-bba7-46ea-9c6a-d79aa8bd2a69,2033904.82,366874.29,0,0.0,0.22,0.018,0.8200000000000001,,,,,,,
AMIN_25869179_OP6__8c9c6b42-7a12-4eb3-935b-fc0437e7f33f,11,0,0.85,0.85,SWER103,ESP,8c9c6b42-7a12-4eb3-935b-fc0437e7f33f,2033904.82,366874.29,0,0.0,0.0,0.07727272727272727,0.15000000000000002,,,,,,,
AMIN_25869179_OP9__278c5587-bba7-46ea-9c6a-d79aa8bd2a69,24,0,0.46,0.46,SWER103,,278c5587-bba7-46ea-9c6a-d79aa8bd2a69,,,0,0.0,0.55,0.01916666666666667,0.54,,,,,,,
AMIN_25869179_OP9__8c9c6b42-7a12-4eb3-935b-fc0437e7f33f,26,0,0.85,0.85,SWER103,,8c9c6b42-7a12-4eb3-935b-fc0437e7f33f,,,0,1.0,0.0,0.032692307692307694,0.15000000000000002,,,,,,,
AMIN_3946610_OP23__278c5587-bba7-46ea-9c6a-d79aa8bd2a69,24,0,0.2,0.2,SWER103,ESP,278c5587-bba7-46ea-9c6a-d79aa8bd2a69,2036109.46,366118.81,0,0.0,0.26,0.008333333333333333,0.8,,,,,,,
AMIN_3946610_OP23__8c9c6b42-7a12-4eb3-935b-fc0437e7f33f,25,0,0.85,0.85,SWER103,ESP,8c9c6b42-7a12-4eb3-935b-fc0437e7f33f,2036109.46,366118.81,0,0.0,0.0,0.034,0.15000000000000002,,,,,,,
BRNW EXT 6__278c5587-bba7-46ea-9c6a-d79aa8bd2a69,25,0,0.01,0.01,SWERIG75,No Artificial Lift,278c5587-bba7-46ea-9c6a-d79aa8bd2a69,2062796.72,386895.12,0,0.0,0.01,0.0004,0.99,,,,,,,
DB_I5_SPOT_EXP_UND_WI1__4f48fbf3-d6c1-472a-ba5f-48bb8efbb48f,23,0,0.0,0.0,SWER126,,4f48fbf3-d6c1-472a-ba5f-48bb8efbb48f,,,0,0.0,0.0,0.0,1.0,,,,,,,
DB_I5_SPOT_EXP_UND_WI1__c247e7b4-0751-414a-b59b-701b8bf05443,24,0,0.0,0.0,SWER126,,c247e7b4-0751-414a-b59b-701b8bf05443,,,0,0.0,0.0,0.0,1.0,,,,,,,
DB_I5_SPOT_EXP_UND_WI9__4f48fbf3-d6c1-472a-ba5f-48bb8efbb48f,23,0,0.0,0.0,SWER126,,4f48fbf3-d6c1-472a-ba5f-48bb8efbb48f,,,0,0.0,0.0,0.0,1.0,,,,,,,
DB_I5_SPOT_EXP_UND_WI9__c247e7b4-0751-414a-b59b-701b8bf05443,24,0,0.0,0.0,SWER126,,c247e7b4-0751-414a-b59b-701b8bf05443,,,0,0.0,0.0,0.0,1.0,,,,,,,
DB_I9_SPOT_EXP_CR_OP5__4f48fbf3-d6c1-472a-ba5f-48bb8efbb48f,23,0,0.0,0.0,SWER127,,4f48fbf3-d6c1-472a-ba5f-48bb8efbb48f,,,0,0.0,0.0,0.0,1.0,,,,,,,
DB_I9_SPOT_EXP_CR_OP5__c247e7b4-0751-414a-b59b-701b8bf05443,23,0,0.0,0.0,SWER127,,c247e7b4-0751-414a-b59b-701b8bf05443,,,0,0.0,0.0,0.0,1.0,,,,,,,
F_300M_INFILL_55_P__4f48fbf3-d6c1-472a-ba5f-48bb8efbb48f,20,0,0.51,0.51,SWER151,,4f48fbf3-d6c1-472a-ba5f-48bb8efbb48f,,,0,0.0,0.0,0.025500000000000002,0.49,,,,,,,
F_300M_INFILL_95_P__4f48fbf3-d6c1-472a-ba5f-48bb8efbb48f,18,0,0.85,0.85,SWER151,,4f48fbf3-d6c1-472a-ba5f-48bb8efbb48f,,,0,0.0,0.0,0.04722222222222222,0.15000000000000002,,,,,,,
GROWTH NMA-IRS_1__8c9c6b42-7a12-4eb3-935b-fc0437e7f33f,25,0,0.0,0.0,SWER103,,8c9c6b42-7a12-4eb3-935b-fc0437e7f33f,,,0,0.0,0.0,0.0,1.0,,,,,,,
HSAK-95L_HZ_500M_06__c247e7b4-0751-414a-b59b-701b8bf05443,1,0,0.0,0.0,SWER128,,c247e7b4-0751-414a-b59b-701b8bf05443,,,0,0.0,0.0,0.0,1.0,,,,,,,
HSAK-95L_HZ_500M_12__c247e7b4-0751-414a-b59b-701b8bf05443,1,0,0.0,0.0,SWER128,,c247e7b4-0751-414a-b59b-701b8bf05443,,,0,0.0,0.0,0.0,1.0,,,,,,,
HSAK-95L_HZ_500M_13__c247e7b4-0751-414a-b59b-701b8bf05443,1,0,0.0,0.0,SWER128,,c247e7b4-0751-414a-b59b-701b8bf05443,,,0,0.0,0.0,0.0,1.0,,,,,,,
HSAK-95U_HZ_500M_13__4f48fbf3-d6c1-472a-ba5f-48bb8efbb48f,23,0,0.0,0.0,SWER126,,4f48fbf3-d6c1-472a-ba5f-48bb8efbb48f,,,0,0.0,0.0,0.0,1.0,,,,,,,
HSAK-95U_HZ_500M_13__c247e7b4-0751-414a-b59b-701b8bf05443,24,0,0.0,0.0,SWER126,,c247e7b4-0751-414a-b59b-701b8bf05443,,,0,0.0,0.0,0.0,1.0,,,,,,,
HSAK-95U_HZ_500M_16__4f48fbf3-d6c1-472a-ba5f-48bb8efbb48f,23,0,0.65,0.65,SWER126,,4f48fbf3-d6c1-472a-ba5f-48bb8efbb48f,,,0,0.0,0.92,0.02826086956521739,0.35,,,,,,,
HSAK-95U_HZ_500M_16__c247e7b4-0751-414a-b59b-701b8bf05443,24,0,0.72,0.72,SWER126,,c247e7b4-0751-414a-b59b-701b8bf05443,,,0,0.85,0.0,0.03,0.28,,,,,,,
HSAK-95U_HZ_500M_18__4f48fbf3-d6c1-472a-ba5f-48bb8efbb48f,23,0,0.6,0.6,SWER126,,4f48fbf3-d6c1-472a-ba5f-48bb8efbb48f,,,0,0.0,0.88,0.02608695652173913,0.4,,,,,,,
HSAK-95U_HZ_500M_18__c247e7b4-0751-414a-b59b-701b8bf05443,24,0,0.57,0.57,SWER126,,c247e7b4-0751-414a-b59b-701b8bf05443,,,0,0.68,0.0,0.023749999999999997,0.43000000000000005,,,,,,,
HSAK-95U_HZ_500M_23__c247e7b4-0751-414a-b59b-701b8bf05443,1,0,0.0,0.0,SWER128,,c247e7b4-0751-414a-b59b-701b8bf05443,,,0,0.0,0.0,0.0,1.0,,,,,,,
HSAK-95U_HZ_500M_WI_13__4f48fbf3-d6c1-472a-ba5f-48bb8efbb48f,4,0,0.59,0.59,SWER126,,4f48fbf3-d6c1-472a-ba5f-48bb8efbb48f,,,0,0.0,0.85,0.1475,0.41000000000000003,,,,,,,
HSAK-95U_HZ_500M_WI_13__c247e7b4-0751-414a-b59b-701b8bf05443,4,1,1.0,1.0,SWER126,,c247e7b4-0751-414a-b59b-701b8bf05443,,,0,0.0,0.0,0.25,0.0,20.0,16.0,2026-06-27,20.0,21.0,2026-06-27,2026-07-04
HW_I9_ADDITIONAL_769N_WI__4f48fbf3-d6c1-472a-ba5f-48bb8efbb48f,16,0,0.0,0.0,SWER150,,4f48fbf3-d6c1-472a-ba5f-48bb8efbb48f,,,0,0.0,0.0,0.0,1.0,,,,,,,
HW_WF_EXTRA_INFILL_OP4__4f48fbf3-d6c1-472a-ba5f-48bb8efbb48f,16,0,0.0,0.0,SWER150,,4f48fbf3-d6c1-472a-ba5f-48bb8efbb48f,,,0,0.0,0.0,0.0,1.0,,,,,,,
HW_WF_EXTRA_INFILL_OP8__4f48fbf3-d6c1-472a-ba5f-48bb8efbb48f,17,0,0.0,0.0,SWER148,,4f48fbf3-d6c1-472a-ba5f-48bb8efbb48f,,,0,0.0,0.0,0.0,1.0,,,,,,,
HW_WF_INFILL_PH2_132NE_2_OP__4f48fbf3-d6c1-472a-ba5f-48bb8efbb48f,17,0,0.61,0.61,SWER148,,4f48fbf3-d6c1-472a-ba5f-48bb8efbb48f,,,8,0.0,0.0,0.03588235294117647,0.39,,,,,,,
HW_WF_INFILL_PH2_132NE_OP__4f48fbf3-d6c1-472a-ba5f-48bb8efbb48f,20,0,0.19,0.19,SWER149,,4f48fbf3-d6c1-472a-ba5f-48bb8efbb48f,,,0,0.0,0.0,0.0095,0.81,,,,,,,
HW_WF_INFILL_PH2_132NW_OP__4f48fbf3-d6c1-472a-ba5f-48bb8efbb48f,19,0,0.03,0.03,SWER149,,4f48fbf3-d6c1-472a-ba5f-48bb8efbb48f,,,0,0.0,0.0,0.0015789473684210526,0.97,,,,,,,
HW_WF_INFILL_PH2_132SE_OP__4f48fbf3-d6c1-472a-ba5f-48bb8efbb48f,19,0,0.0,0.0,SWER149,,4f48fbf3-d6c1-472a-ba5f-48bb8efbb48f,,,0,0.0,0.0,0.0,1.0,,,,,,,
HW_WF_INFILL_PH2_132SW_C_WI__4f48fbf3-d6c1-472a-ba5f-48bb8efbb48f,19,0,0.0,0.0,SWER149,,4f48fbf3-d6c1-472a-ba5f-48bb8efbb48f,,,0,0.0,0.0,0.0,1.0,,,,,,,
HW_WF_INFILL_PH2_31NE_OP__4f48fbf3-d6c1-472a-ba5f-48bb8efbb48f,19,0,0.0,0.0,SWER149,,4f48fbf3-d6c1-472a-ba5f-48bb8efbb48f,,,0,0.0,0.0,0.0,1.0,,,,,,,
HW_WF_INFILL_PH2_31SE_OP__4f48fbf3-d6c1-472a-ba5f-48bb8efbb48f,19,0,0.15,0.15,SWER149,,4f48fbf3-d6c1-472a-ba5f-48bb8efbb48f,,,0,0.0,0.0,0.007894736842105263,0.85,,,,,,,
HW_WF_INFILL_PH2_31SW_OP__4f48fbf3-d6c1-472a-ba5f-48bb8efbb48f,19,0,0.05,0.05,SWER148,,4f48fbf3-d6c1-472a-ba5f-48bb8efbb48f,,,0,0.0,0.0,0.002631578947368421,0.95,,,,,,,
HW_WF_INFILL_PH2_515NE_OP__4f48fbf3-d6c1-472a-ba5f-48bb8efbb48f,19,0,0.0,0.0,SWER149,,4f48fbf3-d6c1-472a-ba5f-48bb8efbb48f,,,0,0.0,0.0,0.0,1.0,,,,,,,
HW_WF_INFILL_PH2_515NW_OP__4f48fbf3-d6c1-472a-ba5f-48bb8efbb48f,19,0,0.0,0.0,SWER149,,4f48fbf3-d6c1-472a-ba5f-48bb8efbb48f,,,0,0.0,0.0,0.0,1.0,,,,,,,
HW_WF_INFILL_PH2_515SE_OP__4f48fbf3-d6c1-472a-ba5f-48bb8efbb48f,20,0,0.26,0.26,SWER148,,4f48fbf3-d6c1-472a-ba5f-48bb8efbb48f,,,0,0.0,0.0,0.013000000000000001,0.74,,,,,,,
HW_WF_INFILL_PH2_515SW_C_WI__4f48fbf3-d6c1-472a-ba5f-48bb8efbb48f,17,0,0.06,0.06,SWER148,,4f48fbf3-d6c1-472a-ba5f-48bb8efbb48f,,,0,0.0,0.0,0.003529411764705882,0.94,,,,,,,
HW_WF_INFILL_PH2_657SE_OP__4f48fbf3-d6c1-472a-ba5f-48bb8efbb48f,20,0,0.85,0.85,SWER150,,4f48fbf3-d6c1-472a-ba5f-48bb8efbb48f,,,0,0.0,0.0,0.042499999999999996,0.15000000000000002,,,,,,,
HW_WF_INFILL_PH2_657SW_OP__4f48fbf3-d6c1-472a-ba5f-48bb8efbb48f,20,0,0.02,0.02,SWER150,,4f48fbf3-d6c1-472a-ba5f-48bb8efbb48f,,,0,0.0,0.0,0.001,0.98,,,,,,,
HW_WF_INFILL_PH2_711NE_OP__4f48fbf3-d6c1-472a-ba5f-48bb8efbb48f,20,0,0.21,0.21,SWER149,,4f48fbf3-d6c1-472a-ba5f-48bb8efbb48f,,,0,0.0,0.0,0.010499999999999999,0.79,,,,,,,
HW_WF_INFILL_PH2_711NW_OP__4f48fbf3-d6c1-472a-ba5f-48bb8efbb48f,19,0,0.1,0.1,SWER149,,4f48fbf3-d6c1-472a-ba5f-48bb8efbb48f,,,0,0.0,0.0,0.005263157894736842,0.9,,,,,,,
HW_WF_INFILL_PH2_711SE_OP__4f48fbf3-d6c1-472a-ba5f-48bb8efbb48f,19,0,0.18,0.18,SWER149,,4f48fbf3-d6c1-472a-ba5f-48bb8efbb48f,,,0,0.0,0.0,0.009473684210526315,0.8200000000000001,,,,,,,
HW_WF_INFILL_PH2_711SW_OP__4f48fbf3-d6c1-472a-ba5f-48bb8efbb48f,19,0,0.25,0.25,SWER149,,4f48fbf3-d6c1-472a-ba5f-48bb8efbb48f,,,0,0.0,0.0,0.013157894736842105,0.75,,,,,,,
HW_WF_INFILL_PH2_745NE_OP__4f48fbf3-d6c1-472a-ba5f-48bb8efbb48f,20,0,0.43,0.43,SWER148,,4f48fbf3-d6c1-472a-ba5f-48bb8efbb48f,,,0,0.0,0.0,0.0215,0.5700000000000001,,,,,,,
HW_WF_INFILL_PH2_745NW_OP__4f48fbf3-d6c1-472a-ba5f-48bb8efbb48f,2,0,0.4,0.4,SWER150,,4f48fbf3-d6c1-472a-ba5f-48bb8efbb48f,,,0,0.0,0.0,0.2,0.6,,,,20.0,,2026-07-11,
HW_WF_INFILL_PH2_745SW_OP__4f48fbf3-d6c1-472a-ba5f-48bb8efbb48f,20,0,0.18,0.18,SWER150,,4f48fbf3-d6c1-472a-ba5f-48bb8efbb48f,,,0,0.0,0.0,0.009,0.8200000000000001,,,,,,,
HW_WF_INFILL_PH2_754SE_OP__4f48fbf3-d6c1-472a-ba5f-48bb8efbb48f,20,0,0.2,0.2,SWER150,,4f48fbf3-d6c1-472a-ba5f-48bb8efbb48f,,,0,0.0,0.0,0.01,0.8,,,,,,,
HW_WF_INFILL_PH2_854NE_OP__4f48fbf3-d6c1-472a-ba5f-48bb8efbb48f,19,0,0.34,0.34,SWER150,,4f48fbf3-d6c1-472a-ba5f-48bb8efbb48f,,,0,0.0,0.0,0.017894736842105265,0.6599999999999999,,,,,,,
HW_WF_INFILL_PH2_854NW_OP__4f48fbf3-d6c1-472a-ba5f-48bb8efbb48f,20,0,0.61,0.61,SWER148,,4f48fbf3-d6c1-472a-ba5f-48bb8efbb48f,,,0,0.0,0.0,0.0305,0.39,,,,,,,
HW_WF_INFILL_PH2_854SE_OP__4f48fbf3-d6c1-472a-ba5f-48bb8efbb48f,20,0,0.38,0.38,SWER148,,4f48fbf3-d6c1-472a-ba5f-48bb8efbb48f,,,0,0.0,0.0,0.019,0.62,,,,,,,
HW_WF_INFILL_PH2_854SW_OP__4f48fbf3-d6c1-472a-ba5f-48bb8efbb48f,7,0,0.27,0.27,SWER150,,4f48fbf3-d6c1-472a-ba5f-48bb8efbb48f,,,0,0.0,0.0,0.038571428571428576,0.73,,,,,,,
HW_WF_INFILL_PH2_856NE_OP__4f48fbf3-d6c1-472a-ba5f-48bb8efbb48f,20,0,0.47,0.47,SWER148,,4f48fbf3-d6c1-472a-ba5f-48bb8efbb48f,,,0,0.0,0.0,0.0235,0.53,,,,,,,
HW_WF_INFILL_PH2_856SW_OP__4f48fbf3-d6c1-472a-ba5f-48bb8efbb48f,19,1,1.0,1.0,SWER150,,4f48fbf3-d6c1-472a-ba5f-48bb8efbb48f,,,12,0.0,0.0,0.05263157894736842,0.0,20.0,1.0,2026-03-14,20.0,20.0,2026-03-14,2026-03-14
HW_WF_INFILL_PH2_861NE_OP__4f48fbf3-d6c1-472a-ba5f-48bb8efbb48f,18,0,0.0,0.0,SWER148,,4f48fbf3-d6c1-472a-ba5f-48bb8efbb48f,,,0,0.0,0.0,0.0,1.0,,,,,,,
HW_WF_INFILL_PH2_861SE_OP__4f48fbf3-d6c1-472a-ba5f-48bb8efbb48f,19,0,0.0,0.0,SWER148,,4f48fbf3-d6c1-472a-ba5f-48bb8efbb48f,,,0,0.0,0.0,0.0,1.0,,,,,,,
HW_WF_INFILL_PH2_861SW_OP__4f48fbf3-d6c1-472a-ba5f-48bb8efbb48f,19,0,0.0,0.0,SWER148,,4f48fbf3-d6c1-472a-ba5f-48bb8efbb48f,,,0,0.0,0.0,0.0,1.0,,,,,,,
HW_WF_INFILL_PH2_890NE_OP__4f48fbf3-d6c1-472a-ba5f-48bb8efbb48f,19,0,0.18,0.18,SWER149,,4f48fbf3-d6c1-472a-ba5f-48bb8efbb48f,,,0,0.0,0.0,0.009473684210526315,0.8200000000000001,,,,,,,
HW_WF_INFILL_PH2_890SW_OP__4f48fbf3-d6c1-472a-ba5f-48bb8efbb48f,19,0,0.01,0.01,SWER150,,4f48fbf3-d6c1-472a-ba5f-48bb8efbb48f,,,0,0.0,0.0,0.0005263157894736842,0.99,,,,,,,
HW_WF_INFILL_PH2_893NE_OP__4f48fbf3-d6c1-472a-ba5f-48bb8efbb48f,19,0,0.04,0.04,SWER150,,4f48fbf3-d6c1-472a-ba5f-48bb8efbb48f,,,0,0.0,0.0,0.002105263157894737,0.96,,,,,,,
HW_WF_INFILL_PH2_893NW_OP__4f48fbf3-d6c1-472a-ba5f-48bb8efbb48f,20,0,0.4,0.4,SWER148,,4f48fbf3-d6c1-472a-ba5f-48bb8efbb48f,,,0,0.0,0.0,0.02,0.6,,,,,,,
HW_WF_INFILL_PH2_893SW_OP__4f48fbf3-d6c1-472a-ba5f-48bb8efbb48f,20,0,0.85,0.85,SWER150,,4f48fbf3-d6c1-472a-ba5f-48bb8efbb48f,,,6,0.0,0.0,0.042499999999999996,0.15000000000000002,,,,,,,
HW_WF_INFILL_PH2_909NE_OP__4f48fbf3-d6c1-472a-ba5f-48bb8efbb48f,19,0,0.24,0.24,SWER149,,4f48fbf3-d6c1-472a-ba5f-48bb8efbb48f,,,0,0.0,0.0,0.01263157894736842,0.76,,,,,,,
HW_WF_INFILL_PH2_909NW_OP__4f48fbf3-d6c1-472a-ba5f-48bb8efbb48f,19,0,0.0,0.0,SWER149,,4f48fbf3-d6c1-472a-ba5f-48bb8efbb48f,,,0,0.0,0.0,0.0,1.0,,,,,,,
HW_WF_INFILL_PH2_909SW_OP__4f48fbf3-d6c1-472a-ba5f-48bb8efbb48f,19,0,0.2,0.2,SWER149,,4f48fbf3-d6c1-472a-ba5f-48bb8efbb48f,,,0,0.0,0.0,0.010526315789473684,0.8,,,,,,,
HW_WF_INFILL_PH2_912NE_OP__4f48fbf3-d6c1-472a-ba5f-48bb8efbb48f,20,0,0.55,0.55,SWER149,,4f48fbf3-d6c1-472a-ba5f-48bb8efbb48f,,,0,0.0,0.79,0.027500000000000004,0.44999999999999996,,,,,,,
HW_WF_INFILL_PH2_912NW_OP__4f48fbf3-d6c1-472a-ba5f-48bb8efbb48f,19,0,0.01,0.01,SWER149,,4f48fbf3-d6c1-472a-ba5f-48bb8efbb48f,,,0,0.0,0.0,0.0005263157894736842,0.99,,,,,,,
HW_WF_INFILL_PH2_912SE_OP__4f48fbf3-d6c1-472a-ba5f-48bb8efbb48f,19,0,0.6,0.6,SWER149,,4f48fbf3-d6c1-472a-ba5f-48bb8efbb48f,,,0,0.0,0.0,0.031578947368421054,0.4,,,,,,,
HW_WF_INFILL_PH2_912SW_OP__4f48fbf3-d6c1-472a-ba5f-48bb8efbb48f,19,0,0.16,0.16,SWER149,,4f48fbf3-d6c1-472a-ba5f-48bb8efbb48f,,,0,0.0,0.0,0.008421052631578947,0.84,,,,,,,
HW_WF_INFILL_PH2_984NE_OP__4f48fbf3-d6c1-472a-ba5f-48bb8efbb48f,20,0,0.85,0.85,SWER150,,4f48fbf3-d6c1-472a-ba5f-48bb8efbb48f,,,9,0.0,0.0,0.042499999999999996,0.15000000000000002,,,,,,,
HW_WF_INFILL_PH2_984SW_OP__4f48fbf3-d6c1-472a-ba5f-48bb8efbb48f,20,0,0.84,0.84,SWER150,,4f48fbf3-d6c1-472a-ba5f-48bb8efbb48f,,,4,0.0,0.0,0.041999999999999996,0.16000000000000003,,,,,,,
I5_2_OP_147__4f48fbf3-d6c1-472a-ba5f-48bb8efbb48f,23,0,0.58,0.58,SWER126,,4f48fbf3-d6c1-472a-ba5f-48bb8efbb48f,,,0,0.0,0.0,0.025217391304347823,0.42000000000000004,,,,,,,
I5_2_OP_147__c247e7b4-0751-414a-b59b-701b8bf05443,24,0,0.52,0.52,SWER126,,c247e7b4-0751-414a-b59b-701b8bf05443,,,0,0.62,0.0,0.021666666666666667,0.48,,,,,,,
IHSN_2502190007_APP1__278c5587-bba7-46ea-9c6a-d79aa8bd2a69,3,0,0.0,0.0,SWER102,,278c5587-bba7-46ea-9c6a-d79aa8bd2a69,,,0,0.0,0.0,0.0,1.0,,,,,,,
IHSN_2502190007_APP1__8c9c6b42-7a12-4eb3-935b-fc0437e7f33f,25,0,0.6,0.6,SWER102,,8c9c6b42-7a12-4eb3-935b-fc0437e7f33f,,,0,0.0,0.0,0.024,0.4,,,,,,,
IHSN_2502190007_APP2__278c5587-bba7-46ea-9c6a-d79aa8bd2a69,4,0,0.0,0.0,SWER102,,278c5587-bba7-46ea-9c6a-d79aa8bd2a69,,,0,0.0,0.0,0.0,1.0,,,,,,,
IHSN_2502190007_APP2__8c9c6b42-7a12-4eb3-935b-fc0437e7f33f,15,0,0.35,0.35,SWER102,,8c9c6b42-7a12-4eb3-935b-fc0437e7f33f,,,0,0.0,0.0,0.02333333333333333,0.65,,,,,,,
IHSN_2502190007_APP3__278c5587-bba7-46ea-9c6a-d79aa8bd2a69,4,0,0.0,0.0,SWER102,,278c5587-bba7-46ea-9c6a-d79aa8bd2a69,,,0,0.0,0.0,0.0,1.0,,,,,,,
IHSN_2502190007_APP3__8c9c6b42-7a12-4eb3-935b-fc0437e7f33f,6,0,0.1,0.1,SWER102,,8c9c6b42-7a12-4eb3-935b-fc0437e7f33f,,,0,0.0,0.0,0.016666666666666666,0.9,,,,,,,
KMW_AK_APP1__8c9c6b42-7a12-4eb3-935b-fc0437e7f33f,8,0,0.14,0.14,SWER103,,8c9c6b42-7a12-4eb3-935b-fc0437e7f33f,,,0,0.0,0.0,0.0175,0.86,,,,,,,
KMW_AK_APP2__8c9c6b42-7a12-4eb3-935b-fc0437e7f33f,5,0,0.0,0.0,SWER103,,8c9c6b42-7a12-4eb3-935b-fc0437e7f33f,,,0,0.0,0.0,0.0,1.0,,,,,,,
MARMUL AK_V_N9SPOT_P282_P__4f48fbf3-d6c1-472a-ba5f-48bb8efbb48f,20,0,0.9,0.9,SWER151,,4f48fbf3-d6c1-472a-ba5f-48bb8efbb48f,,,6,0.0,0.0,0.045,0.09999999999999998,,,,,,,
MARMUL NW-57__a4f2f41b-f539-4ad4-b275-95b53c5c9c7d,5,0,0.05,0.05,SWERIG98,,a4f2f41b-f539-4ad4-b275-95b53c5c9c7d,,,0,0.0,0.0,0.01,0.95,,,,,,,
MARMUL NW-62__4f48fbf3-d6c1-472a-ba5f-48bb8efbb48f,17,0,0.0,0.0,SWERIG98,,4f48fbf3-d6c1-472a-ba5f-48bb8efbb48f,,,0,0.0,0.0,0.0,1.0,,,,,,,
MARMUL NW-62__c247e7b4-0751-414a-b59b-701b8bf05443,24,0,0.85,0.85,SWERIG98,,c247e7b4-0751-414a-b59b-701b8bf05443,,,0,0.0,0.0,0.035416666666666666,0.15000000000000002,,,,,,,
MARMUL NW-63__4f48fbf3-d6c1-472a-ba5f-48bb8efbb48f,17,0,0.75,0.75,SWERIG98,,4f48fbf3-d6c1-472a-ba5f-48bb8efbb48f,,,0,0.0,0.98,0.04411764705882353,0.25,,,,,,,
MARMUL NW-63__c247e7b4-0751-414a-b59b-701b8bf05443,23,0,0.85,0.85,SWERIG98,,c247e7b4-0751-414a-b59b-701b8bf05443,,,0,0.0,0.0,0.03695652173913044,0.15000000000000002,,,,,,,
MARMUL-1671__4f48fbf3-d6c1-472a-ba5f-48bb8efbb48f,20,1,1.0,1.0,SWER148,,4f48fbf3-d6c1-472a-ba5f-48bb8efbb48f,,,8,0.0,0.0,0.05,0.0,20.0,0.0,2026-03-07,20.0,20.0,2026-03-07,2026-03-07
MARMUL-1673__4f48fbf3-d6c1-472a-ba5f-48bb8efbb48f,23,0,0.85,0.85,SWER127,,4f48fbf3-d6c1-472a-ba5f-48bb8efbb48f,,,34,0.0,1.0,0.03695652173913044,0.15000000000000002,,,,,,,
MARMUL-1673__c247e7b4-0751-414a-b59b-701b8bf05443,24,1,1.0,1.0,SWER127,,c247e7b4-0751-414a-b59b-701b8bf05443,,,0,1.0,0.0,0.041666666666666664,0.0,25.0,1.0,2026-03-14,20.0,25.0,2026-03-07,2026-03-14
MARMUL-1677__4f48fbf3-d6c1-472a-ba5f-48bb8efbb48f,20,1,1.0,1.0,SWER148,,4f48fbf3-d6c1-472a-ba5f-48bb8efbb48f,,,1,0.0,0.0,0.05,0.0,20.0,0.0,2026-03-07,20.0,20.0,2026-03-07,2026-03-07
MARMUL-1678__4f48fbf3-d6c1-472a-ba5f-48bb8efbb48f,19,0,0.9,0.9,SWER150,,4f48fbf3-d6c1-472a-ba5f-48bb8efbb48f,,,9,0.0,0.0,0.04736842105263158,0.09999999999999998,,,,,,,
MARMUL-1679__4f48fbf3-d6c1-472a-ba5f-48bb8efbb48f,20,0,0.89,0.89,SWER151,,4f48fbf3-d6c1-472a-ba5f-48bb8efbb48f,,,12,0.0,0.0,0.0445,0.10999999999999999,,,,,,,
MARMUL-1682__4f48fbf3-d6c1-472a-ba5f-48bb8efbb48f,23,0,0.9,0.9,SWER127,,4f48fbf3-d6c1-472a-ba5f-48bb8efbb48f,,,26,0.0,1.0,0.0391304347826087,0.09999999999999998,,,,,,,
MARMUL-1682__c247e7b4-0751-414a-b59b-701b8bf05443,24,0,0.83,0.83,SWER127,,c247e7b4-0751-414a-b59b-701b8bf05443,,,0,0.98,0.0,0.034583333333333334,0.17000000000000004,,,,,,,
MARMUL-1683__4f48fbf3-d6c1-472a-ba5f-48bb8efbb48f,20,0,0.88,0.88,SWER151,,4f48fbf3-d6c1-472a-ba5f-48bb8efbb48f,,,4,0.0,0.0,0.044,0.12,,,,,,,
MARMUL-1684__4f48fbf3-d6c1-472a-ba5f-48bb8efbb48f,20,0,0.9,0.9,SWER150,,4f48fbf3-d6c1-472a-ba5f-48bb8efbb48f,,,7,0.0,0.0,0.045,0.09999999999999998,,,,,,,
MARMUL-1685__4f48fbf3-d6c1-472a-ba5f-48bb8efbb48f,20,0,0.88,0.88,SWER148,,4f48fbf3-d6c1-472a-ba5f-48bb8efbb48f,,,7,0.0,0.0,0.044,0.12,,,,,,,
MARMUL-1692__4f48fbf3-d6c1-472a-ba5f-48bb8efbb48f,20,0,0.89,0.89,SWER150,,4f48fbf3-d6c1-472a-ba5f-48bb8efbb48f,,,6,0.0,0.0,0.0445,0.10999999999999999,,,,,,,
MARMUL-1693__4f48fbf3-d6c1-472a-ba5f-48bb8efbb48f,20,0,0.85,0.85,SWER151,,4f48fbf3-d6c1-472a-ba5f-48bb8efbb48f,,,7,0.0,0.0,0.042499999999999996,0.15000000000000002,,,,,,,
MARMUL-1696__4f48fbf3-d6c1-472a-ba5f-48bb8efbb48f,20,0,0.82,0.82,SWER151,,4f48fbf3-d6c1-472a-ba5f-48bb8efbb48f,,,2,0.0,0.0,0.040999999999999995,0.18000000000000005,,,,,,,
MARMUL-1697__4f48fbf3-d6c1-472a-ba5f-48bb8efbb48f,20,0,0.79,0.79,SWER148,,4f48fbf3-d6c1-472a-ba5f-48bb8efbb48f,,,0,0.0,0.0,0.0395,0.20999999999999996,,,,,,,
MARMUL-1698__4f48fbf3-d6c1-472a-ba5f-48bb8efbb48f,20,0,0.85,0.85,SWER150,,4f48fbf3-d6c1-472a-ba5f-48bb8efbb48f,,,7,0.0,0.0,0.042499999999999996,0.15000000000000002,,,,,,,
MARMUL-1699__4f48fbf3-d6c1-472a-ba5f-48bb8efbb48f,19,0,0.85,0.85,SWER127,,4f48fbf3-d6c1-472a-ba5f-48bb8efbb48f,,,4,0.0,1.0,0.04473684210526316,0.15000000000000002,,,,,,,
MARMUL-1700__4f48fbf3-d6c1-472a-ba5f-48bb8efbb48f,18,0,0.84,0.84,SWER150,,4f48fbf3-d6c1-472a-ba5f-48bb8efbb48f,,,2,0.0,0.0,0.04666666666666666,0.16000000000000003,,,,,,,
MARMUL-1701__4f48fbf3-d6c1-472a-ba5f-48bb8efbb48f,17,0,0.85,0.85,SWER151,,4f48fbf3-d6c1-472a-ba5f-48bb8efbb48f,,,6,0.0,0.0,0.049999999999999996,0.15000000000000002,,,,,,,
MARMUL-1702__4f48fbf3-d6c1-472a-ba5f-48bb8efbb48f,17,0,0.85,0.85,SWER148,,4f48fbf3-d6c1-472a-ba5f-48bb8efbb48f,,,6,0.0,0.0,0.049999999999999996,0.15000000000000002,,,,,,,
MARMUL-1705__4f48fbf3-d6c1-472a-ba5f-48bb8efbb48f,11,0,0.85,0.85,SWER148,,4f48fbf3-d6c1-472a-ba5f-48bb8efbb48f,,,10,0.0,0.0,0.07727272727272727,0.15000000000000002,,,,,,,
MARMUL-1707__4f48fbf3-d6c1-472a-ba5f-48bb8efbb48f,12,0,0.39,0.39,SWER150,,4f48fbf3-d6c1-472a-ba5f-48bb8efbb48f,,,0,0.0,0.0,0.0325,0.61,,,,,,,
MDNE_200M_APP_SW_OP1__4f48fbf3-d6c1-472a-ba5f-48bb8efbb48f,23,0,0.0,0.0,SWER128,,4f48fbf3-d6c1-472a-ba5f-48bb8efbb48f,,,0,0.0,0.0,0.0,1.0,,,,,,,
MDNE_200M_APP_SW_OP1__c247e7b4-0751-414a-b59b-701b8bf05443,23,0,0.0,0.0,SWER128,,c247e7b4-0751-414a-b59b-701b8bf05443,,,0,0.0,0.0,0.0,1.0,,,,,,,
MDNE_200M_SE_OP1__4f48fbf3-d6c1-472a-ba5f-48bb8efbb48f,22,0,0.63,0.63,SWER129,,4f48fbf3-d6c1-472a-ba5f-48bb8efbb48f,,,0,0.0,0.92,0.028636363636363637,0.37,,,,,,,
MDNE_200M_SE_OP1__c247e7b4-0751-414a-b59b-701b8bf05443,24,0,0.71,0.71,SWER129,,c247e7b4-0751-414a-b59b-701b8bf05443,,,0,0.0,0.0,0.029583333333333333,0.29000000000000004,,,,,,,
MDNE_200M_SE_OP2__4f48fbf3-d6c1-472a-ba5f-48bb8efbb48f,22,0,0.61,0.61,SWER129,,4f48fbf3-d6c1-472a-ba5f-48bb8efbb48f,,,0,0.0,0.9,0.027727272727272725,0.39,,,,,,,
MDNE_200M_SE_OP2__c247e7b4-0751-414a-b59b-701b8bf05443,24,0,0.59,0.59,SWER129,,c247e7b4-0751-414a-b59b-701b8bf05443,,,0,0.0,0.0,0.024583333333333332,0.41000000000000003,,,,,,,
MDNE_200M_SE_OP5__4f48fbf3-d6c1-472a-ba5f-48bb8efbb48f,22,0,0.63,0.57,SWER129,,4f48fbf3-d6c1-472a-ba5f-48bb8efbb48f,,,0,0.0,0.78,0.025909090909090906,0.43000000000000005,,,,,,,
MDNE_200M_SE_OP5__c247e7b4-0751-414a-b59b-701b8bf05443,24,0,0.61,0.61,SWER129,,c247e7b4-0751-414a-b59b-701b8bf05443,,,0,0.0,0.0,0.025416666666666667,0.39,,,,,,,
MDNE_200M_SE_OP6__4f48fbf3-d6c1-472a-ba5f-48bb8efbb48f,22,0,0.62,0.61,SWER129,,4f48fbf3-d6c1-472a-ba5f-48bb8efbb48f,,,0,0.0,0.9,0.027727272727272725,0.39,,,,,,,
MDNE_200M_SE_OP6__c247e7b4-0751-414a-b59b-701b8bf05443,24,0,0.64,0.64,SWER129,,c247e7b4-0751-414a-b59b-701b8bf05443,,,0,0.0,0.0,0.02666666666666667,0.36,,,,,,,
MDNE_200M_SE_OP8__4f48fbf3-d6c1-472a-ba5f-48bb8efbb48f,22,0,0.63,0.63,SWER129,,4f48fbf3-d6c1-472a-ba5f-48bb8efbb48f,,,0,0.0,0.89,0.028636363636363637,0.37,,,,,,,
MDNE_200M_SE_OP8__c247e7b4-0751-414a-b59b-701b8bf05443,24,0,0.79,0.79,SWER129,,c247e7b4-0751-414a-b59b-701b8bf05443,,,0,0.0,0.0,0.03291666666666667,0.20999999999999996,,,,,,,
MDNE_200M_SE_OP9__4f48fbf3-d6c1-472a-ba5f-48bb8efbb48f,22,0,0.9,0.9,SWER128,,4f48fbf3-d6c1-472a-ba5f-48bb8efbb48f,,,2,0.0,1.0,0.04090909090909091,0.09999999999999998,,,,,,,
MDNE_200M_SE_OP9__c247e7b4-0751-414a-b59b-701b8bf05443,24,0,0.85,0.85,SWER128,,c247e7b4-0751-414a-b59b-701b8bf05443,,,0,0.0,0.0,0.035416666666666666,0.15000000000000002,,,,,,,
MDNE_LG2_HZ_APP_OP1__4f48fbf3-d6c1-472a-ba5f-48bb8efbb48f,22,0,0.0,0.0,SWER128,,4f48fbf3-d6c1-472a-ba5f-48bb8efbb48f,,,0,0.0,0.0,0.0,1.0,,,,,,,
MDNE_LG2_HZ_APP_OP1__c247e7b4-0751-414a-b59b-701b8bf05443,23,0,0.0,0.0,SWER128,,c247e7b4-0751-414a-b59b-701b8bf05443,,,0,0.0,0.0,0.0,1.0,,,,,,,
MDSW_EF_26_LOC1__4f48fbf3-d6c1-472a-ba5f-48bb8efbb48f,21,0,0.8,0.8,SWER133,,4f48fbf3-d6c1-472a-ba5f-48bb8efbb48f,,,0,0.0,0.97,0.0380952380952381,0.19999999999999996,,,,,,,
MDSW_EF_26_LOC1__c247e7b4-0751-414a-b59b-701b8bf05443,24,0,0.84,0.84,SWER133,,c247e7b4-0751-414a-b59b-701b8bf05443,,,0,1.0,0.0,0.034999999999999996,0.16000000000000003,,,,,,,
MISBAH_LG3_OP_LOC4__278c5587-bba7-46ea-9c6a-d79aa8bd2a69,24,0,0.0,0.0,SWER149,,278c5587-bba7-46ea-9c6a-d79aa8bd2a69,2006288.83,352443.44,0,0.0,0.0,0.0,1.0,,,,,,,
MISBAH_LG3_OP_LOC6__278c5587-bba7-46ea-9c6a-d79aa8bd2a69,24,0,0.0,0.0,SWER149,,278c5587-bba7-46ea-9c6a-d79aa8bd2a69,2006388.24,353324.91,0,0.0,0.0,0.0,1.0,,,,,,,
MM-GSR-CNMGLG1_15-OP__4f48fbf3-d6c1-472a-ba5f-48bb8efbb48f,4,0,0.21,0.21,SWER127,,4f48fbf3-d6c1-472a-ba5f-48bb8efbb48f,,,0,0.0,0.3,0.0525,0.79,,,,,,,
MM-GSR-ENLG2_10-OP__4f48fbf3-d6c1-472a-ba5f-48bb8efbb48f,20,0,0.85,0.85,SWER127,,4f48fbf3-d6c1-472a-ba5f-48bb8efbb48f,,,4,0.0,0.0,0.042499999999999996,0.15000000000000002,,,,,,,
MMAK_P1_AREA1_OP_3__4f48fbf3-d6c1-472a-ba5f-48bb8efbb48f,23,1,1.0,1.0,SWER127,,4f48fbf3-d6c1-472a-ba5f-48bb8efbb48f,,,5,0.0,1.0,0.043478260869565216,0.0,25.0,2.0,2026-03-21,20.0,25.0,2026-03-07,2026-03-21
MMAK_P1_AREA1_OP_3__c247e7b4-0751-414a-b59b-701b8bf05443,24,1,1.0,1.0,SWER127,,c247e7b4-0751-414a-b59b-701b8bf05443,,,0,1.0,0.0,0.041666666666666664,0.0,25.0,1.0,2026-03-14,20.0,25.0,2026-03-07,2026-03-14
MMAK_P1_AREA1_WI_1__4f48fbf3-d6c1-472a-ba5f-48bb8efbb48f,23,0,0.1,0.1,SWER127,,4f48fbf3-d6c1-472a-ba5f-48bb8efbb48f,,,0,0.0,0.15,0.004347826086956522,0.9,,,,,,,
MMAK_P1_AREA1_WI_1__c247e7b4-0751-414a-b59b-701b8bf05443,23,0,0.02,0.02,SWER127,,c247e7b4-0751-414a-b59b-701b8bf05443,,,0,0.0,0.0,0.0008695652173913044,0.98,,,,,,,
MMNW-B4&10-INFILL-OP-03__4f48fbf3-d6c1-472a-ba5f-48bb8efbb48f,23,0,0.0,0.0,SWER126,,4f48fbf3-d6c1-472a-ba5f-48bb8efbb48f,,,0,0.0,0.0,0.0,1.0,,,,,,,
MMNW-B4&10-INFILL-OP-03__c247e7b4-0751-414a-b59b-701b8bf05443,24,0,0.0,0.0,SWER126,,c247e7b4-0751-414a-b59b-701b8bf05443,,,0,0.0,0.0,0.0,1.0,,,,,,,
MMNW-B6-2PUD-OP-01__c247e7b4-0751-414a-b59b-701b8bf05443,23,0,0.0,0.0,SWER128,,c247e7b4-0751-414a-b59b-701b8bf05443,,,0,0.0,0.0,0.0,1.0,,,,,,,
MM_GNR_LG1_BB_OP_3 B__4f48fbf3-d6c1-472a-ba5f-48bb8efbb48f,19,0,0.16,0.16,SWER126,,4f48fbf3-d6c1-472a-ba5f-48bb8efbb48f,,,0,0.0,0.0,0.008421052631578947,0.84,,,,,,,
MM_GNR_LG1_BB_OP_3 B__c247e7b4-0751-414a-b59b-701b8bf05443,23,0,0.3,0.3,SWER126,,c247e7b4-0751-414a-b59b-701b8bf05443,,,0,0.0,0.0,0.013043478260869565,0.7,,,,,,,
MM_GNR_LG1_DB_OP_2__4f48fbf3-d6c1-472a-ba5f-48bb8efbb48f,19,0,0.16,0.16,SWER126,,4f48fbf3-d6c1-472a-ba5f-48bb8efbb48f,,,0,0.0,0.0,0.008421052631578947,0.84,,,,,,,
MM_GNR_LG1_DB_OP_2__c247e7b4-0751-414a-b59b-701b8bf05443,23,0,0.4,0.4,SWER126,,c247e7b4-0751-414a-b59b-701b8bf05443,,,0,0.0,0.0,0.017391304347826087,0.6,,,,,,,
MM_GNR_LG2_AB_OP_2__4f48fbf3-d6c1-472a-ba5f-48bb8efbb48f,23,0,0.06,0.06,SWER126,,4f48fbf3-d6c1-472a-ba5f-48bb8efbb48f,,,0,0.0,0.09,0.002608695652173913,0.94,,,,,,,
MM_GNR_LG2_AB_OP_2__c247e7b4-0751-414a-b59b-701b8bf05443,24,0,0.45,0.45,SWER126,,c247e7b4-0751-414a-b59b-701b8bf05443,,,0,0.0,0.0,0.01875,0.55,,,,,,,
MM_GNR_LG2_AB_OP_4__4f48fbf3-d6c1-472a-ba5f-48bb8efbb48f,19,0,0.13,0.13,SWER126,,4f48fbf3-d6c1-472a-ba5f-48bb8efbb48f,,,0,0.0,0.0,0.006842105263157895,0.87,,,,,,,
MM_GNR_LG2_AB_OP_4__c247e7b4-0751-414a-b59b-701b8bf05443,23,0,0.48,0.48,SWER126,,c247e7b4-0751-414a-b59b-701b8bf05443,,,0,0.0,0.0,0.020869565217391303,0.52,,,,,,,
MM_HW_WI_DEEP_01__4f48fbf3-d6c1-472a-ba5f-48bb8efbb48f,21,0,0.56,0.56,SWER129,,4f48fbf3-d6c1-472a-ba5f-48bb8efbb48f,,,0,0.0,0.0,0.02666666666666667,0.43999999999999995,,,,,,,
NIMR-1621__278c5587-bba7-46ea-9c6a-d79aa8bd2a69,25,0,0.0,0.0,SWER102,No Artificial Lift,278c5587-bba7-46ea-9c6a-d79aa8bd2a69,2066801.12,390334.32,0,0.0,0.0,0.0,1.0,,,,,,,
NIMR-1624__278c5587-bba7-46ea-9c6a-d79aa8bd2a69,25,0,0.0,0.0,SWER102,No Artificial Lift,278c5587-bba7-46ea-9c6a-d79aa8bd2a69,2066841.53,391242.77,0,0.0,0.0,0.0,1.0,,,,,,,
NIMR-1627__278c5587-bba7-46ea-9c6a-d79aa8bd2a69,24,0,0.12,0.12,SWER102,No Artificial Lift,278c5587-bba7-46ea-9c6a-d79aa8bd2a69,2066915.96,390046.73,0,0.0,0.12,0.005,0.88,,,,,,,
NIMR-1629__278c5587-bba7-46ea-9c6a-d79aa8bd2a69,24,0,0.1,0.1,SWER102,No Artificial Lift,278c5587-bba7-46ea-9c6a-d79aa8bd2a69,2066386.17,391596.22,0,0.0,0.1,0.004166666666666667,0.9,,,,,,,
NIMR-1630__278c5587-bba7-46ea-9c6a-d79aa8bd2a69,25,0,0.05,0.05,SWER103,No Artificial Lift,278c5587-bba7-46ea-9c6a-d79aa8bd2a69,2058796.52,379599.71,0,0.0,0.05,0.002,0.95,,,,,,,
NIMR-1631__278c5587-bba7-46ea-9c6a-d79aa8bd2a69,25,0,0.07,0.07,SWER104,No Artificial Lift,278c5587-bba7-46ea-9c6a-d79aa8bd2a69,2062922.95,386413.25,0,0.0,0.07,0.0028000000000000004,0.9299999999999999,,,,,,,
NIMR-1636__278c5587-bba7-46ea-9c6a-d79aa8bd2a69,24,0,0.21,0.21,SWER103,,278c5587-bba7-46ea-9c6a-d79aa8bd2a69,2059759.92,379814.61,0,0.0,0.21,0.008749999999999999,0.79,,,,,,,
NIMR-1640__278c5587-bba7-46ea-9c6a-d79aa8bd2a69,24,0,0.24,0.24,SWER103,No Artificial Lift,278c5587-bba7-46ea-9c6a-d79aa8bd2a69,2058380.19,379852.08,0,0.0,0.24,0.01,0.76,,,,,,,
NIMR-1646__278c5587-bba7-46ea-9c6a-d79aa8bd2a69,25,0,0.0,0.0,SWER103,No Artificial Lift,278c5587-bba7-46ea-9c6a-d79aa8bd2a69,2059385.26,379385.42,0,0.0,0.0,0.0,1.0,,,,,,,
NIMR-1648__278c5587-bba7-46ea-9c6a-d79aa8bd2a69,25,0,0.0,0.0,SWER102,No Artificial Lift,278c5587-bba7-46ea-9c6a-d79aa8bd2a69,2062245.94,387426.44,0,0.0,0.0,0.0,1.0,,,,,,,
NIMR-1650__278c5587-bba7-46ea-9c6a-d79aa8bd2a69,25,0,0.06,0.06,SWER103,No Artificial Lift,278c5587-bba7-46ea-9c6a-d79aa8bd2a69,2062196.52,386582.5,0,0.0,0.06,0.0024,0.94,,,,,,,
NIMR-1652__278c5587-bba7-46ea-9c6a-d79aa8bd2a69,25,0,0.09,0.09,SWER102,No Artificial Lift,278c5587-bba7-46ea-9c6a-d79aa8bd2a69,2062229.56,386486.85,0,0.0,0.09,0.0036,0.91,,,,,,,
NIMR-1658__278c5587-bba7-46ea-9c6a-d79aa8bd2a69,25,0,0.11,0.11,SWER137,No Artificial Lift,278c5587-bba7-46ea-9c6a-d79aa8bd2a69,2059779.67,379137.71,0,0.0,0.11,0.0044,0.89,,,,,,,
NIMR-1659__278c5587-bba7-46ea-9c6a-d79aa8bd2a69,25,1,1.0,1.0,SWER102,PCP,278c5587-bba7-46ea-9c6a-d79aa8bd2a69,2062683.83,386664.18,0,0.0,1.0,0.04,0.0,25.0,0.0,2026-03-07,21.0,25.0,2026-03-07,2026-03-07
NIMR-1660__278c5587-bba7-46ea-9c6a-d79aa8bd2a69,25,0,0.02,0.02,SWER103,No Artificial Lift,278c5587-bba7-46ea-9c6a-d79aa8bd2a69,2063152.61,387323.42,0,0.0,0.02,0.0008,0.98,,,,,,,
NIMR-1662__278c5587-bba7-46ea-9c6a-d79aa8bd2a69,25,0,0.05,0.05,SWER137,No Artificial Lift,278c5587-bba7-46ea-9c6a-d79aa8bd2a69,2059728.1,379178.8,0,0.0,0.05,0.002,0.95,,,,,,,
NIMR-1664__278c5587-bba7-46ea-9c6a-d79aa8bd2a69,25,0,0.08,0.08,SWER103,No Artificial Lift,278c5587-bba7-46ea-9c6a-d79aa8bd2a69,2062758.85,386461.55,0,0.0,0.08,0.0032,0.92,,,,,,,
NIMR-1666__278c5587-bba7-46ea-9c6a-d79aa8bd2a69,25,0,0.0,0.0,SWER137,,278c5587-bba7-46ea-9c6a-d79aa8bd2a69,2060046.42,379529.59,0,0.0,0.0,0.0,1.0,,,,,,,
NIMR-1668__278c5587-bba7-46ea-9c6a-d79aa8bd2a69,25,0,0.07,0.07,SWER103,No Artificial Lift,278c5587-bba7-46ea-9c6a-d79aa8bd2a69,2062693.12,386437.91,0,0.0,0.07,0.0028000000000000004,0.9299999999999999,,,,,,,
NIMR-1669__278c5587-bba7-46ea-9c6a-d79aa8bd2a69,25,0,0.0,0.0,SWER137,No Artificial Lift,278c5587-bba7-46ea-9c6a-d79aa8bd2a69,2059324.34,379406.71,0,0.0,0.0,0.0,1.0,,,,,,,
NIMR-1671__278c5587-bba7-46ea-9c6a-d79aa8bd2a69,25,0,0.0,0.0,SWER103,No Artificial Lift,278c5587-bba7-46ea-9c6a-d79aa8bd2a69,2063091.74,387282.15,0,0.0,0.0,0.0,1.0,,,,,,,
NIMR-1672__278c5587-bba7-46ea-9c6a-d79aa8bd2a69,25,1,1.0,1.0,SWER102,PCP,278c5587-bba7-46ea-9c6a-d79aa8bd2a69,2066472.03,390118.0,0,0.0,1.0,0.04,0.0,25.0,0.0,2026-03-07,21.0,25.0,2026-03-07,2026-03-07
NIMR-1673__278c5587-bba7-46ea-9c6a-d79aa8bd2a69,25,0,0.43,0.43,SWER137,No Artificial Lift,278c5587-bba7-46ea-9c6a-d79aa8bd2a69,2060510.01,379352.04,0,0.0,0.43,0.0172,0.5700000000000001,,,,,,,
NIMR-1675__278c5587-bba7-46ea-9c6a-d79aa8bd2a69,25,0,0.0,0.0,SWER103,No Artificial Lift,278c5587-bba7-46ea-9c6a-d79aa8bd2a69,2062545.72,387174.04,0,0.0,0.0,0.0,1.0,,,,,,,
NIMR-1677__278c5587-bba7-46ea-9c6a-d79aa8bd2a69,25,1,1.0,1.0,SWER104,PCP,278c5587-bba7-46ea-9c6a-d79aa8bd2a69,2068333.08,388558.92,0,0.0,1.0,0.04,0.0,25.0,0.0,2026-03-07,21.0,25.0,2026-03-07,2026-03-07
NIMR-1678__278c5587-bba7-46ea-9c6a-d79aa8bd2a69,25,0,0.46,0.46,SWER137,No Artificial Lift,278c5587-bba7-46ea-9c6a-d79aa8bd2a69,2058574.32,379114.78,0,0.0,0.46,0.0184,0.54,,,,,,,
NIMR-1681__278c5587-bba7-46ea-9c6a-d79aa8bd2a69,25,0,0.31,0.31,SWER137,No Artificial Lift,278c5587-bba7-46ea-9c6a-d79aa8bd2a69,2059301.82,379152.07,0,0.0,0.31,0.0124,0.69,,,,,,,
NIMR-1682__278c5587-bba7-46ea-9c6a-d79aa8bd2a69,25,0,0.0,0.0,SWERIG82,PCP,278c5587-bba7-46ea-9c6a-d79aa8bd2a69,2059523.91,378945.51,0,0.0,0.0,0.0,1.0,,,,,,,
NIMR-1682__8c9c6b42-7a12-4eb3-935b-fc0437e7f33f,26,0,0.95,0.95,SWERIG82,PCP,8c9c6b42-7a12-4eb3-935b-fc0437e7f33f,2059523.91,378945.51,0,1.0,0.0,0.036538461538461534,0.050000000000000044,,,,,,,
NIMR-1683__278c5587-bba7-46ea-9c6a-d79aa8bd2a69,25,0,0.27,0.27,SWER102,No Artificial Lift,278c5587-bba7-46ea-9c6a-d79aa8bd2a69,2059058.72,378938.93,0,0.0,0.27,0.0108,0.73,,,,,,,
NIMR-1684__278c5587-bba7-46ea-9c6a-d79aa8bd2a69,24,0,0.59,0.59,SWER103,,278c5587-bba7-46ea-9c6a-d79aa8bd2a69,,,0,0.0,0.0,0.024583333333333332,0.41000000000000003,,,,,,,
NIMR-1684__8c9c6b42-7a12-4eb3-935b-fc0437e7f33f,26,0,0.95,0.95,SWER103,,8c9c6b42-7a12-4eb3-935b-fc0437e7f33f,,,0,1.0,0.0,0.036538461538461534,0.050000000000000044,,,,,,,
NIMR-1685__278c5587-bba7-46ea-9c6a-d79aa8bd2a69,24,0,0.1,0.1,SWER104,,278c5587-bba7-46ea-9c6a-d79aa8bd2a69,,,0,0.0,0.14,0.004166666666666667,0.9,,,,,,,
NIMR-1685__8c9c6b42-7a12-4eb3-935b-fc0437e7f33f,26,0,0.95,0.95,SWER104,,8c9c6b42-7a12-4eb3-935b-fc0437e7f33f,,,0,0.0,0.0,0.036538461538461534,0.050000000000000044,,,,,,,
NIMR-1687__278c5587-bba7-46ea-9c6a-d79aa8bd2a69,25,0,0.0,0.0,SWERIG82,PCP,278c5587-bba7-46ea-9c6a-d79aa8bd2a69,2059621.86,379674.55,0,0.0,0.0,0.0,1.0,,,,,,,
NIMR-1687__8c9c6b42-7a12-4eb3-935b-fc0437e7f33f,26,0,0.95,0.95,SWERIG82,PCP,8c9c6b42-7a12-4eb3-935b-fc0437e7f33f,2059621.86,379674.55,0,1.0,0.0,0.036538461538461534,0.050000000000000044,,,,,,,
NIMR-1688__278c5587-bba7-46ea-9c6a-d79aa8bd2a69,24,0,0.37,0.37,SWER103,,278c5587-bba7-46ea-9c6a-d79aa8bd2a69,,,0,0.0,0.42,0.015416666666666667,0.63,,,,,,,
NIMR-1688__8c9c6b42-7a12-4eb3-935b-fc0437e7f33f,26,0,0.85,0.85,SWER103,,8c9c6b42-7a12-4eb3-935b-fc0437e7f33f,,,0,1.0,0.0,0.032692307692307694,0.15000000000000002,,,,,,,
NIMR-1689__8c9c6b42-7a12-4eb3-935b-fc0437e7f33f,26,0,0.85,0.85,SWER102,,8c9c6b42-7a12-4eb3-935b-fc0437e7f33f,,,0,1.0,0.0,0.032692307692307694,0.15000000000000002,,,,,,,
NIMR-1690__278c5587-bba7-46ea-9c6a-d79aa8bd2a69,24,0,0.23,0.21,SWER103,,278c5587-bba7-46ea-9c6a-d79aa8bd2a69,,,0,0.0,0.24,0.008749999999999999,0.79,,,,,,,
NIMR-1690__8c9c6b42-7a12-4eb3-935b-fc0437e7f33f,26,0,0.85,0.85,SWER103,,8c9c6b42-7a12-4eb3-935b-fc0437e7f33f,,,0,0.0,0.0,0.032692307692307694,0.15000000000000002,,,,,,,
NIMR-1691__278c5587-bba7-46ea-9c6a-d79aa8bd2a69,24,0,0.03,0.03,SWER104,Beam Pump,278c5587-bba7-46ea-9c6a-d79aa8bd2a69,2073275.99,391634.98,0,0.0,0.0,0.00125,0.97,,,,,,,
NIMR-1691__8c9c6b42-7a12-4eb3-935b-fc0437e7f33f,26,0,0.85,0.85,SWER104,Beam Pump,8c9c6b42-7a12-4eb3-935b-fc0437e7f33f,2073275.99,391634.98,0,0.0,0.0,0.032692307692307694,0.15000000000000002,,,,,,,
NIMR-1692__278c5587-bba7-46ea-9c6a-d79aa8bd2a69,14,0,0.18,0.18,SWER104,,278c5587-bba7-46ea-9c6a-d79aa8bd2a69,,,0,0.0,0.0,0.012857142857142857,0.8200000000000001,,,,,,,
NIMR-1692__8c9c6b42-7a12-4eb3-935b-fc0437e7f33f,14,0,0.85,0.85,SWER104,,8c9c6b42-7a12-4eb3-935b-fc0437e7f33f,,,0,0.0,0.0,0.060714285714285714,0.15000000000000002,,,,,,,
NIMRB_1609240004_OP3__8c9c6b42-7a12-4eb3-935b-fc0437e7f33f,25,0,0.0,0.0,SWER102,,8c9c6b42-7a12-4eb3-935b-fc0437e7f33f,,,0,0.0,0.0,0.0,1.0,,,,,,,
NIMRB_1609240004_OP4__8c9c6b42-7a12-4eb3-935b-fc0437e7f33f,25,0,0.0,0.0,SWER102,,8c9c6b42-7a12-4eb3-935b-fc0437e7f33f,,,0,0.0,0.0,0.0,1.0,,,,,,,
NIMRB_1609240004_OP5__8c9c6b42-7a12-4eb3-935b-fc0437e7f33f,25,0,0.0,0.0,SWER102,,8c9c6b42-7a12-4eb3-935b-fc0437e7f33f,,,0,0.0,0.0,0.0,1.0,,,,,,,
NIMRB_1609240004_OP6__8c9c6b42-7a12-4eb3-935b-fc0437e7f33f,25,0,0.0,0.0,SWER102,,8c9c6b42-7a12-4eb3-935b-fc0437e7f33f,,,0,0.0,0.0,0.0,1.0,,,,,,,
NIMRE_1509220020_OP1__8c9c6b42-7a12-4eb3-935b-fc0437e7f33f,25,0,0.48,0.48,SWER104,,8c9c6b42-7a12-4eb3-935b-fc0437e7f33f,,,0,0.0,0.0,0.0192,0.52,,,,,,,
NIMRE_1509220020_OP2__8c9c6b42-7a12-4eb3-935b-fc0437e7f33f,18,0,0.26,0.26,SWER104,,8c9c6b42-7a12-4eb3-935b-fc0437e7f33f,,,0,0.0,0.0,0.014444444444444446,0.74,,,,,,,
NIMRE_2409200041_OP1__8c9c6b42-7a12-4eb3-935b-fc0437e7f33f,5,0,0.0,0.0,SWER104,,8c9c6b42-7a12-4eb3-935b-fc0437e7f33f,,,0,0.0,0.0,0.0,1.0,,,,,,,
NIMRE_2409200041_OP2__8c9c6b42-7a12-4eb3-935b-fc0437e7f33f,5,0,0.0,0.0,SWER104,,8c9c6b42-7a12-4eb3-935b-fc0437e7f33f,,,0,0.0,0.0,0.0,1.0,,,,,,,
NIMRE_6368431_OP1__278c5587-bba7-46ea-9c6a-d79aa8bd2a69,24,0,0.01,0.01,SWER104,PCP,278c5587-bba7-46ea-9c6a-d79aa8bd2a69,2067785.15,389068.62,0,0.0,0.01,0.0004166666666666667,0.99,,,,,,,
NIMRG_1409230007_P23__278c5587-bba7-46ea-9c6a-d79aa8bd2a69,25,0,0.08,0.08,SWER101,,278c5587-bba7-46ea-9c6a-d79aa8bd2a69,,,0,0.0,0.0,0.0032,0.92,,,,,,,
NIMRG_2205240004_AP1__278c5587-bba7-46ea-9c6a-d79aa8bd2a69,10,0,0.13,0.13,SWER104,,278c5587-bba7-46ea-9c6a-d79aa8bd2a69,,,0,0.0,0.0,0.013000000000000001,0.87,,,,,,,
NIMRG_2205240004_AP1__8c9c6b42-7a12-4eb3-935b-fc0437e7f33f,11,0,0.85,0.85,SWER104,,8c9c6b42-7a12-4eb3-935b-fc0437e7f33f,,,0,0.0,0.0,0.07727272727272727,0.15000000000000002,,,,,,,
NIMRG_2205240004_AP2__278c5587-bba7-46ea-9c6a-d79aa8bd2a69,24,0,0.24,0.24,SWER104,,278c5587-bba7-46ea-9c6a-d79aa8bd2a69,,,0,0.0,0.0,0.01,0.76,,,,,,,
NIMRG_2205240004_AP2__8c9c6b42-7a12-4eb3-935b-fc0437e7f33f,25,0,0.85,0.85,SWER104,,8c9c6b42-7a12-4eb3-935b-fc0437e7f33f,,,0,0.0,0.0,0.034,0.15000000000000002,,,,,,,
NM-A_PI10__278c5587-bba7-46ea-9c6a-d79aa8bd2a69,25,0,0.0,0.0,SWER104,No Artificial Lift,278c5587-bba7-46ea-9c6a-d79aa8bd2a69,2060467.4,379301.96,0,0.0,0.0,0.0,1.0,,,,,,,
NM-A_PI11__278c5587-bba7-46ea-9c6a-d79aa8bd2a69,25,0,0.0,0.0,SWER102,No Artificial Lift,278c5587-bba7-46ea-9c6a-d79aa8bd2a69,2059083.3,379097.84,0,0.0,0.0,0.0,1.0,,,,,,,
NM-A_PI14__278c5587-bba7-46ea-9c6a-d79aa8bd2a69,25,0,0.12,0.12,SWER137,No Artificial Lift,278c5587-bba7-46ea-9c6a-d79aa8bd2a69,2058835.51,379442.08,0,0.0,0.12,0.0048,0.88,,,,,,,
NM-A_PI16__278c5587-bba7-46ea-9c6a-d79aa8bd2a69,25,0,0.2,0.2,SWER104,No Artificial Lift,278c5587-bba7-46ea-9c6a-d79aa8bd2a69,2058614.34,379198.8,0,0.0,0.2,0.008,0.8,,,,,,,
NM-A_PI1__278c5587-bba7-46ea-9c6a-d79aa8bd2a69,25,0,0.14,0.14,SWER103,No Artificial Lift,278c5587-bba7-46ea-9c6a-d79aa8bd2a69,2059012.99,379812.01,0,0.0,0.14,0.005600000000000001,0.86,,,,,,,
NM-A_PI21__278c5587-bba7-46ea-9c6a-d79aa8bd2a69,24,0,0.0,0.0,SWER104,No Artificial Lift,278c5587-bba7-46ea-9c6a-d79aa8bd2a69,2058008.03,379660.1,0,0.0,0.0,0.0,1.0,,,,,,,
NM-A_PI23__278c5587-bba7-46ea-9c6a-d79aa8bd2a69,25,0,0.35,0.35,SWER104,No Artificial Lift,278c5587-bba7-46ea-9c6a-d79aa8bd2a69,2058984.26,378947.01,0,0.0,0.35,0.013999999999999999,0.65,,,,,,,
NM-A_PI24__278c5587-bba7-46ea-9c6a-d79aa8bd2a69,25,0,0.0,0.0,SWER104,No Artificial Lift,278c5587-bba7-46ea-9c6a-d79aa8bd2a69,2058043.27,379609.95,0,0.0,0.0,0.0,1.0,,,,,,,
NM-A_PI25__278c5587-bba7-46ea-9c6a-d79aa8bd2a69,25,0,0.0,0.0,SWER104,No Artificial Lift,278c5587-bba7-46ea-9c6a-d79aa8bd2a69,2059335.69,379275.09,0,0.0,0.0,0.0,1.0,,,,,,,
NM-A_PI26__278c5587-bba7-46ea-9c6a-d79aa8bd2a69,25,0,0.0,0.0,SWER104,No Artificial Lift,278c5587-bba7-46ea-9c6a-d79aa8bd2a69,2058422.88,379806.27,0,0.0,0.0,0.0,1.0,,,,,,,
NM-A_PI2__278c5587-bba7-46ea-9c6a-d79aa8bd2a69,25,0,0.0,0.0,SWER104,,278c5587-bba7-46ea-9c6a-d79aa8bd2a69,2059962.99,379461.93,0,0.0,0.0,0.0,1.0,,,,,,,
NM-A_PI4__278c5587-bba7-46ea-9c6a-d79aa8bd2a69,24,0,0.05,0.05,SWER103,No Artificial Lift,278c5587-bba7-46ea-9c6a-d79aa8bd2a69,2059905.54,379428.43,0,0.0,0.05,0.0020833333333333333,0.95,,,,,,,
NM-A_PI5__278c5587-bba7-46ea-9c6a-d79aa8bd2a69,25,0,0.0,0.0,SWER103,No Artificial Lift,278c5587-bba7-46ea-9c6a-d79aa8bd2a69,2058952.03,379511.59,0,0.0,0.0,0.0,1.0,,,,,,,
NM-A_PI8__278c5587-bba7-46ea-9c6a-d79aa8bd2a69,25,0,0.0,0.0,SWER103,No Artificial Lift,278c5587-bba7-46ea-9c6a-d79aa8bd2a69,2059226.0,379427.01,0,0.0,0.0,0.0,1.0,,,,,,,
NME_E1_10_PI_2109220030__278c5587-bba7-46ea-9c6a-d79aa8bd2a69,25,0,0.0,0.0,SWER103,No Artificial Lift,278c5587-bba7-46ea-9c6a-d79aa8bd2a69,2062615.23,387202.97,0,0.0,0.0,0.0,1.0,,,,,,,
NME_E1_12_PI_2109220030__278c5587-bba7-46ea-9c6a-d79aa8bd2a69,25,0,0.48,0.48,SWER103,No Artificial Lift,278c5587-bba7-46ea-9c6a-d79aa8bd2a69,2061792.39,386517.67,0,0.0,0.48,0.0192,0.52,,,,,,,
NME_E1_13_PI_2109220030__278c5587-bba7-46ea-9c6a-d79aa8bd2a69,25,0,0.0,0.0,SWER103,No Artificial Lift,278c5587-bba7-46ea-9c6a-d79aa8bd2a69,2061773.14,386580.27,0,0.0,0.0,0.0,1.0,,,,,,,
NME_E1_14_PI_2109220030__278c5587-bba7-46ea-9c6a-d79aa8bd2a69,25,0,0.58,0.58,SWER103,No Artificial Lift,278c5587-bba7-46ea-9c6a-d79aa8bd2a69,2061758.0,386697.02,0,0.0,0.58,0.0232,0.42000000000000004,,,,,,,
NME_E1_15_OP__278c5587-bba7-46ea-9c6a-d79aa8bd2a69,25,0,0.52,0.52,SWER103,No Artificial Lift,278c5587-bba7-46ea-9c6a-d79aa8bd2a69,2061583.72,386674.84,0,0.0,0.5,0.0208,0.48,,,,,,,
NME_E1_15_OP__8c9c6b42-7a12-4eb3-935b-fc0437e7f33f,13,0,0.85,0.85,SWER103,No Artificial Lift,8c9c6b42-7a12-4eb3-935b-fc0437e7f33f,2061583.72,386674.84,0,0.0,0.0,0.06538461538461539,0.15000000000000002,,,,,,,
NME_E1_1_PI_2109220030__278c5587-bba7-46ea-9c6a-d79aa8bd2a69,25,0,0.0,0.0,SWER104,No Artificial Lift,278c5587-bba7-46ea-9c6a-d79aa8bd2a69,2063072.37,386288.11,0,0.0,0.0,0.0,1.0,,,,,,,
NME_E1_2_PI_2109220030__278c5587-bba7-46ea-9c6a-d79aa8bd2a69,25,0,0.0,0.0,SWER103,No Artificial Lift,278c5587-bba7-46ea-9c6a-d79aa8bd2a69,2063764.19,387048.8,0,0.0,0.0,0.0,1.0,,,,,,,
NME_E1_3_PI_2109220030__278c5587-bba7-46ea-9c6a-d79aa8bd2a69,25,0,0.08,0.08,SWER104,No Artificial Lift,278c5587-bba7-46ea-9c6a-d79aa8bd2a69,2063576.93,387212.66,0,0.0,0.08,0.0032,0.92,,,,,,,
NME_E1_5_PI_2109220030__278c5587-bba7-46ea-9c6a-d79aa8bd2a69,25,0,0.07,0.07,SWER104,No Artificial Lift,278c5587-bba7-46ea-9c6a-d79aa8bd2a69,2062858.03,386488.12,0,0.0,0.07,0.0028000000000000004,0.9299999999999999,,,,,,,
NME_E6_12_PI_2109220030__278c5587-bba7-46ea-9c6a-d79aa8bd2a69,25,0,0.0,0.0,SWER102,No Artificial Lift,278c5587-bba7-46ea-9c6a-d79aa8bd2a69,2066746.15,390123.85,0,0.0,0.0,0.0,1.0,,,,,,,
NME_E6_14_PI_2109220030__278c5587-bba7-46ea-9c6a-d79aa8bd2a69,24,0,0.54,0.54,SWER102,No Artificial Lift,278c5587-bba7-46ea-9c6a-d79aa8bd2a69,2066701.22,390377.5,0,0.0,0.54,0.022500000000000003,0.45999999999999996,,,,,,,
NME_E6_15_PI_2109220030__278c5587-bba7-46ea-9c6a-d79aa8bd2a69,25,0,0.0,0.0,SWER102,,278c5587-bba7-46ea-9c6a-d79aa8bd2a69,2066559.82,390455.84,0,0.0,0.0,0.0,1.0,,,,,,,
NME_E6_16_PI_2109220030__278c5587-bba7-46ea-9c6a-d79aa8bd2a69,25,0,0.0,0.0,SWER102,No Artificial Lift,278c5587-bba7-46ea-9c6a-d79aa8bd2a69,2066448.87,391538.84,0,0.0,0.0,0.0,1.0,,,,,,,
NME_E6_17_PI_2109220030__278c5587-bba7-46ea-9c6a-d79aa8bd2a69,25,0,0.1,0.1,SWER102,No Artificial Lift,278c5587-bba7-46ea-9c6a-d79aa8bd2a69,2066436.53,390513.28,0,0.0,0.1,0.004,0.9,,,,,,,
NME_E6_19_PI_2109220030__278c5587-bba7-46ea-9c6a-d79aa8bd2a69,25,0,0.0,0.0,SWER102,No Artificial Lift,278c5587-bba7-46ea-9c6a-d79aa8bd2a69,2066404.44,390608.3,0,0.0,0.0,0.0,1.0,,,,,,,
NME_E6_9_PI_2109220030__278c5587-bba7-46ea-9c6a-d79aa8bd2a69,25,0,0.11,0.11,SWER102,No Artificial Lift,278c5587-bba7-46ea-9c6a-d79aa8bd2a69,2067076.37,390074.75,0,0.0,0.11,0.0044,0.89,,,,,,,
NMR A_6515383_WSW_1__8c9c6b42-7a12-4eb3-935b-fc0437e7f33f,26,0,0.95,0.95,SWER102,,8c9c6b42-7a12-4eb3-935b-fc0437e7f33f,,,0,1.0,0.0,0.036538461538461534,0.050000000000000044,,,,,,,
NMR A_6515383_WSW_3__8c9c6b42-7a12-4eb3-935b-fc0437e7f33f,26,0,0.62,0.62,SWER104,,8c9c6b42-7a12-4eb3-935b-fc0437e7f33f,,,0,0.73,0.0,0.023846153846153847,0.38,,,,,,,
NMR A_6515383_WSW_4__8c9c6b42-7a12-4eb3-935b-fc0437e7f33f,26,0,0.63,0.63,SWER104,,8c9c6b42-7a12-4eb3-935b-fc0437e7f33f,,,0,0.74,0.0,0.02423076923076923,0.37,,,,,,,
QAHARIR EAST_WI_23_LOC1__4f48fbf3-d6c1-472a-ba5f-48bb8efbb48f,22,0,0.63,0.63,SWER133,,4f48fbf3-d6c1-472a-ba5f-48bb8efbb48f,,,0,0.0,0.93,0.028636363636363637,0.37,,,,,,,
QAHARIR EAST_WI_23_LOC1__c247e7b4-0751-414a-b59b-701b8bf05443,24,0,0.66,0.66,SWER133,,c247e7b4-0751-414a-b59b-701b8bf05443,,,0,0.0,0.0,0.0275,0.33999999999999997,,,,,,,
QAHARIR EAST_WI_23_LOC2__4f48fbf3-d6c1-472a-ba5f-48bb8efbb48f,22,0,0.63,0.63,SWER133,,4f48fbf3-d6c1-472a-ba5f-48bb8efbb48f,,,0,0.0,0.93,0.028636363636363637,0.37,,,,,,,
QAHARIR EAST_WI_23_LOC2__c247e7b4-0751-414a-b59b-701b8bf05443,24,0,0.76,0.76,SWER133,,c247e7b4-0751-414a-b59b-701b8bf05443,,,0,0.0,0.0,0.03166666666666667,0.24,,,,,,,
QAHARIR_QAH_2PUD_AK_OP3__4f48fbf3-d6c1-472a-ba5f-48bb8efbb48f,23,0,0.0,0.0,SWER126,,4f48fbf3-d6c1-472a-ba5f-48bb8efbb48f,,,0,0.0,0.0,0.0,1.0,,,,,,,
QAHARIR_QAH_2PUD_AK_OP3__c247e7b4-0751-414a-b59b-701b8bf05443,23,0,0.0,0.0,SWER126,,c247e7b4-0751-414a-b59b-701b8bf05443,,,0,0.0,0.0,0.0,1.0,,,,,,,
QAHARIR_QAH_2PUD_AK_OP4__4f48fbf3-d6c1-472a-ba5f-48bb8efbb48f,23,0,0.46,0.46,SWER126,,4f48fbf3-d6c1-472a-ba5f-48bb8efbb48f,,,0,0.0,0.67,0.02,0.54,,,,,,,
QAHARIR_QAH_2PUD_AK_OP4__c247e7b4-0751-414a-b59b-701b8bf05443,23,0,0.1,0.1,SWER126,,c247e7b4-0751-414a-b59b-701b8bf05443,,,0,0.0,0.0,0.004347826086956522,0.9,,,,,,,
QAH_EXTENDED_BETA_HAIMA_OP1__c247e7b4-0751-414a-b59b-701b8bf05443,23,0,0.0,0.0,SWER126,,c247e7b4-0751-414a-b59b-701b8bf05443,,,0,0.0,0.0,0.0,1.0,,,,,,,
QATA-189__4f48fbf3-d6c1-472a-ba5f-48bb8efbb48f,19,0,0.85,0.85,SWER126,,4f48fbf3-d6c1-472a-ba5f-48bb8efbb48f,,,1,0.0,0.0,0.04473684210526316,0.15000000000000002,,,,,,,
QATA-190__4f48fbf3-d6c1-472a-ba5f-48bb8efbb48f,21,1,1.0,1.0,SWER126,,4f48fbf3-d6c1-472a-ba5f-48bb8efbb48f,,,6,0.0,0.0,0.047619047619047616,0.0,20.0,0.0,2026-03-07,20.0,21.0,2026-03-07,2026-03-07
QATA-191__4f48fbf3-d6c1-472a-ba5f-48bb8efbb48f,21,0,0.9,0.9,SWER126,,4f48fbf3-d6c1-472a-ba5f-48bb8efbb48f,,,5,0.0,0.0,0.04285714285714286,0.09999999999999998,,,,,,,
QATA-192__4f48fbf3-d6c1-472a-ba5f-48bb8efbb48f,23,0,0.85,0.85,SWER126,,4f48fbf3-d6c1-472a-ba5f-48bb8efbb48f,,,5,0.0,1.0,0.03695652173913044,0.15000000000000002,,,,,,,
QATA-192__c247e7b4-0751-414a-b59b-701b8bf05443,24,0,0.85,0.84,SWER126,,c247e7b4-0751-414a-b59b-701b8bf05443,,,0,1.0,0.0,0.034999999999999996,0.16000000000000003,,,,,,,
QATA-193__4f48fbf3-d6c1-472a-ba5f-48bb8efbb48f,19,0,0.78,0.78,SWER126,,4f48fbf3-d6c1-472a-ba5f-48bb8efbb48f,,,0,0.0,0.96,0.04105263157894737,0.21999999999999997,,,,,,,
QATA-193__c247e7b4-0751-414a-b59b-701b8bf05443,20,1,1.0,1.0,SWER126,,c247e7b4-0751-414a-b59b-701b8bf05443,,,0,0.0,0.0,0.05,0.0,20.0,0.0,2026-03-07,20.0,25.0,2026-03-07,2026-04-11
QATA_SOUTH_EF_2026_LOC1__c247e7b4-0751-414a-b59b-701b8bf05443,23,0,0.04,0.04,SWER133,,c247e7b4-0751-414a-b59b-701b8bf05443,,,0,0.0,0.0,0.0017391304347826088,0.96,,,,,,,
RA-USI-204__4f48fbf3-d6c1-472a-ba5f-48bb8efbb48f,19,0,0.0,0.0,SWER129,,4f48fbf3-d6c1-472a-ba5f-48bb8efbb48f,,,0,0.0,0.0,0.0,1.0,,,,,,,
RA-USI-205__4f48fbf3-d6c1-472a-ba5f-48bb8efbb48f,22,0,0.0,0.0,SWER129,,4f48fbf3-d6c1-472a-ba5f-48bb8efbb48f,,,0,0.0,0.0,0.0,1.0,,,,,,,
RA-USI-205__c247e7b4-0751-414a-b59b-701b8bf05443,23,0,0.0,0.0,SWER129,,c247e7b4-0751-414a-b59b-701b8bf05443,,,0,0.0,0.0,0.0,1.0,,,,,,,
RAHAB SW-21__4f48fbf3-d6c1-472a-ba5f-48bb8efbb48f,14,0,0.62,0.62,SWERIG81,,4f48fbf3-d6c1-472a-ba5f-48bb8efbb48f,,,0,0.0,0.77,0.04428571428571428,0.38,,,,,,,
RAHAB SW-21__c247e7b4-0751-414a-b59b-701b8bf05443,14,0,0.85,0.85,SWERIG81,,c247e7b4-0751-414a-b59b-701b8bf05443,,,0,0.0,0.0,0.060714285714285714,0.15000000000000002,,,,,,,
RAHAB-252__4f48fbf3-d6c1-472a-ba5f-48bb8efbb48f,25,1,1.0,1.0,SWER128,,4f48fbf3-d6c1-472a-ba5f-48bb8efbb48f,,,0,0.0,0.0,0.04,0.0,25.0,0.0,2026-03-07,20.0,25.0,2026-03-07,2026-03-07
RAHAB-252__c247e7b4-0751-414a-b59b-701b8bf05443,24,0,0.85,0.85,SWER128,,c247e7b4-0751-414a-b59b-701b8bf05443,,,0,0.0,0.0,0.035416666666666666,0.15000000000000002,,,,,,,
RAHAB-253__4f48fbf3-d6c1-472a-ba5f-48bb8efbb48f,14,0,0.65,0.53,SWER128,,4f48fbf3-d6c1-472a-ba5f-48bb8efbb48f,,,0,0.0,0.71,0.03785714285714286,0.47,,,,,,,
RAHAB-253__c247e7b4-0751-414a-b59b-701b8bf05443,14,0,0.85,0.85,SWER128,,c247e7b4-0751-414a-b59b-701b8bf05443,,,0,0.0,0.0,0.060714285714285714,0.15000000000000002,,,,,,,
RAKDS_APP_LOC1__8c9c6b42-7a12-4eb3-935b-fc0437e7f33f,26,0,0.65,0.65,SWER137,,8c9c6b42-7a12-4eb3-935b-fc0437e7f33f,,,0,0.76,0.0,0.025,0.35,,,,,,,
RAKDS_APP_LOC2__278c5587-bba7-46ea-9c6a-d79aa8bd2a69,24,0,0.15,0.15,SWER137,,278c5587-bba7-46ea-9c6a-d79aa8bd2a69,2005501.6,359100.57,0,0.0,0.17,0.0062499999999999995,0.85,,,,,,,
RAKDS_APP_LOC2__8c9c6b42-7a12-4eb3-935b-fc0437e7f33f,26,0,0.0,0.0,SWER137,,8c9c6b42-7a12-4eb3-935b-fc0437e7f33f,2005501.6,359100.57,0,0.0,0.0,0.0,1.0,,,,,,,
RAKDS_APP_LOC3__278c5587-bba7-46ea-9c6a-d79aa8bd2a69,24,0,0.0,0.0,SWER149,,278c5587-bba7-46ea-9c6a-d79aa8bd2a69,2005762.57,359922.29,0,0.0,0.0,0.0,1.0,,,,,,,
RAKDS_B_OP_LOC38__278c5587-bba7-46ea-9c6a-d79aa8bd2a69,25,0,0.63,0.63,SWER137,PCP,278c5587-bba7-46ea-9c6a-d79aa8bd2a69,2003845.27,356303.43,0,0.0,0.55,0.0252,0.37,,,,,,,
RAKDS_B_OP_LOC38__8c9c6b42-7a12-4eb3-935b-fc0437e7f33f,26,0,0.85,0.85,SWER137,PCP,8c9c6b42-7a12-4eb3-935b-fc0437e7f33f,2003845.27,356303.43,0,1.0,0.0,0.032692307692307694,0.15000000000000002,,,,,,,
RAKDS_B_WI_LOC1__278c5587-bba7-46ea-9c6a-d79aa8bd2a69,25,0,0.0,0.0,SWER133,No Artificial Lift,278c5587-bba7-46ea-9c6a-d79aa8bd2a69,2003655.11,357114.35,0,0.0,0.0,0.0,1.0,,,,,,,
RAKDS_B_WI_LOC1__8c9c6b42-7a12-4eb3-935b-fc0437e7f33f,26,0,0.85,0.85,SWER133,No Artificial Lift,8c9c6b42-7a12-4eb3-935b-fc0437e7f33f,2003655.11,357114.35,0,1.0,0.0,0.032692307692307694,0.15000000000000002,,,,,,,
RAKDS_B_WI_LOC2__278c5587-bba7-46ea-9c6a-d79aa8bd2a69,25,0,0.0,0.0,SWER133,"No Artificial Lift
Artificial Lift Type
defined in WCC is :
Water Injection.",278c5587-bba7-46ea-9c6a-d79aa8bd2a69,2004507.24,357499.16,0,0.0,0.0,0.0,1.0,,,,,,,
RAKDS_B_WI_LOC2__8c9c6b42-7a12-4eb3-935b-fc0437e7f33f,26,0,0.85,0.85,SWER133,"No Artificial Lift
Artificial Lift Type
defined in WCC is :
Water Injection.",8c9c6b42-7a12-4eb3-935b-fc0437e7f33f,2004507.24,357499.16,0,1.0,0.0,0.032692307692307694,0.15000000000000002,,,,,,,
RAKDS_EF_2026_OP_LOC1__278c5587-bba7-46ea-9c6a-d79aa8bd2a69,25,0,0.45,0.45,SWERIG81,PCP,278c5587-bba7-46ea-9c6a-d79aa8bd2a69,2003117.75,357158.49,0,0.0,0.46,0.018000000000000002,0.55,,,,,,,
RAKDS_EF_2026_OP_LOC1__8c9c6b42-7a12-4eb3-935b-fc0437e7f33f,26,0,0.85,0.85,SWERIG81,PCP,8c9c6b42-7a12-4eb3-935b-fc0437e7f33f,2003117.75,357158.49,0,1.0,0.0,0.032692307692307694,0.15000000000000002,,,,,,,
RAKDS_EF_2026_OP_LOC2__278c5587-bba7-46ea-9c6a-d79aa8bd2a69,25,0,0.72,0.72,SWERIG81,PCP,278c5587-bba7-46ea-9c6a-d79aa8bd2a69,2004300.97,355781.05,0,0.0,0.71,0.0288,0.28,,,,,,,
RAKDS_EF_2026_OP_LOC2__8c9c6b42-7a12-4eb3-935b-fc0437e7f33f,25,0,0.86,0.86,SWERIG81,PCP,8c9c6b42-7a12-4eb3-935b-fc0437e7f33f,2004300.97,355781.05,0,0.0,0.0,0.0344,0.14,,,,,,,
RAKID SOUTH_RKDS_2026_OP_LOC17__278c5587-bba7-46ea-9c6a-d79aa8bd2a69,24,0,0.5,0.5,SWER149,,278c5587-bba7-46ea-9c6a-d79aa8bd2a69,2004796.34,358263.31,0,0.0,0.56,0.020833333333333332,0.5,,,,,,,
RAKID-220__278c5587-bba7-46ea-9c6a-d79aa8bd2a69,25,0,0.46,0.46,SWER149,,278c5587-bba7-46ea-9c6a-d79aa8bd2a69,2003716.54,356499.64,0,0.0,0.47,0.0184,0.54,,,,,,,
RAKID-226__278c5587-bba7-46ea-9c6a-d79aa8bd2a69,25,0,0.7,0.7,SWER149,PCP,278c5587-bba7-46ea-9c6a-d79aa8bd2a69,2004646.84,357504.1,0,0.0,0.7,0.027999999999999997,0.30000000000000004,,,,,,,
RAKID-232__278c5587-bba7-46ea-9c6a-d79aa8bd2a69,20,0,0.52,0.52,SWER149,PCP,278c5587-bba7-46ea-9c6a-d79aa8bd2a69,2003312.51,357433.2,0,0.0,0.51,0.026000000000000002,0.48,,,,,,,
RAKID-233__278c5587-bba7-46ea-9c6a-d79aa8bd2a69,14,0,0.55,0.55,SWER149,,278c5587-bba7-46ea-9c6a-d79aa8bd2a69,2003562.23,356568.34,0,0.0,0.45,0.03928571428571429,0.44999999999999996,,,,,,,
RAKID_SOUTH_RKDS_2026_OP_LOC7__278c5587-bba7-46ea-9c6a-d79aa8bd2a69,25,0,0.61,0.61,SWER149,PCP,278c5587-bba7-46ea-9c6a-d79aa8bd2a69,2004621.26,357359.67,0,0.0,0.6,0.024399999999999998,0.39,,,,,,,
RASW_AK5U_400M_OP_LOC1__4f48fbf3-d6c1-472a-ba5f-48bb8efbb48f,21,0,0.62,0.62,SWER133,,4f48fbf3-d6c1-472a-ba5f-48bb8efbb48f,,,0,0.0,0.93,0.029523809523809525,0.38,,,,,,,
RASW_AK5U_400M_OP_LOC1__c247e7b4-0751-414a-b59b-701b8bf05443,24,0,0.41,0.0,SWER133,,c247e7b4-0751-414a-b59b-701b8bf05443,,,0,0.0,0.0,0.0,1.0,,,,,,,
RASW_GH_OP_LOC1__4f48fbf3-d6c1-472a-ba5f-48bb8efbb48f,8,0,0.08,0.08,SWERIG81,,4f48fbf3-d6c1-472a-ba5f-48bb8efbb48f,,,0,0.0,0.08,0.01,0.92,,,,,,,
RASW_GH_OP_LOC1__c247e7b4-0751-414a-b59b-701b8bf05443,10,0,0.62,0.62,SWERIG81,,c247e7b4-0751-414a-b59b-701b8bf05443,,,0,0.0,0.0,0.062,0.38,,,,,,,
RASW_GH_OP_LOC2__4f48fbf3-d6c1-472a-ba5f-48bb8efbb48f,19,0,0.66,0.66,SWERIG81,,4f48fbf3-d6c1-472a-ba5f-48bb8efbb48f,,,0,0.0,0.0,0.034736842105263156,0.33999999999999997,,,,,,,
RASW_GH_OP_LOC2__c247e7b4-0751-414a-b59b-701b8bf05443,23,0,0.71,0.71,SWERIG81,,c247e7b4-0751-414a-b59b-701b8bf05443,,,0,0.0,0.0,0.030869565217391304,0.29000000000000004,,,,,,,
RASW_GH_WI_LOC2__4f48fbf3-d6c1-472a-ba5f-48bb8efbb48f,23,0,0.67,0.67,SWERIG81,,4f48fbf3-d6c1-472a-ba5f-48bb8efbb48f,,,0,0.0,0.9,0.029130434782608697,0.32999999999999996,,,,,,,
RASW_GH_WI_LOC2__c247e7b4-0751-414a-b59b-701b8bf05443,24,0,0.65,0.65,SWERIG81,,c247e7b4-0751-414a-b59b-701b8bf05443,,,0,0.76,0.0,0.027083333333333334,0.35,,,,,,,
RASW_GH_WI_LOC3__4f48fbf3-d6c1-472a-ba5f-48bb8efbb48f,23,0,0.66,0.66,SWERIG81,,4f48fbf3-d6c1-472a-ba5f-48bb8efbb48f,,,0,0.0,0.94,0.028695652173913046,0.33999999999999997,,,,,,,
RASW_GH_WI_LOC3__c247e7b4-0751-414a-b59b-701b8bf05443,24,0,0.84,0.84,SWERIG81,,c247e7b4-0751-414a-b59b-701b8bf05443,,,0,1.0,0.0,0.034999999999999996,0.16000000000000003,,,,,,,
RASW_GH_WI_LOC4__4f48fbf3-d6c1-472a-ba5f-48bb8efbb48f,23,0,0.6,0.6,SWERIG81,,4f48fbf3-d6c1-472a-ba5f-48bb8efbb48f,,,0,0.0,0.86,0.02608695652173913,0.4,,,,,,,
RASW_GH_WI_LOC4__c247e7b4-0751-414a-b59b-701b8bf05443,24,0,0.61,0.61,SWERIG81,,c247e7b4-0751-414a-b59b-701b8bf05443,,,0,0.72,0.0,0.025416666666666667,0.39,,,,,,,
RASW_GH_WI_LOC5__c247e7b4-0751-414a-b59b-701b8bf05443,23,0,0.0,0.0,SWERIG81,,c247e7b4-0751-414a-b59b-701b8bf05443,,,0,0.0,0.0,0.0,1.0,,,,,,,
RA_LG.2_OP_114__4f48fbf3-d6c1-472a-ba5f-48bb8efbb48f,23,0,0.51,0.51,SWER128,,4f48fbf3-d6c1-472a-ba5f-48bb8efbb48f,,,0,0.0,0.81,0.022173913043478263,0.49,,,,,,,
RA_LG.2_OP_114__c247e7b4-0751-414a-b59b-701b8bf05443,24,0,0.6,0.6,SWER128,,c247e7b4-0751-414a-b59b-701b8bf05443,,,0,0.0,0.0,0.024999999999999998,0.4,,,,,,,
RA_LG.2_OP_117__4f48fbf3-d6c1-472a-ba5f-48bb8efbb48f,25,1,1.0,1.0,SWER128,,4f48fbf3-d6c1-472a-ba5f-48bb8efbb48f,,,0,0.0,0.0,0.04,0.0,25.0,0.0,2026-03-07,20.0,25.0,2026-03-07,2026-03-07
RA_LG.2_OP_117__c247e7b4-0751-414a-b59b-701b8bf05443,24,0,0.85,0.85,SWER128,,c247e7b4-0751-414a-b59b-701b8bf05443,,,0,0.0,0.0,0.035416666666666666,0.15000000000000002,,,,,,,
RA_LG.2_OP_120__4f48fbf3-d6c1-472a-ba5f-48bb8efbb48f,9,0,0.6,0.6,SWER128,,4f48fbf3-d6c1-472a-ba5f-48bb8efbb48f,,,0,0.0,0.85,0.06666666666666667,0.4,,,,,,,
RA_LG.2_OP_120__c247e7b4-0751-414a-b59b-701b8bf05443,10,0,0.55,0.55,SWER128,,c247e7b4-0751-414a-b59b-701b8bf05443,,,0,0.0,0.0,0.05500000000000001,0.44999999999999996,,,,,,,
RA_LG.2_WI_126__4f48fbf3-d6c1-472a-ba5f-48bb8efbb48f,23,0,0.0,0.0,SWER128,,4f48fbf3-d6c1-472a-ba5f-48bb8efbb48f,,,0,0.0,0.0,0.0,1.0,,,,,,,
RA_LG.2_WI_126__c247e7b4-0751-414a-b59b-701b8bf05443,24,0,0.0,0.0,SWER128,,c247e7b4-0751-414a-b59b-701b8bf05443,,,0,0.0,0.0,0.0,1.0,,,,,,,
RA_LG.2_WI_129__4f48fbf3-d6c1-472a-ba5f-48bb8efbb48f,19,0,0.0,0.0,SWER129,,4f48fbf3-d6c1-472a-ba5f-48bb8efbb48f,,,0,0.0,0.0,0.0,1.0,,,,,,,
RA_LG.2_WI_134__4f48fbf3-d6c1-472a-ba5f-48bb8efbb48f,22,0,0.0,0.0,SWER129,,4f48fbf3-d6c1-472a-ba5f-48bb8efbb48f,,,0,0.0,0.0,0.0,1.0,,,,,,,
RA_LG.2_WI_134__c247e7b4-0751-414a-b59b-701b8bf05443,23,0,0.0,0.0,SWER129,,c247e7b4-0751-414a-b59b-701b8bf05443,,,0,0.0,0.0,0.0,1.0,,,,,,,
RKDS_2026_OP_LOC11__278c5587-bba7-46ea-9c6a-d79aa8bd2a69,24,0,0.26,0.26,SWER149,,278c5587-bba7-46ea-9c6a-d79aa8bd2a69,2003745.35,358020.17,0,0.0,0.28,0.010833333333333334,0.74,,,,,,,
RKDS_2026_OP_LOC12__278c5587-bba7-46ea-9c6a-d79aa8bd2a69,24,0,0.41,0.41,SWER149,,278c5587-bba7-46ea-9c6a-d79aa8bd2a69,2004325.18,358079.76,0,0.0,0.43,0.017083333333333332,0.5900000000000001,,,,,,,
RKDS_2026_OP_LOC13__278c5587-bba7-46ea-9c6a-d79aa8bd2a69,24,0,0.16,0.07,SWER149,,278c5587-bba7-46ea-9c6a-d79aa8bd2a69,2004743.21,359428.34,0,0.0,0.1,0.002916666666666667,0.9299999999999999,,,,,,,
RKDS_2026_OP_LOC14__278c5587-bba7-46ea-9c6a-d79aa8bd2a69,24,0,0.08,0.08,SWER149,,278c5587-bba7-46ea-9c6a-d79aa8bd2a69,2004555.63,358180.58,0,0.0,0.07,0.0033333333333333335,0.92,,,,,,,
RKDS_2026_OP_LOC15__278c5587-bba7-46ea-9c6a-d79aa8bd2a69,24,0,0.18,0.18,SWER149,,278c5587-bba7-46ea-9c6a-d79aa8bd2a69,2004792.55,358306.13,0,0.0,0.19,0.0075,0.8200000000000001,,,,,,,
RKDS_2026_OP_LOC16__278c5587-bba7-46ea-9c6a-d79aa8bd2a69,25,0,0.71,0.71,SWER149,,278c5587-bba7-46ea-9c6a-d79aa8bd2a69,2004877.72,359908.97,0,0.0,0.9,0.028399999999999998,0.29000000000000004,,,,,,,
RKDS_2026_OP_LOC18__278c5587-bba7-46ea-9c6a-d79aa8bd2a69,24,0,0.17,0.13,SWER149,,278c5587-bba7-46ea-9c6a-d79aa8bd2a69,2005127.6,359561.18,0,0.0,0.18,0.005416666666666667,0.87,,,,,,,
RKDS_2026_OP_LOC19__278c5587-bba7-46ea-9c6a-d79aa8bd2a69,24,0,0.18,0.18,SWER149,,278c5587-bba7-46ea-9c6a-d79aa8bd2a69,2004011.49,359110.47,0,0.0,0.2,0.0075,0.8200000000000001,,,,,,,
RKDS_2026_OP_LOC1__278c5587-bba7-46ea-9c6a-d79aa8bd2a69,5,0,0.37,0.37,SWER149,PCP,278c5587-bba7-46ea-9c6a-d79aa8bd2a69,2003312.51,357433.2,0,0.0,0.45,0.074,0.63,,,,,,,
RKDS_2026_OP_LOC20__278c5587-bba7-46ea-9c6a-d79aa8bd2a69,24,0,0.29,0.16,SWER149,,278c5587-bba7-46ea-9c6a-d79aa8bd2a69,2003759.98,358739.99,0,0.0,0.19,0.006666666666666667,0.84,,,,,,,
RKDS_2026_OP_LOC21__278c5587-bba7-46ea-9c6a-d79aa8bd2a69,24,0,0.14,0.13,SWER149,,278c5587-bba7-46ea-9c6a-d79aa8bd2a69,2003972.81,359176.91,0,0.0,0.12,0.005416666666666667,0.87,,,,,,,
RKDS_2026_OP_LOC2__278c5587-bba7-46ea-9c6a-d79aa8bd2a69,11,0,0.27,0.27,SWER149,,278c5587-bba7-46ea-9c6a-d79aa8bd2a69,2003562.23,356568.34,0,0.0,0.34,0.024545454545454547,0.73,,,,,,,
RKDS_2026_OP_LOC3__278c5587-bba7-46ea-9c6a-d79aa8bd2a69,25,0,0.9,0.9,SWER149,,278c5587-bba7-46ea-9c6a-d79aa8bd2a69,2004104.97,356185.99,0,0.0,0.99,0.036000000000000004,0.09999999999999998,,,,,,,
RKDS_2026_OP_LOC5__278c5587-bba7-46ea-9c6a-d79aa8bd2a69,25,0,0.62,0.62,SWER149,,278c5587-bba7-46ea-9c6a-d79aa8bd2a69,2005070.5,357814.8,0,0.0,0.61,0.0248,0.38,,,,,,,
RKDS_2026_OP_LOC6__278c5587-bba7-46ea-9c6a-d79aa8bd2a69,25,0,0.27,0.27,SWER149,,278c5587-bba7-46ea-9c6a-d79aa8bd2a69,2004971.23,358368.48,0,0.0,0.29,0.0108,0.73,,,,,,,
RKDS_2026_OP_LOC8__278c5587-bba7-46ea-9c6a-d79aa8bd2a69,25,0,0.67,0.67,SWER149,,278c5587-bba7-46ea-9c6a-d79aa8bd2a69,2004589.25,357317.15,0,0.0,0.73,0.0268,0.32999999999999996,,,,,,,
RKDS_2026_OP_LOC9__278c5587-bba7-46ea-9c6a-d79aa8bd2a69,24,0,0.16,0.15,SWER149,,278c5587-bba7-46ea-9c6a-d79aa8bd2a69,2003961.48,358296.95,0,0.0,0.14,0.0062499999999999995,0.85,,,,,,,
RKDS_2026_WI_LOC3__278c5587-bba7-46ea-9c6a-d79aa8bd2a69,24,0,0.0,0.0,SWER149,,278c5587-bba7-46ea-9c6a-d79aa8bd2a69,2004633.54,357282.0,0,0.0,0.0,0.0,1.0,,,,,,,
RKDS_2026_WI_LOC4__278c5587-bba7-46ea-9c6a-d79aa8bd2a69,24,0,0.0,0.0,SWER149,,278c5587-bba7-46ea-9c6a-d79aa8bd2a69,2004911.5,358308.47,0,0.0,0.0,0.0,1.0,,,,,,,
RKDS_2026_WI_LOC5__278c5587-bba7-46ea-9c6a-d79aa8bd2a69,24,0,0.0,0.0,SWER149,,278c5587-bba7-46ea-9c6a-d79aa8bd2a69,2003775.32,358129.92,0,0.0,0.0,0.0,1.0,,,,,,,
RKDS_2026_WI_LOC6__278c5587-bba7-46ea-9c6a-d79aa8bd2a69,24,0,0.0,0.0,SWER149,,278c5587-bba7-46ea-9c6a-d79aa8bd2a69,2004859.76,359796.51,0,0.0,0.0,0.0,1.0,,,,,,,
RKDS_2026_WI_LOC7__278c5587-bba7-46ea-9c6a-d79aa8bd2a69,24,0,0.0,0.0,SWER149,,278c5587-bba7-46ea-9c6a-d79aa8bd2a69,2004169.36,356395.77,0,0.0,0.0,0.0,1.0,,,,,,,
RKDS_2026_WI_LOC8__278c5587-bba7-46ea-9c6a-d79aa8bd2a69,25,0,0.53,0.53,SWER149,,278c5587-bba7-46ea-9c6a-d79aa8bd2a69,2003944.2,358748.51,0,0.0,0.62,0.0212,0.47,,,,,,,
SAQR-25__278c5587-bba7-46ea-9c6a-d79aa8bd2a69,25,0,0.62,0.62,SWER137,,278c5587-bba7-46ea-9c6a-d79aa8bd2a69,2007389.4,350231.87,0,0.0,0.88,0.0248,0.38,,,,,,,
SAQR-25__8c9c6b42-7a12-4eb3-935b-fc0437e7f33f,26,0,0.85,0.85,SWER137,,8c9c6b42-7a12-4eb3-935b-fc0437e7f33f,2007389.4,350231.87,0,1.0,0.0,0.032692307692307694,0.15000000000000002,,,,,,,
SAQR-27__278c5587-bba7-46ea-9c6a-d79aa8bd2a69,24,0,0.19,0.19,SWER137,,278c5587-bba7-46ea-9c6a-d79aa8bd2a69,2006998.7,350731.62,0,0.0,0.16,0.007916666666666667,0.81,,,,,,,
SAQR-27__8c9c6b42-7a12-4eb3-935b-fc0437e7f33f,25,0,0.85,0.85,SWER137,,8c9c6b42-7a12-4eb3-935b-fc0437e7f33f,2006998.7,350731.62,0,0.0,0.0,0.034,0.15000000000000002,,,,,,,
SAQRW_OP_26_LOC1__278c5587-bba7-46ea-9c6a-d79aa8bd2a69,14,0,0.04,0.04,SWER137,,278c5587-bba7-46ea-9c6a-d79aa8bd2a69,,,0,0.0,0.0,0.002857142857142857,0.96,,,,,,,
SAQRW_OP_26_LOC1__8c9c6b42-7a12-4eb3-935b-fc0437e7f33f,25,0,0.85,0.85,SWER137,,8c9c6b42-7a12-4eb3-935b-fc0437e7f33f,,,0,0.0,0.0,0.034,0.15000000000000002,,,,,,,
SAQRW_OP_26_LOC2__278c5587-bba7-46ea-9c6a-d79aa8bd2a69,19,0,0.06,0.05,SWER137,,278c5587-bba7-46ea-9c6a-d79aa8bd2a69,,,0,0.0,0.0,0.002631578947368421,0.95,,,,,,,
SAQRW_OP_26_LOC2__8c9c6b42-7a12-4eb3-935b-fc0437e7f33f,25,0,0.85,0.85,SWER137,,8c9c6b42-7a12-4eb3-935b-fc0437e7f33f,,,0,0.0,0.0,0.034,0.15000000000000002,,,,,,,
SAQRW_OP_26_LOC3__278c5587-bba7-46ea-9c6a-d79aa8bd2a69,7,0,0.01,0.01,SWER137,,278c5587-bba7-46ea-9c6a-d79aa8bd2a69,,,0,0.0,0.0,0.0014285714285714286,0.99,,,,,,,
SAQRW_OP_26_LOC3__8c9c6b42-7a12-4eb3-935b-fc0437e7f33f,25,0,0.81,0.81,SWER137,,8c9c6b42-7a12-4eb3-935b-fc0437e7f33f,,,0,0.0,0.0,0.032400000000000005,0.18999999999999995,,,,,,,
SAQRW_OP_27_LOC1__278c5587-bba7-46ea-9c6a-d79aa8bd2a69,6,0,0.01,0.01,SWER137,,278c5587-bba7-46ea-9c6a-d79aa8bd2a69,,,0,0.0,0.0,0.0016666666666666668,0.99,,,,,,,
SAQRW_OP_27_LOC1__8c9c6b42-7a12-4eb3-935b-fc0437e7f33f,25,0,0.59,0.59,SWER137,,8c9c6b42-7a12-4eb3-935b-fc0437e7f33f,,,0,0.0,0.0,0.0236,0.41000000000000003,,,,,,,
SAQRW_OP_28_LOC7__278c5587-bba7-46ea-9c6a-d79aa8bd2a69,7,0,0.0,0.0,SWER137,,278c5587-bba7-46ea-9c6a-d79aa8bd2a69,,,0,0.0,0.0,0.0,1.0,,,,,,,
SAQRW_OP_28_LOC7__8c9c6b42-7a12-4eb3-935b-fc0437e7f33f,6,0,0.11,0.11,SWER137,,8c9c6b42-7a12-4eb3-935b-fc0437e7f33f,,,0,0.0,0.0,0.018333333333333333,0.89,,,,,,,
SAQR_OP_25_LOC3__278c5587-bba7-46ea-9c6a-d79aa8bd2a69,25,0,0.79,0.79,SWER137,,278c5587-bba7-46ea-9c6a-d79aa8bd2a69,2007171.47,349774.44,0,0.0,1.0,0.0316,0.20999999999999996,,,,,,,
SAQR_OP_25_LOC3__8c9c6b42-7a12-4eb3-935b-fc0437e7f33f,26,0,0.95,0.95,SWER137,,8c9c6b42-7a12-4eb3-935b-fc0437e7f33f,2007171.47,349774.44,0,0.0,0.0,0.036538461538461534,0.050000000000000044,,,,,,,
SAQR_OP_26_LOC5__278c5587-bba7-46ea-9c6a-d79aa8bd2a69,24,0,0.42,0.42,SWER137,BP,278c5587-bba7-46ea-9c6a-d79aa8bd2a69,2006608.59,349161.8,0,0.0,0.63,0.017499999999999998,0.5800000000000001,,,,,,,
SAQR_OP_26_LOC5__8c9c6b42-7a12-4eb3-935b-fc0437e7f33f,26,0,0.85,0.85,SWER137,BP,8c9c6b42-7a12-4eb3-935b-fc0437e7f33f,2006608.59,349161.8,0,1.0,0.0,0.032692307692307694,0.15000000000000002,,,,,,,
SAQR_WI_25_LOC1__278c5587-bba7-46ea-9c6a-d79aa8bd2a69,24,0,0.0,0.0,SWER149,,278c5587-bba7-46ea-9c6a-d79aa8bd2a69,2006922.79,349740.71,0,0.0,0.0,0.0,1.0,,,,,,,
THAMOUD-100__4f48fbf3-d6c1-472a-ba5f-48bb8efbb48f,22,0,0.9,0.9,SWER129,,4f48fbf3-d6c1-472a-ba5f-48bb8efbb48f,,,4,0.0,1.0,0.04090909090909091,0.09999999999999998,,,,,,,
THAMOUD-100__c247e7b4-0751-414a-b59b-701b8bf05443,24,0,0.85,0.85,SWER129,,c247e7b4-0751-414a-b59b-701b8bf05443,,,0,0.0,0.0,0.035416666666666666,0.15000000000000002,,,,,,,
THAMOUD-101__4f48fbf3-d6c1-472a-ba5f-48bb8efbb48f,22,0,0.85,0.85,SWER129,,4f48fbf3-d6c1-472a-ba5f-48bb8efbb48f,,,5,0.0,1.0,0.038636363636363635,0.15000000000000002,,,,,,,
THAMOUD-101__c247e7b4-0751-414a-b59b-701b8bf05443,24,0,0.85,0.85,SWER129,,c247e7b4-0751-414a-b59b-701b8bf05443,,,0,0.0,0.0,0.035416666666666666,0.15000000000000002,,,,,,,
THAMOUD-102__4f48fbf3-d6c1-472a-ba5f-48bb8efbb48f,19,0,0.83,0.83,SWER129,,4f48fbf3-d6c1-472a-ba5f-48bb8efbb48f,,,4,0.0,0.98,0.04368421052631579,0.17000000000000004,,,,,,,
THAMOUD-102__c247e7b4-0751-414a-b59b-701b8bf05443,20,0,0.85,0.85,SWER129,,c247e7b4-0751-414a-b59b-701b8bf05443,,,0,0.0,0.0,0.042499999999999996,0.15000000000000002,,,,,,,
THULAILAT_NE_OP_26_LOC1__4f48fbf3-d6c1-472a-ba5f-48bb8efbb48f,8,0,0.01,0.01,SWER133,,4f48fbf3-d6c1-472a-ba5f-48bb8efbb48f,,,0,0.0,0.0,0.00125,0.99,,,,,,,
THULAILAT_NE_OP_26_LOC1__c247e7b4-0751-414a-b59b-701b8bf05443,21,0,0.78,0.78,SWER133,,c247e7b4-0751-414a-b59b-701b8bf05443,,,0,0.0,0.0,0.037142857142857144,0.21999999999999997,,,,,,,
THULAILAT_NE_OP_26_LOC3__4f48fbf3-d6c1-472a-ba5f-48bb8efbb48f,6,0,0.02,0.02,SWER133,,4f48fbf3-d6c1-472a-ba5f-48bb8efbb48f,,,0,0.0,0.0,0.0033333333333333335,0.98,,,,,,,
THULAILAT_NE_OP_26_LOC3__c247e7b4-0751-414a-b59b-701b8bf05443,21,0,0.1,0.1,SWER133,,c247e7b4-0751-414a-b59b-701b8bf05443,,,0,0.0,0.0,0.004761904761904762,0.9,,,,,,,
TL_N2_AK_CR_OP_07'__c247e7b4-0751-414a-b59b-701b8bf05443,23,0,0.0,0.0,SWER128,,c247e7b4-0751-414a-b59b-701b8bf05443,,,0,0.0,0.0,0.0,1.0,,,,,,,
TL_SB_AK_CR_OP_01'__4f48fbf3-d6c1-472a-ba5f-48bb8efbb48f,14,0,0.07,0.07,SWER128,,4f48fbf3-d6c1-472a-ba5f-48bb8efbb48f,,,0,0.0,0.0,0.005,0.9299999999999999,,,,,,,
TL_SB_AK_CR_OP_01'__c247e7b4-0751-414a-b59b-701b8bf05443,23,0,0.5,0.5,SWER128,,c247e7b4-0751-414a-b59b-701b8bf05443,,,0,0.0,0.0,0.021739130434782608,0.5,,,,,,,
TL_SB_AK_CR_OP_02'__4f48fbf3-d6c1-472a-ba5f-48bb8efbb48f,14,0,0.06,0.06,SWER128,,4f48fbf3-d6c1-472a-ba5f-48bb8efbb48f,,,0,0.0,0.0,0.004285714285714286,0.94,,,,,,,
TL_SB_AK_CR_OP_02'__c247e7b4-0751-414a-b59b-701b8bf05443,23,0,0.52,0.52,SWER128,,c247e7b4-0751-414a-b59b-701b8bf05443,,,0,0.0,0.0,0.022608695652173914,0.48,,,,,,,
TME_AK_HZ_OP_2__4f48fbf3-d6c1-472a-ba5f-48bb8efbb48f,22,0,0.01,0.01,SWER129,,4f48fbf3-d6c1-472a-ba5f-48bb8efbb48f,,,0,0.0,0.01,0.00045454545454545455,0.99,,,,,,,
TME_AK_HZ_OP_2__c247e7b4-0751-414a-b59b-701b8bf05443,23,0,0.0,0.0,SWER129,,c247e7b4-0751-414a-b59b-701b8bf05443,,,0,0.0,0.0,0.0,1.0,,,,,,,
TME_AK_HZ_OP_3__c247e7b4-0751-414a-b59b-701b8bf05443,23,0,0.0,0.0,SWER128,,c247e7b4-0751-414a-b59b-701b8bf05443,,,0,0.0,0.0,0.0,1.0,,,,,,,
TME_AK_HZ_WI_1__4f48fbf3-d6c1-472a-ba5f-48bb8efbb48f,22,0,0.0,0.0,SWER128,,4f48fbf3-d6c1-472a-ba5f-48bb8efbb48f,,,0,0.0,0.0,0.0,1.0,,,,,,,
TME_AK_HZ_WI_1__c247e7b4-0751-414a-b59b-701b8bf05443,23,0,0.0,0.0,SWER128,,c247e7b4-0751-414a-b59b-701b8bf05443,,,0,0.0,0.0,0.0,1.0,,,,,,,
TME_NB_I9_OP_1_FLANK__4f48fbf3-d6c1-472a-ba5f-48bb8efbb48f,22,0,0.01,0.01,SWER129,,4f48fbf3-d6c1-472a-ba5f-48bb8efbb48f,,,0,0.0,0.01,0.00045454545454545455,0.99,,,,,,,
TME_NB_I9_OP_1_FLANK__c247e7b4-0751-414a-b59b-701b8bf05443,23,0,0.1,0.1,SWER129,,c247e7b4-0751-414a-b59b-701b8bf05443,,,0,0.0,0.0,0.004347826086956522,0.9,,,,,,,
TME_NB_I9_OP_6_CREST__4f48fbf3-d6c1-472a-ba5f-48bb8efbb48f,22,0,0.02,0.01,SWER129,,4f48fbf3-d6c1-472a-ba5f-48bb8efbb48f,,,0,0.0,0.01,0.00045454545454545455,0.99,,,,,,,
TME_NB_I9_OP_6_CREST__c247e7b4-0751-414a-b59b-701b8bf05443,23,0,0.0,0.0,SWER129,,c247e7b4-0751-414a-b59b-701b8bf05443,,,0,0.0,0.0,0.0,1.0,,,,,,,
TM_WEST_AK_DEV_OP_2__4f48fbf3-d6c1-472a-ba5f-48bb8efbb48f,22,0,0.0,0.0,SWER128,,4f48fbf3-d6c1-472a-ba5f-48bb8efbb48f,,,0,0.0,0.0,0.0,1.0,,,,,,,
TM_WEST_AK_DEV_OP_2__c247e7b4-0751-414a-b59b-701b8bf05443,23,0,0.0,0.0,SWER128,,c247e7b4-0751-414a-b59b-701b8bf05443,,,0,0.0,0.0,0.0,1.0,,,,,,,
TM_WEST_I9_200M_OP_13__4f48fbf3-d6c1-472a-ba5f-48bb8efbb48f,22,0,0.0,0.0,SWER126,,4f48fbf3-d6c1-472a-ba5f-48bb8efbb48f,,,0,0.0,0.0,0.0,1.0,,,,,,,
TM_WEST_I9_200M_OP_13__c247e7b4-0751-414a-b59b-701b8bf05443,24,0,0.0,0.0,SWER126,,c247e7b4-0751-414a-b59b-701b8bf05443,,,0,0.0,0.0,0.0,1.0,,,,,,,
TM_W_WI13__4f48fbf3-d6c1-472a-ba5f-48bb8efbb48f,20,1,1.0,1.0,SWER129,,4f48fbf3-d6c1-472a-ba5f-48bb8efbb48f,,,1,0.0,0.0,0.05,0.0,20.0,0.0,2026-03-07,20.0,20.0,2026-03-07,2026-03-07
TM_W_WI15__4f48fbf3-d6c1-472a-ba5f-48bb8efbb48f,20,0,0.89,0.89,SWER129,,4f48fbf3-d6c1-472a-ba5f-48bb8efbb48f,,,7,0.0,0.0,0.0445,0.10999999999999999,,,,,,,
TM_W_WI15__c247e7b4-0751-414a-b59b-701b8bf05443,23,0,0.85,0.85,SWER129,,c247e7b4-0751-414a-b59b-701b8bf05443,,,0,0.0,0.0,0.03695652173913044,0.15000000000000002,,,,,,,
TM_W_WI19__4f48fbf3-d6c1-472a-ba5f-48bb8efbb48f,3,0,0.69,0.69,SWER129,,4f48fbf3-d6c1-472a-ba5f-48bb8efbb48f,,,0,0.0,0.92,0.22999999999999998,0.31000000000000005,,,,20.0,,2026-07-04,
TM_W_WI19__c247e7b4-0751-414a-b59b-701b8bf05443,4,0,0.85,0.85,SWER129,,c247e7b4-0751-414a-b59b-701b8bf05443,,,0,0.0,0.0,0.2125,0.15000000000000002,,,,20.0,,2026-06-27,
TUQAA-22__25482266-1cfe-469a-be26-3f0d69bf61c4,24,0,0.03,0.03,SWER133,PCP,25482266-1cfe-469a-be26-3f0d69bf61c4,2014207.97,360871.62,0,0.0,0.0,0.00125,0.97,,,,,,,
TUQAA-23__25482266-1cfe-469a-be26-3f0d69bf61c4,24,0,0.11,0.11,SWERIG81,PCP,25482266-1cfe-469a-be26-3f0d69bf61c4,2013791.12,360728.05,0,0.0,0.0,0.004583333333333333,0.89,,,,,,,
TUQAA-23__8c9c6b42-7a12-4eb3-935b-fc0437e7f33f,26,0,0.85,0.85,SWERIG81,PCP,8c9c6b42-7a12-4eb3-935b-fc0437e7f33f,2013791.12,360728.05,0,1.0,0.0,0.032692307692307694,0.15000000000000002,,,,,,,
TUQAA_PH1_OP_LOC11__25482266-1cfe-469a-be26-3f0d69bf61c4,24,0,0.11,0.11,SWERIG81,PCP,25482266-1cfe-469a-be26-3f0d69bf61c4,2014102.51,360691.54,0,0.0,0.0,0.004583333333333333,0.89,,,,,,,
TUQAA_PH1_OP_LOC11__8c9c6b42-7a12-4eb3-935b-fc0437e7f33f,26,0,0.85,0.85,SWERIG81,PCP,8c9c6b42-7a12-4eb3-935b-fc0437e7f33f,2014102.51,360691.54,0,1.0,0.0,0.032692307692307694,0.15000000000000002,,,,,,,
TUQAA_PH1_OP_LOC12__25482266-1cfe-469a-be26-3f0d69bf61c4,24,0,0.02,0.02,SWERIG81,PCP,25482266-1cfe-469a-be26-3f0d69bf61c4,2013791.12,360728.05,0,0.0,0.0,0.0008333333333333334,0.98,,,,,,,
TUQAA_PH1_OP_LOC12__8c9c6b42-7a12-4eb3-935b-fc0437e7f33f,26,0,0.62,0.62,SWERIG81,PCP,8c9c6b42-7a12-4eb3-935b-fc0437e7f33f,2013791.12,360728.05,0,0.73,0.0,0.023846153846153847,0.38,,,,,,,
V_5SPOT_P167_P__4f48fbf3-d6c1-472a-ba5f-48bb8efbb48f,7,0,0.03,0.03,SWER148,,4f48fbf3-d6c1-472a-ba5f-48bb8efbb48f,,,0,0.0,0.0,0.004285714285714286,0.97,,,,,,,
V_5SPOT_P187_P__4f48fbf3-d6c1-472a-ba5f-48bb8efbb48f,20,1,1.0,1.0,SWER151,,4f48fbf3-d6c1-472a-ba5f-48bb8efbb48f,,,9,0.0,0.0,0.05,0.0,20.0,0.0,2026-03-07,20.0,20.0,2026-03-07,2026-03-07
V_5SPOT_P225_P__4f48fbf3-d6c1-472a-ba5f-48bb8efbb48f,19,0,0.58,0.58,SWER151,,4f48fbf3-d6c1-472a-ba5f-48bb8efbb48f,,,0,0.0,0.0,0.030526315789473683,0.42000000000000004,,,,,,,
V_5SPOT_P242_P__4f48fbf3-d6c1-472a-ba5f-48bb8efbb48f,20,0,0.57,0.57,SWER151,,4f48fbf3-d6c1-472a-ba5f-48bb8efbb48f,,,0,0.0,0.0,0.028499999999999998,0.43000000000000005,,,,,,,
V_5SPOT_P244_P__4f48fbf3-d6c1-472a-ba5f-48bb8efbb48f,19,0,0.58,0.58,SWER151,,4f48fbf3-d6c1-472a-ba5f-48bb8efbb48f,,,0,0.0,0.0,0.030526315789473683,0.42000000000000004,,,,,,,
V_5SPOT_P260_P__4f48fbf3-d6c1-472a-ba5f-48bb8efbb48f,19,0,0.23,0.23,SWER151,,4f48fbf3-d6c1-472a-ba5f-48bb8efbb48f,,,0,0.0,0.0,0.012105263157894737,0.77,,,,,,,
V_5SPOT_P282_P__4f48fbf3-d6c1-472a-ba5f-48bb8efbb48f,20,1,1.0,1.0,SWER151,,4f48fbf3-d6c1-472a-ba5f-48bb8efbb48f,,,26,0.0,0.0,0.05,0.0,20.0,0.0,2026-03-07,20.0,20.0,2026-03-07,2026-03-07
V_5SPOT_P301_P__4f48fbf3-d6c1-472a-ba5f-48bb8efbb48f,1,0,0.21,0.21,SWER151,,4f48fbf3-d6c1-472a-ba5f-48bb8efbb48f,,,0,0.0,0.0,0.21,0.79,,,,20.0,,2026-07-18,
V_5SPOT_P320_P__4f48fbf3-d6c1-472a-ba5f-48bb8efbb48f,20,0,0.89,0.89,SWER151,,4f48fbf3-d6c1-472a-ba5f-48bb8efbb48f,,,5,0.0,0.0,0.0445,0.10999999999999999,,,,,,,
V_5SPOT_P321_P__4f48fbf3-d6c1-472a-ba5f-48bb8efbb48f,20,0,0.3,0.3,SWER151,,4f48fbf3-d6c1-472a-ba5f-48bb8efbb48f,,,0,0.0,0.0,0.015,0.7,,,,,,,
V_E9SPOT_P168_P__4f48fbf3-d6c1-472a-ba5f-48bb8efbb48f,19,0,0.53,0.53,SWER151,,4f48fbf3-d6c1-472a-ba5f-48bb8efbb48f,,,0,0.0,0.0,0.027894736842105264,0.47,,,,,,,
V_E9SPOT_P219_P__4f48fbf3-d6c1-472a-ba5f-48bb8efbb48f,19,0,0.6,0.6,SWER151,,4f48fbf3-d6c1-472a-ba5f-48bb8efbb48f,,,0,0.0,0.0,0.031578947368421054,0.4,,,,,,,
V_E9SPOT_P225_P__4f48fbf3-d6c1-472a-ba5f-48bb8efbb48f,19,0,0.58,0.58,SWER151,,4f48fbf3-d6c1-472a-ba5f-48bb8efbb48f,,,0,0.0,0.0,0.030526315789473683,0.42000000000000004,,,,,,,
V_E9SPOT_P261_P__4f48fbf3-d6c1-472a-ba5f-48bb8efbb48f,20,0,0.49,0.49,SWER151,,4f48fbf3-d6c1-472a-ba5f-48bb8efbb48f,,,0,0.0,0.0,0.0245,0.51,,,,,,,
V_E9SPOT_P262_P__4f48fbf3-d6c1-472a-ba5f-48bb8efbb48f,19,0,0.64,0.64,SWER151,,4f48fbf3-d6c1-472a-ba5f-48bb8efbb48f,,,0,0.0,0.0,0.03368421052631579,0.36,,,,,,,
V_E9SPOT_P265_P__4f48fbf3-d6c1-472a-ba5f-48bb8efbb48f,2,0,0.7,0.7,SWER148,,4f48fbf3-d6c1-472a-ba5f-48bb8efbb48f,,,0,0.0,0.0,0.35,0.30000000000000004,,,,20.0,,2026-07-11,
V_E9SPOT_P281_P__4f48fbf3-d6c1-472a-ba5f-48bb8efbb48f,19,0,0.61,0.61,SWER151,,4f48fbf3-d6c1-472a-ba5f-48bb8efbb48f,,,0,0.0,0.0,0.032105263157894734,0.39,,,,,,,
V_E9SPOT_P282_P__4f48fbf3-d6c1-472a-ba5f-48bb8efbb48f,20,0,0.84,0.84,SWER148,,4f48fbf3-d6c1-472a-ba5f-48bb8efbb48f,,,4,0.0,0.0,0.041999999999999996,0.16000000000000003,,,,,,,
V_E9SPOT_P283_P__4f48fbf3-d6c1-472a-ba5f-48bb8efbb48f,20,0,0.89,0.89,SWER148,,4f48fbf3-d6c1-472a-ba5f-48bb8efbb48f,,,25,0.0,0.0,0.0445,0.10999999999999999,,,,,,,
V_E9SPOT_P301_P__4f48fbf3-d6c1-472a-ba5f-48bb8efbb48f,20,0,0.89,0.89,SWER151,,4f48fbf3-d6c1-472a-ba5f-48bb8efbb48f,,,16,0.0,0.0,0.0445,0.10999999999999999,,,,,,,
V_E9SPOT_P303_P__4f48fbf3-d6c1-472a-ba5f-48bb8efbb48f,20,1,1.0,1.0,SWER148,,4f48fbf3-d6c1-472a-ba5f-48bb8efbb48f,,,4,0.0,0.0,0.05,0.0,20.0,0.0,2026-03-07,20.0,20.0,2026-03-07,2026-03-07
V_E9SPOT_P322_P__4f48fbf3-d6c1-472a-ba5f-48bb8efbb48f,20,0,0.88,0.88,SWER148,,4f48fbf3-d6c1-472a-ba5f-48bb8efbb48f,,,6,0.0,0.0,0.044,0.12,,,,,,,
V_INJECTOR_244_I__4f48fbf3-d6c1-472a-ba5f-48bb8efbb48f,19,0,0.18,0.17,SWER151,,4f48fbf3-d6c1-472a-ba5f-48bb8efbb48f,,,0,0.0,0.0,0.008947368421052633,0.83,,,,,,,
V_INJECTOR_278_I__4f48fbf3-d6c1-472a-ba5f-48bb8efbb48f,19,0,0.05,0.04,SWER151,,4f48fbf3-d6c1-472a-ba5f-48bb8efbb48f,,,0,0.0,0.0,0.002105263157894737,0.96,,,,,,,
V_INJECTOR_340_I__4f48fbf3-d6c1-472a-ba5f-48bb8efbb48f,19,0,0.41,0.41,SWER151,,4f48fbf3-d6c1-472a-ba5f-48bb8efbb48f,,,0,0.0,0.0,0.02157894736842105,0.5900000000000001,,,,,,,
V_N9SPOT_P206_P__4f48fbf3-d6c1-472a-ba5f-48bb8efbb48f,19,0,0.6,0.6,SWER151,,4f48fbf3-d6c1-472a-ba5f-48bb8efbb48f,,,0,0.0,0.0,0.031578947368421054,0.4,,,,,,,
V_N9SPOT_P263_P__4f48fbf3-d6c1-472a-ba5f-48bb8efbb48f,19,0,0.54,0.54,SWER151,,4f48fbf3-d6c1-472a-ba5f-48bb8efbb48f,,,0,0.0,0.0,0.028421052631578948,0.45999999999999996,,,,,,,
V_N9SPOT_P281_P__4f48fbf3-d6c1-472a-ba5f-48bb8efbb48f,20,0,0.64,0.64,SWER151,,4f48fbf3-d6c1-472a-ba5f-48bb8efbb48f,,,0,0.0,0.0,0.032,0.36,,,,,,,
V_N9SPOT_P300_P__4f48fbf3-d6c1-472a-ba5f-48bb8efbb48f,19,0,0.03,0.03,SWER151,,4f48fbf3-d6c1-472a-ba5f-48bb8efbb48f,,,0,0.0,0.0,0.0015789473684210526,0.97,,,,,,,
V_N9SPOT_P301_P__4f48fbf3-d6c1-472a-ba5f-48bb8efbb48f,20,0,0.89,0.89,SWER148,,4f48fbf3-d6c1-472a-ba5f-48bb8efbb48f,,,4,0.0,0.0,0.0445,0.10999999999999999,,,,,,,
V_N9SPOT_P302_P__4f48fbf3-d6c1-472a-ba5f-48bb8efbb48f,20,0,0.9,0.9,SWER148,,4f48fbf3-d6c1-472a-ba5f-48bb8efbb48f,,,5,0.0,0.0,0.045,0.09999999999999998,,,,,,,
WAHA_GH_WI_LOC1__278c5587-bba7-46ea-9c6a-d79aa8bd2a69,25,0,0.0,0.0,SWER133,No Artificial Lift,278c5587-bba7-46ea-9c6a-d79aa8bd2a69,2024067.28,356777.72,0,0.0,0.0,0.0,1.0,,,,,,,
WAHA_GH_WI_LOC1__8c9c6b42-7a12-4eb3-935b-fc0437e7f33f,25,0,0.0,0.0,SWER133,No Artificial Lift,8c9c6b42-7a12-4eb3-935b-fc0437e7f33f,2024067.28,356777.72,0,0.0,0.0,0.0,1.0,,,,,,,
WAHA_IRAD_WI_LOC3__278c5587-bba7-46ea-9c6a-d79aa8bd2a69,25,0,0.0,0.0,SWER133,No Artificial Lift,278c5587-bba7-46ea-9c6a-d79aa8bd2a69,2023628.3,355783.17,0,0.0,0.0,0.0,1.0,,,,,,,
WAHA_IRAD_WI_LOC3__8c9c6b42-7a12-4eb3-935b-fc0437e7f33f,25,0,0.0,0.0,SWER133,No Artificial Lift,8c9c6b42-7a12-4eb3-935b-fc0437e7f33f,2023628.3,355783.17,0,0.0,0.0,0.0,1.0,,,,,,,
WAHA_IRAD_WI_LOC8__278c5587-bba7-46ea-9c6a-d79aa8bd2a69,25,0,0.0,0.0,SWER137,No Artificial Lift,278c5587-bba7-46ea-9c6a-d79aa8bd2a69,2024036.0,356078.01,0,0.0,0.0,0.0,1.0,,,,,,,
XXHSAK-95U_HZ_500M_18__4f48fbf3-d6c1-472a-ba5f-48bb8efbb48f,22,0,0.0,0.0,SWER129,,4f48fbf3-d6c1-472a-ba5f-48bb8efbb48f,,,0,0.0,0.0,0.0,1.0,,,,,,,
XXHSAK-95U_HZ_500M_18__c247e7b4-0751-414a-b59b-701b8bf05443,23,0,0.0,0.0,SWER129,,c247e7b4-0751-414a-b59b-701b8bf05443,,,0,0.0,0.0,0.0,1.0,,,,,,,
ZMD_LG1_SOUTH FLANK_OP2__c247e7b4-0751-414a-b59b-701b8bf05443,19,0,0.16,0.16,SWER128,,c247e7b4-0751-414a-b59b-701b8bf05443,,,0,0.0,0.0,0.008421052631578947,0.84,,,,,,,
ZMD_LG1_SOUTH FLANK_OP6__c247e7b4-0751-414a-b59b-701b8bf05443,19,0,0.1,0.1,SWER128,,c247e7b4-0751-414a-b59b-701b8bf05443,,,0,0.0,0.0,0.005263157894736842,0.9,,,,,,,
ZMD_LG2_NORTH FLANK_OP1__c247e7b4-0751-414a-b59b-701b8bf05443,19,0,0.1,0.1,SWER128,,c247e7b4-0751-414a-b59b-701b8bf05443,,,0,0.0,0.0,0.005263157894736842,0.9,,,,,,,
ZMD_LG2_NORTH FLANK_OP2__c247e7b4-0751-414a-b59b-701b8bf05443,19,0,0.1,0.1,SWER128,,c247e7b4-0751-414a-b59b-701b8bf05443,,,0,0.0,0.0,0.005263157894736842,0.9,,,,,,,
ZUMURRUD-17__c247e7b4-0751-414a-b59b-701b8bf05443,23,0,0.95,0.95,SWER128,,c247e7b4-0751-414a-b59b-701b8bf05443,,,0,0.0,0.0,0.041304347826086954,0.050000000000000044,,,,,,,
