target_lead_4w,pred_autogluon,residual,abs_error
0.02,0.025900459,-0.005900458917021751,0.005900458917021751
0.02,0.025126845,-0.005126844644546508,0.005126844644546508
0.1,0.10869479,-0.008694791793823237,0.008694791793823237
0.1,0.113693275,-0.013693274557590479,0.013693274557590479
0.05,0.062743045,-0.01274304538965225,0.01274304538965225
0.05,0.11370788,-0.06370787769556045,0.06370787769556045
0.1,0.12528665,-0.025286653637886042,0.025286653637886042
0.11,0.29184785,-0.1818478548526764,0.1818478548526764
0.89,0.88862526,0.0013747358322143688,0.0013747358322143688
0.89,0.8886557,0.0013442778587341442,0.0013442778587341442
0.59,0.5897745,0.00022551059722897282,0.00022551059722897282
0.59,0.58985525,0.00014474630355831852,0.00014474630355831852
0.01,0.025732633,-0.01573263272643089,0.01573263272643089
0.01,0.022728633,-0.012728633135557174,0.012728633135557174
0.07,0.035288222,0.034711777865886695,0.034711777865886695
0.07,0.03666332,0.03333668008446694,0.03333668008446694
0.02,0.033142682,-0.013142682164907455,0.013142682164907455
0.02,0.024696404,-0.004696404114365577,0.004696404114365577
0.85,0.8274394,0.02256057262420652,0.02256057262420652
0.85,0.81500006,0.03499994277954099,0.03499994277954099
0.02,0.039775807,-0.01977580741047859,0.01977580741047859
0.02,0.05071976,-0.030719760358333587,0.030719760358333587
0.51,0.5224931,-0.012493124008178702,0.012493124008178702
0.51,0.7527928,-0.24279277563095092,0.24279277563095092
0.63,0.6251799,0.0048201131820678755,0.0048201131820678755
0.63,0.6251742,0.004825775623321538,0.004825775623321538
0.85,0.8452136,0.004786407947540261,0.004786407947540261
0.85,0.8452438,0.004756188392639138,0.004756188392639138
0.55,0.5381164,0.01188360452651982,0.01188360452651982
0.55,0.51978314,0.030216860771179244,0.030216860771179244
0.85,0.8454957,0.004504299163818337,0.004504299163818337
0.85,0.8455311,0.004468894004821755,0.004468894004821755
0.16,0.21346249,-0.05346248686313629,0.05346248686313629
0.16,0.23799844,-0.07799844086170196,0.07799844086170196
0.13,0.14487341,-0.014873410463333125,0.014873410463333125
0.13,0.17667277,-0.04667277157306671,0.04667277157306671
0.49,0.45768067,0.03231932759284972,0.03231932759284972
0.49,0.45584857,0.03415142536163329,0.03415142536163329
0.85,0.845458,0.0045420289039611594,0.0045420289039611594
0.85,0.8449863,0.0050136804580688255,0.0050136804580688255
0.6,0.5084585,0.0915415048599243,0.0915415048599243
0.6,0.7208124,-0.12081238031387331,0.12081238031387331
0.15,0.19447125,-0.044471254944801336,0.044471254944801336
0.15,0.19440612,-0.04440612196922303,0.04440612196922303
0.62,0.622918,-0.00291800975799561,0.00291800975799561
0.62,0.62295735,-0.0029573488235473677,0.0029573488235473677
0.23,0.3185529,-0.08855291128158568,0.08855291128158568
0.23,0.38654158,-0.15654157519340514,0.15654157519340514
0.85,0.84539896,0.004601037502288796,0.004601037502288796
0.85,0.8473663,0.002633726596832253,0.002633726596832253
0.2,0.182481,0.017518994212150585,0.017518994212150585
0.2,0.19433728,0.005662721395492565,0.005662721395492565
0.6,0.6656463,-0.0656463146209717,0.0656463146209717
0.6,0.66574526,-0.06574525833129885,0.06574525833129885
0.0,0.0013352134,-0.0013352134265005589,0.0013352134265005589
0.0,0.001337146,-0.0013371460372582078,0.0013371460372582078
0.48,0.47664416,0.003355841636657697,0.003355841636657697
0.48,0.47776955,0.0022304463386535467,0.0022304463386535467
0.0,0.00056381145,-0.0005638114525936544,0.0005638114525936544
0.0,0.00056381145,-0.0005638114525936544,0.0005638114525936544
0.0,0.0019727286,-0.001972728641703725,0.001972728641703725
0.0,0.002087607,-0.0020876070484519005,0.0020876070484519005
0.0,0.0016944244,-0.001694424427114427,0.001694424427114427
0.0,0.0024795001,-0.002479500137269497,0.002479500137269497
0.0,0.0003683891,-0.0003683890972752124,0.0003683890972752124
0.0,0.0003683891,-0.0003683890972752124,0.0003683890972752124
0.0,0.00035894895,-0.0003589489497244358,0.0003589489497244358
0.0,0.00035710022,-0.00035710021620616317,0.00035710021620616317
0.13,0.13766937,-0.007669369578361507,0.007669369578361507
0.13,0.13785897,-0.007858971953392024,0.007858971953392024
0.85,0.8451162,0.004883801937103249,0.004883801937103249
0.85,0.8451195,0.004880523681640603,0.004880523681640603
0.51,0.4858886,0.02411139965057374,0.02411139965057374
0.51,0.48669758,0.02330241560935975,0.02330241560935975
0.85,0.845266,0.004734015464782693,0.004734015464782693
0.85,0.84529555,0.004704451560974099,0.004704451560974099
1.0,0.9977344,0.0022655725479125977,0.0022655725479125977
1.0,0.99767894,0.0023210644721984863,0.0023210644721984863
0.97,0.97907573,-0.009075729846954372,0.009075729846954372
0.97,0.9791128,-0.009112803936004665,0.009112803936004665
1.0,0.9976895,0.002310514450073242,0.002310514450073242
1.0,0.9976621,0.0023378729820251465,0.0023378729820251465
0.92,0.93336236,-0.013362364768981894,0.013362364768981894
0.92,0.93435216,-0.01435215950012203,0.01435215950012203
0.77,0.76695967,0.003040332794189471,0.003040332794189471
0.77,0.766943,0.0030570220947265803,0.0030570220947265803
0.98,0.9838759,-0.0038758707046508967,0.0038758707046508967
0.98,0.9839684,-0.003968377113342303,0.003968377113342303
0.03,0.03813287,-0.008132868707180024,0.008132868707180024
0.03,0.038514115,-0.008514114916324617,0.008514114916324617
0.85,0.8455447,0.004455304145812966,0.004455304145812966
0.85,0.84559435,0.004405653476715066,0.004405653476715066
0.55,0.55547595,-0.005475950241088823,0.005475950241088823
0.55,0.5528247,-0.0028246760368346724,0.0028246760368346724
0.82,0.82336557,-0.0033655691146851074,0.0033655691146851074
0.82,0.82391876,-0.003918759822845508,0.003918759822845508
0.48,0.38518846,0.09481153964996336,0.09481153964996336
0.48,0.38218,0.09781999468803404,0.09781999468803404
0.85,0.8451384,0.004861629009246804,0.004861629009246804
0.85,0.84516716,0.00483283996582029,0.00483283996582029
0.44,0.42776206,0.012237938642501833,0.012237938642501833
0.44,0.43150872,0.008491280078887942,0.008491280078887942
0.77,0.7751461,-0.00514612674713133,0.00514612674713133
0.77,0.7751939,-0.005193929672241193,0.005193929672241193
0.29,0.24531217,0.04468783080577848,0.04468783080577848
0.29,0.24392673,0.04607326626777647,0.04607326626777647
0.85,0.84419304,0.005806958675384499,0.005806958675384499
0.85,0.8442329,0.005767083168029763,0.005767083168029763
1.0,0.997869,0.0021309852600097656,0.0021309852600097656
1.0,0.9978442,0.002155780792236328,0.002155780792236328
0.1,0.116714075,-0.01671407520771026,0.01671407520771026
0.1,0.113367565,-0.013367564976215357,0.013367564976215357
0.85,0.8438481,0.006151890754699685,0.006151890754699685
0.85,0.84590113,0.00409886837005613,0.00409886837005613
0.1,0.09788452,0.0021154791116714533,0.0021154791116714533
0.1,0.09963983,0.00036016702651978094,0.00036016702651978094
0.63,0.63638234,-0.006382341384887691,0.006382341384887691
0.63,0.6658545,-0.035854513645172115,0.035854513645172115
0.1,0.14468351,-0.04468351006507873,0.04468351006507873
0.1,0.1941088,-0.09410879909992217,0.09410879909992217
0.52,0.51344335,0.006556649208068865,0.006556649208068865
0.52,0.51217985,0.007820148468017596,0.007820148468017596
0.28,0.23064394,0.04935605704784396,0.04935605704784396
0.28,0.2398225,0.040177493095397976,0.040177493095397976
0.85,0.84399796,0.006002044677734353,0.006002044677734353
0.85,0.8440009,0.005999124050140359,0.005999124050140359
0.46,0.43326563,0.026734373569488545,0.026734373569488545
0.46,0.44603717,0.01396282672882082,0.01396282672882082
0.85,0.84525335,0.0047466516494750755,0.0047466516494750755
0.85,0.8453617,0.004638290405273415,0.004638290405273415
0.2,0.20813149,-0.008131492137908924,0.008131492137908924
0.2,0.20550038,-0.00550037920475005,0.00550037920475005
0.85,0.8440484,0.005951619148254372,0.005951619148254372
0.85,0.84390336,0.006096637248992898,0.006096637248992898
0.01,0.0041569574,0.0058430426195263865,0.0058430426195263865
0.01,0.0041569574,0.0058430426195263865,0.0058430426195263865
0.0,0.00022101082,-0.0002210108214057982,0.0002210108214057982
0.0,0.00022153852,-0.00022153851750772446,0.00022153851750772446
0.0,0.00029032413,-0.00029032412567175925,0.00029032412567175925
0.0,0.00029032415,-0.0002903241547755897,0.0002903241547755897
0.0,0.00022331405,-0.00022331405489239842,0.00022331405489239842
0.0,0.00022404261,-0.00022404261108022183,0.00022404261108022183
0.0,0.00029032413,-0.00029032412567175925,0.00029032412567175925
0.0,0.00029032415,-0.0002903241547755897,0.0002903241547755897
0.0,0.00092235475,-0.0009223547531291842,0.0009223547531291842
0.0,0.00094346784,-0.0009434678358957171,0.0009434678358957171
0.0,0.0029179289,-0.0029179288540035486,0.0029179288540035486
0.0,0.0029179289,-0.0029179288540035486,0.0029179288540035486
0.5,0.53815657,-0.03815656900405884,0.03815656900405884
0.51,0.56893957,-0.05893956661224364,0.05893956661224364
0.85,0.8541972,-0.004197204113006614,0.004197204113006614
0.85,0.85590917,-0.0059091687202453835,0.0059091687202453835
0.0,0.00021943136,-0.00021943135652691126,0.00021943135652691126
0.0,0.00021943136,-0.00021943135652691126,0.00021943135652691126
0.0,0.00018444605,-0.00018444604938849807,0.00018444604938849807
0.0,0.00018444605,-0.00018444604938849807,0.00018444604938849807
0.0,0.00025146635,-0.00025146635016426444,0.00025146635016426444
0.0,0.00025146635,-0.00025146635016426444,0.00025146635016426444
0.63,0.6250428,0.004957203865051274,0.004957203865051274
0.65,0.62278026,0.027219736576080344,0.027219736576080344
0.72,0.71843463,0.0015653681755065652,0.0015653681755065652
0.72,0.7188891,0.0011108827590942116,0.0011108827590942116
0.6,0.61362904,-0.013629043102264427,0.013629043102264427
0.6,0.6110914,-0.01109137535095217,0.01109137535095217
0.45,0.41796395,0.03203604817390443,0.03203604817390443
0.57,0.4218906,0.1481094133853912,0.1481094133853912
0.0,0.004093136,-0.0040931361727416515,0.0040931361727416515
0.0,0.0041613933,-0.004161393269896507,0.004161393269896507
0.0,0.0042119506,-0.004211950581520796,0.004211950581520796
0.0,0.004323299,-0.004323299042880535,0.004323299042880535
0.0,0.0010758844,-0.0010758844437077641,0.0010758844437077641
0.0,0.0011437574,-0.001143757370300591,0.001143757370300591
0.6,0.6875794,-0.08757939338684084,0.08757939338684084
0.61,0.70147634,-0.09147633552551271,0.09147633552551271
0.19,0.1992877,-0.009287697672843931,0.009287697672843931
0.19,0.19946462,-0.009464619159698484,0.009464619159698484
0.03,0.10949136,-0.07949136316776276,0.07949136316776276
0.03,0.17052275,-0.14052274942398071,0.14052274942398071
0.0,0.0018141092,-0.0018141091568395495,0.0018141091568395495
0.0,0.0022263057,-0.0022263056598603725,0.0022263056598603725
0.0,0.0014472665,-0.0014472665498033166,0.0014472665498033166
0.0,0.0014689808,-0.0014689808012917638,0.0014689808012917638
0.0,0.0013366715,-0.0013366715284064412,0.0013366715284064412
0.0,0.0013356716,-0.0013356716372072697,0.0013356716372072697
0.15,0.15546829,-0.0054682850837707575,0.0054682850837707575
0.15,0.1692104,-0.019210404157638555,0.019210404157638555
0.05,0.094253756,-0.04425375610589981,0.04425375610589981
0.05,0.105318725,-0.05531872510910034,0.05531872510910034
0.0,0.0017239451,-0.001723945140838623,0.001723945140838623
0.0,0.0016595557,-0.0016595557099208236,0.0016595557099208236
0.0,0.0015829442,-0.0015829441836103797,0.0015829441836103797
0.0,0.0014952323,-0.0014952323399484158,0.0014952323399484158
0.23,0.2167551,0.013244892954826365,0.013244892954826365
0.26,0.33229816,-0.07229815959930419,0.07229815959930419
0.05,0.08356258,-0.033562582731246945,0.033562582731246945
0.06,0.13108407,-0.07108406960964203,0.07108406960964203
0.85,0.8518549,-0.0018549203872680886,0.0018549203872680886
0.85,0.8504156,-0.0004155874252319558,0.0004155874252319558
0.02,0.039031908,-0.01903190791606903,0.01903190791606903
0.02,0.03910916,-0.019109159260988235,0.019109159260988235
0.21,0.21768239,-0.007682391405105599,0.007682391405105599
0.21,0.21824762,-0.008247622251510628,0.008247622251510628
0.1,0.11889542,-0.018895418941974634,0.018895418941974634
0.1,0.18788967,-0.08788966536521911,0.08788966536521911
0.18,0.19389677,-0.013896770477294929,0.013896770477294929
0.18,0.19864807,-0.01864806532859803,0.01864806532859803
0.25,0.22920021,0.02079978585243225,0.02079978585243225
0.25,0.23904468,0.010955318808555603,0.010955318808555603
0.4,0.3989029,0.0010971069335937722,0.0010971069335937722
0.43,0.43942896,-0.009428955316543586,0.009428955316543586
0.18,0.18638173,-0.0063817274570465155,0.0063817274570465155
0.18,0.2014745,-0.02147450268268586,0.02147450268268586
0.17,0.18846557,-0.018465565443038928,0.018465565443038928
0.2,0.21800911,-0.018009114265441883,0.018009114265441883
0.34,0.3137055,0.02629449605941775,0.02629449605941775
0.34,0.3660998,-0.02609980463981626,0.02609980463981626
0.61,0.6377213,-0.027721300125122084,0.027721300125122084
0.61,0.65041494,-0.04041494369506837,0.04041494369506837
0.38,0.5082766,-0.1282765817642212,0.1282765817642212
0.38,0.579016,-0.19901597023010253,0.19901597023010253
0.47,0.5220678,-0.05206778526306155,0.05206778526306155
0.47,0.6053245,-0.13532450675964358,0.13532450675964358
1.0,0.999233,0.0007669925689697266,0.0007669925689697266
1.0,0.9993325,0.0006675124168395996,0.0006675124168395996
0.0,0.0047868816,-0.004786881618201733,0.004786881618201733
0.0,0.00538938,-0.005389379803091288,0.005389379803091288
0.0,0.004993344,-0.0049933441914618015,0.0049933441914618015
0.0,0.005081499,-0.005081498995423317,0.005081498995423317
0.0,0.0049592764,-0.004959276411682367,0.004959276411682367
0.0,0.005398388,-0.005398388020694256,0.005398388020694256
0.17,0.15550128,0.014498723745346082,0.014498723745346082
0.18,0.19060287,-0.010602868795394904,0.010602868795394904
0.01,0.023934787,-0.013934787139296531,0.013934787139296531
0.01,0.0154114505,-0.005411450527608394,0.005411450527608394
0.04,0.006871815,0.03312818516045809,0.03312818516045809
0.04,0.023380976,0.016619023829698563,0.016619023829698563
0.4,0.33822915,0.06177085041999819,0.06177085041999819
0.4,0.48560172,-0.08560172319412229,0.08560172319412229
0.85,0.85375094,-0.0037509441375732644,0.0037509441375732644
0.85,0.8534438,-0.0034438014030456765,0.0034438014030456765
0.24,0.22881801,0.01118198573589324,0.01118198573589324
0.24,0.22954124,0.010458757877349845,0.010458757877349845
0.0,0.0035328232,-0.0035328231751918793,0.0035328231751918793
0.0,0.003569243,-0.003569243010133505,0.003569243010133505
0.2,0.20666291,-0.006662908196449269,0.006662908196449269
0.2,0.2112506,-0.011250603199005116,0.011250603199005116
0.55,0.53729117,0.012708830833435103,0.012708830833435103
0.55,0.59266174,-0.042661738395690874,0.042661738395690874
0.01,0.0075435233,0.0024564766697585585,0.0024564766697585585
0.01,0.00924171,0.000758289583027363,0.000758289583027363
0.6,0.5813806,0.018619394302368142,0.018619394302368142
0.6,0.61943746,-0.019437456130981468,0.019437456130981468
0.16,0.19168822,-0.031688224673271176,0.031688224673271176
0.16,0.19308113,-0.03308112561702728,0.03308112561702728
0.85,0.85852224,-0.008522236347198509,0.008522236347198509
0.85,0.85859156,-0.008591556549072288,0.008591556549072288
0.84,0.8502,-0.010199997425079377,0.010199997425079377
0.84,0.8501544,-0.010154399871826203,0.010154399871826203
0.0,0.067694195,-0.06769419461488724,0.06769419461488724
0.58,0.031477895,0.5485221053659916,0.5485221053659916
0.4,0.4185079,-0.018507903814315774,0.018507903814315774
0.52,0.4612822,0.058717806339263934,0.058717806339263934
0.6,0.57328737,0.02671263217926023,0.02671263217926023
0.6,0.59358513,0.006414866447448708,0.006414866447448708
0.35,0.19315434,0.15684566497802732,0.15684566497802732
0.35,0.29090303,0.05909696817398069,0.05909696817398069
0.1,0.1075924,-0.00759239643812179,0.00759239643812179
0.1,0.094346255,0.0056537449359893854,0.0056537449359893854
0.14,0.12187823,0.018121770918369307,0.018121770918369307
0.14,0.17238674,-0.0323867356777191,0.0323867356777191
0.0,0.13566644,-0.13566644489765167,0.13566644489765167
0.9,0.8944752,0.005524778366088889,0.005524778366088889
0.9,0.89561844,0.004381561279296897,0.004381561279296897
0.05,0.070135936,-0.020135936141014096,0.020135936141014096
0.85,0.8466811,0.0033188819885253684,0.0033188819885253684
0.85,0.84662294,0.0033770561218261497,0.0033770561218261497
0.85,0.8457939,0.004206097126007058,0.004206097126007058
0.85,0.8457913,0.004208719730377175,0.004208719730377175
1.0,0.99954265,0.00045734643936157227,0.00045734643936157227
1.0,0.99952674,0.00047326087951660156,0.00047326087951660156
0.85,0.87502164,-0.02502163648605349,0.02502163648605349
0.85,0.8744432,-0.024443173408508323,0.024443173408508323
1.0,0.9983628,0.0016372203826904297,0.0016372203826904297
1.0,0.99532634,0.004673659801483154,0.004673659801483154
1.0,0.9994435,0.0005565285682678223,0.0005565285682678223
1.0,0.9994538,0.0005462169647216797,0.0005462169647216797
0.9,0.8948366,0.005163395404815696,0.005163395404815696
0.9,0.8938456,0.0061543822288513406,0.0061543822288513406
0.89,0.88875824,0.0012417578697204723,0.0012417578697204723
0.89,0.8879838,0.0020162010192871227,0.0020162010192871227
0.9,0.898894,0.0011059880256653054,0.0011059880256653054
0.9,0.8986356,0.0013643741607666238,0.0013643741607666238
0.83,0.8064213,0.023578720092773398,0.023578720092773398
0.83,0.83113986,-0.0011398625373840732,0.0011398625373840732
0.88,0.8834283,-0.003428275585174556,0.003428275585174556
0.88,0.8834024,-0.0034024071693420366,0.0034024071693420366
0.9,0.89089465,0.009105348587036155,0.009105348587036155
0.9,0.89084923,0.009150767326355003,0.009150767326355003
0.88,0.8854246,-0.005424613952636714,0.005424613952636714
0.88,0.8857228,-0.005722815990447994,0.005722815990447994
0.89,0.883922,0.006078019142150892,0.006078019142150892
0.89,0.8838318,0.006168200969696058,0.006168200969696058
0.85,0.85697895,-0.0069789528846740945,0.0069789528846740945
0.85,0.85798925,-0.007989251613616966,0.007989251613616966
0.82,0.8375265,-0.017526500225067188,0.017526500225067188
0.82,0.8372004,-0.017200403213501025,0.017200403213501025
0.79,0.8420031,-0.052003107070922816,0.052003107070922816
0.79,0.8459238,-0.05592378139495846,0.05592378139495846
0.85,0.8525849,-0.0025848984718322976,0.0025848984718322976
0.85,0.852593,-0.0025930047035217507,0.0025930047035217507
0.85,0.8695512,-0.019551181793212913,0.019551181793212913
0.85,0.86918116,-0.019181156158447288,0.019181156158447288
0.84,0.845153,-0.005152974128723176,0.005152974128723176
0.84,0.8452619,-0.005261871814727814,0.005261871814727814
0.85,0.8525883,-0.002588295936584495,0.002588295936584495
0.85,0.8545287,-0.004528725147247337,0.004528725147247337
0.85,0.8534479,-0.0034479141235351785,0.0034479141235351785
0.85,0.8532821,-0.0032820940017700417,0.0032820940017700417
0.85,0.7501643,0.099835729598999,0.099835729598999
0.85,0.7521124,0.09788761138916013,0.09788761138916013
0.28,0.3155972,-0.03559720635414121,0.03559720635414121
0.39,0.30069038,0.0893096172809601,0.0893096172809601
0.0,0.0055884756,-0.005588475614786148,0.005588475614786148
0.0,0.0068232915,-0.006823291536420584,0.006823291536420584
0.0,0.00030949726,-0.0003094972635153681,0.0003094972635153681
0.0,0.00030949846,-0.00030949845677241683,0.00030949845677241683
0.63,0.6091919,0.020808105468750004,0.020808105468750004
0.63,0.60729015,0.022709851264953618,0.022709851264953618
0.71,0.691503,0.018497011661529505,0.018497011661529505
0.71,0.692516,0.017483971118926966,0.017483971118926966
0.61,0.6048857,0.005114302635192858,0.005114302635192858
0.61,0.6165949,-0.00659491062164308,0.00659491062164308
0.58,0.56686383,0.013136165142059286,0.013136165142059286
0.59,0.57983685,0.01016315460205075,0.01016315460205075
0.57,0.59636384,-0.026363842487335254,0.026363842487335254
0.57,0.6137329,-0.043732874393463184,0.043732874393463184
0.61,0.5802366,0.029763386249542223,0.029763386249542223
0.61,0.5913972,0.01860277414321898,0.01860277414321898
0.61,0.61257523,-0.0025752329826355114,0.0025752329826355114
0.61,0.6126731,-0.0026731038093567028,0.0026731038093567028
0.64,0.636306,0.0036940121650695934,0.0036940121650695934
0.64,0.6423397,-0.002339706420898424,0.002339706420898424
0.63,0.6293526,0.000647370815277104,0.000647370815277104
0.63,0.6195412,0.010458772182464604,0.010458772182464604
0.79,0.7416792,0.04832080841064457,0.04832080841064457
0.79,0.75785685,0.032143154144287145,0.032143154144287145
0.9,0.89817774,0.0018222570419311745,0.0018222570419311745
0.9,0.89785504,0.0021449565887451394,0.0021449565887451394
0.85,0.83724153,0.012758469581603982,0.012758469581603982
0.85,0.8500749,-7.488727569582299e-05,7.488727569582299e-05
0.0,0.002510472,-0.0025104719679802656,0.0025104719679802656
0.0,0.006080678,-0.0060806781984865665,0.0060806781984865665
0.0,0.00030999328,-0.0003099932800978422,0.0003099932800978422
0.0,0.00030999372,-0.00030999371665529907,0.00030999371665529907
0.8,0.72783124,0.07216875553131108,0.07216875553131108
0.8,0.6845111,0.11548887491226201,0.11548887491226201
0.84,0.8184875,0.02151247501373288,0.02151247501373288
0.84,0.82063156,0.019368436336517303,0.019368436336517303
0.0,0.0003553726,-0.00035537261283025146,0.00035537261283025146
0.0,0.0003653394,-0.00036533939419314265,0.00036533939419314265
0.0,0.00034431473,-0.0003443147288635373,0.0003443147288635373
0.0,0.00034431473,-0.0003443147288635373,0.0003443147288635373
0.85,0.85604477,-0.006044769287109397,0.006044769287109397
0.85,0.85591453,-0.005914533138275169,0.005914533138275169
1.0,0.99899745,0.0010025501251220703,0.0010025501251220703
1.0,0.9989203,0.0010796785354614258,0.0010796785354614258
1.0,0.9990285,0.0009714961051940918,0.0009714961051940918
1.0,0.9978945,0.0021054744720458984,0.0021054744720458984
0.1,0.10281448,-0.0028144806623458807,0.0028144806623458807
0.1,0.10419085,-0.00419084876775741,0.00419084876775741
0.02,0.009589374,0.01041062593460083,0.01041062593460083
0.02,0.022660194,-0.002660193964838981,0.002660193964838981
0.0,0.0008645067,-0.0008645066991448402,0.0008645066991448402
0.0,0.0007796944,-0.0007796944119036198,0.0007796944119036198
0.0,0.00029181977,-0.0002918197715189308,0.0002918197715189308
0.0,0.00029032424,-0.0002903242420870811,0.0002903242420870811
0.0,0.00025056847,-0.00025056846789084375,0.00025056846789084375
0.0,0.00025056847,-0.00025056846789084375,0.00025056846789084375
0.16,0.18454002,-0.024540018439292904,0.024540018439292904
0.16,0.19329494,-0.0332949423789978,0.0332949423789978
0.3,0.30011302,-0.0001130223274231068,0.0001130223274231068
0.3,0.30407718,-0.004077178239822399,0.004077178239822399
0.16,0.1297252,0.03027479708194733,0.03027479708194733
0.16,0.15582769,0.00417231380939484,0.00417231380939484
0.4,0.29418927,0.10581072568893435,0.10581072568893435
0.4,0.5467501,-0.14675012826919553,0.14675012826919553
0.06,0.083982736,-0.02398273587226868,0.02398273587226868
0.06,0.1286124,-0.06861239910125733,0.06861239910125733
0.45,0.46075383,-0.010753828287124623,0.010753828287124623
0.45,0.46242982,-0.012429821491241444,0.012429821491241444
0.13,0.10894814,0.021051858663558964,0.021051858663558964
0.13,0.12907699,0.000923012495040898,0.000923012495040898
0.48,0.4798798,0.000120203495025617,0.000120203495025617
0.48,0.4802639,-0.0002638888359070002,0.0002638888359070002
0.56,0.5890851,-0.029085102081298775,0.029085102081298775
0.56,0.58582574,-0.02582574129104609,0.02582574129104609
0.0,0.00015265225,-0.00015265225374605507,0.00015265225374605507
0.0,0.00015265236,-0.00015265235560946167,0.00015265235560946167
0.0,0.00042255843,-0.00042255842708982527,0.00042255842708982527
0.0,0.00042255843,-0.00042255842708982527,0.00042255842708982527
0.12,0.118567385,0.001432615220546718,0.001432615220546718
0.12,0.11854418,0.0014558163285255388,0.0014558163285255388
0.1,0.10436724,-0.004367241263389582,0.004367241263389582
0.1,0.10435905,-0.0043590530753135626,0.0043590530753135626
0.05,0.05221216,-0.0022121600806713076,0.0022121600806713076
0.05,0.052264012,-0.002264012396335599,0.002264012396335599
0.07,0.07719718,-0.007197179198265069,0.007197179198265069
0.07,0.07746417,-0.007464170753955834,0.007464170753955834
0.21,0.21424988,-0.004249879121780403,0.004249879121780403
0.21,0.21441416,-0.004414164423942574,0.004414164423942574
0.24,0.23929596,0.0007040405273437411,0.0007040405273437411
0.24,0.23913503,0.0008649730682372958,0.0008649730682372958
0.0,0.00018975548,-0.00018975547573063523,0.00018975547573063523
0.0,0.00018975549,-0.00018975549028255045,0.00018975549028255045
0.0,0.00016398258,-0.0001639825786696747,0.0001639825786696747
0.0,0.00016398373,-0.00016398372827097774,0.00016398372827097774
0.06,0.0637716,-0.003771598041057589,0.003771598041057589
0.06,0.06408498,-0.004084976911544802,0.004084976911544802
0.09,0.09002577,-2.5767683982852452e-05,2.5767683982852452e-05
0.09,0.09073939,-0.0007393917441368136,0.0007393917441368136
0.11,0.11445532,-0.004455319941043853,0.004455319941043853
0.11,0.11451677,-0.004516772329807281,0.004516772329807281
1.0,0.99879545,0.0012045502662658691,0.0012045502662658691
1.0,0.9987965,0.0012034773826599121,0.0012034773826599121
0.02,0.030528195,-0.010528195202350616,0.010528195202350616
0.02,0.030501772,-0.010501771718263626,0.010501771718263626
0.05,0.05418749,-0.004187491536140439,0.004187491536140439
0.05,0.054338735,-0.004338734596967694,0.004338734596967694
0.08,0.07962745,0.0003725531697273271,0.0003725531697273271
0.08,0.079986304,1.3695955276490923e-05,1.3695955276490923e-05
0.0,0.0002249273,-0.0002249272947665304,0.0002249272947665304
0.0,0.00023254083,-0.00023254082771018147,0.00023254082771018147
0.07,0.07549744,-0.0054974409937858515,0.0054974409937858515
0.07,0.0756345,-0.005634501874446862,0.005634501874446862
0.0,0.00019187888,-0.0001918788766488433,0.0001918788766488433
0.0,0.00019187888,-0.0001918788766488433,0.0001918788766488433
0.0,0.00016182929,-0.00016182928811758757,0.00016182928811758757
0.0,0.0001618294,-0.0001618294045329094,0.0001618294045329094
1.0,0.999122,0.0008779764175415039,0.0008779764175415039
1.0,0.99912107,0.0008789300918579102,0.0008789300918579102
0.43,0.429177,0.000823013782501214,0.000823013782501214
0.43,0.43260837,-0.002608366012573249,0.002608366012573249
0.0,0.00015457757,-0.0001545775739941746,0.0001545775739941746
0.0,0.00015457757,-0.0001545775739941746,0.0001545775739941746
1.0,0.9978577,0.00214231014251709,0.00214231014251709
1.0,0.9975594,0.0024405717849731445,0.0024405717849731445
0.46,0.45101282,0.00898717999458315,0.00898717999458315
0.46,0.4543511,0.005648902654647847,0.005648902654647847
0.31,0.30025604,0.009743956327438352,0.009743956327438352
0.31,0.30037767,0.009622333049774168,0.009622333049774168
0.0,4.0043135e-05,-4.004313450423069e-05,4.004313450423069e-05
0.0,4.0043135e-05,-4.004313450423069e-05,4.004313450423069e-05
0.95,0.9465348,0.00346518754959102,0.00346518754959102
0.95,0.9469283,0.003071677684783891,0.003071677684783891
0.27,0.2664329,0.0035670888423919855,0.0035670888423919855
0.27,0.26634663,0.0036533665657043635,0.0036533665657043635
0.59,0.5932333,-0.0032332873344421698,0.0032332873344421698
0.59,0.58925974,0.0007402563095092463,0.0007402563095092463
0.95,0.94848424,0.0015157580375670943,0.0015157580375670943
0.95,0.948445,0.0015549778938293013,0.0015549778938293013
0.1,0.10386723,-0.0038672327995300237,0.0038672327995300237
0.1,0.10414328,-0.004143276810646052,0.004143276810646052
0.95,0.9467029,0.0032971024513244185,0.0032971024513244185
0.95,0.9467054,0.003294599056243852,0.003294599056243852
0.0,0.00014253479,-0.00014253478730097413,0.00014253478730097413
0.0,0.00014253479,-0.00014253478730097413,0.00014253478730097413
0.95,0.94790626,0.002093744277954057,0.002093744277954057
0.95,0.94789565,0.0021043539047240767,0.0021043539047240767
0.37,0.36940613,0.000593866109848018,0.000593866109848018
0.37,0.36994833,5.16724586486772e-05,5.16724586486772e-05
0.85,0.8457166,0.0042834043502807395,0.0042834043502807395
0.85,0.84572864,0.004271364212036111,0.004271364212036111
0.85,0.8455913,0.004408693313598611,0.004408693313598611
0.85,0.8455662,0.00443378686904905,0.00443378686904905
0.21,0.21304484,-0.003044837117195137,0.003044837117195137
0.21,0.2130073,-0.003007301092147835,0.003007301092147835
0.85,0.84527373,0.004726266860961892,0.004726266860961892
0.85,0.8452662,0.004733777046203591,0.004733777046203591
0.03,0.06821952,-0.038219520151615144,0.038219520151615144
0.03,0.019806866,0.010193134397268294,0.010193134397268294
0.85,0.84531355,0.004686450958251931,0.004686450958251931
0.85,0.8450235,0.004976487159728982,0.004976487159728982
0.18,0.17012218,0.009877823591232293,0.009877823591232293
0.18,0.18371274,-0.00371273577213288,0.00371273577213288
0.85,0.8444997,0.0055002927780151145,0.0055002927780151145
0.85,0.8444779,0.0055221080780029075,0.0055221080780029075
0.0,0.0002464604,-0.0002464604040142149,0.0002464604040142149
0.0,0.0034807357,-0.0034807357005774975,0.0034807357005774975
0.0,0.00021783136,-0.0002178313588956371,0.0002178313588956371
0.0,0.00211979,-0.0021197900641709566,0.0021197900641709566
0.0,0.00023290311,-0.0002329031121917069,0.0002329031121917069
0.0,0.0039644022,-0.003964402247220278,0.003964402247220278
0.0,0.00023221804,-0.00023221803712658584,0.00023221803712658584
0.0,0.06017437,-0.0601743683218956,0.0601743683218956
0.48,0.42473167,0.055268328189849836,0.055268328189849836
0.48,0.4143507,0.06564931154251097,0.06564931154251097
0.26,0.2217888,0.038211206197738656,0.038211206197738656
0.26,0.21597786,0.04402213752269746,0.04402213752269746
0.0,0.13176835,-0.1317683458328247,0.1317683458328247
0.0,0.12395436,-0.12395436316728592,0.12395436316728592
0.01,0.0007728297,0.00922717030858621,0.00922717030858621
0.01,0.00077225827,0.009227741733193398,0.009227741733193398
0.08,0.005399349,0.07460065085440874,0.07460065085440874
0.08,0.006152055,0.07384794477373362,0.07384794477373362
0.24,0.22911766,0.010882338285446158,0.010882338285446158
0.24,0.22484562,0.01515438199043273,0.01515438199043273
0.85,0.84510404,0.004895961284637429,0.004895961284637429
0.85,0.84519595,0.004804050922393777,0.004804050922393777
0.0,0.000341108,-0.0003411080106161535,0.0003411080106161535
0.0,0.000341108,-0.0003411080106161535,0.0003411080106161535
0.0,0.00019999567,-0.0001999956730287522,0.0001999956730287522
0.0,0.00019999569,-0.00019999568758066744,0.00019999568758066744
0.12,0.122542724,-0.0025427240133285567,0.0025427240133285567
0.12,0.122561954,-0.002561953961849217,0.002561953961849217
0.2,0.19920765,0.0007923513650894276,0.0007923513650894276
0.2,0.19919422,0.0008057773113250843,0.0008057773113250843
0.14,0.14044617,-0.00044617116451262095,0.00044617116451262095
0.14,0.14036772,-0.00036771655082701304,0.00036771655082701304
0.0,8.16719e-05,-8.167189662344754e-05,8.167189662344754e-05
0.0,8.16719e-05,-8.167189662344754e-05,8.167189662344754e-05
0.35,0.3450807,0.004919296503066994,0.004919296503066994
0.35,0.34520465,0.00479534864425657,0.00479534864425657
0.0,8.79689e-05,-8.796890324447304e-05,8.796890324447304e-05
0.0,8.79689e-05,-8.796890324447304e-05,8.796890324447304e-05
0.0,8.008843e-05,-8.00884299678728e-05,8.00884299678728e-05
0.0,8.008843e-05,-8.00884299678728e-05,8.00884299678728e-05
0.0,7.927506e-05,-7.927505794214085e-05,7.927505794214085e-05
0.0,7.927506e-05,-7.927505794214085e-05,7.927505794214085e-05
0.0,0.00013759211,-0.0001375921128783375,0.0001375921128783375
0.0,0.00013759211,-0.0001375921128783375,0.0001375921128783375
0.05,0.050701328,-0.0007013276219367953,0.0007013276219367953
0.05,0.050669067,-0.0006690666079521151,0.0006690666079521151
0.0,0.00021200885,-0.00021200884657446295,0.00021200884657446295
0.0,0.00021210575,-0.00021210574777796865,0.00021210574777796865
0.0,0.00018975548,-0.00018975547573063523,0.00018975547573063523
0.0,0.00018975549,-0.00018975549028255045,0.00018975549028255045
0.0,0.00013800232,-0.00013800231681670994,0.00013800231681670994
0.0,0.00013800232,-0.00013800231681670994,0.00013800231681670994
0.48,0.48681054,-0.006810535192489642,0.006810535192489642
0.48,0.47564378,0.004356216192245466,0.004356216192245466
0.0,0.000106602245,-0.00010660224506864324,0.00010660224506864324
0.0,0.000106602245,-0.00010660224506864324,0.00010660224506864324
0.58,0.57619387,0.003806130886077841,0.003806130886077841
0.58,0.57625806,0.003741936683654745,0.003741936683654745
0.52,0.49123138,0.02876861810684206,0.02876861810684206
0.52,0.4911622,0.0288377892971039,0.0288377892971039
0.85,0.8462542,0.003745770454406716,0.003745770454406716
0.85,0.84626657,0.0037334322929382102,0.0037334322929382102
0.0,0.00015011751,-0.00015011751384008676,0.00015011751384008676
0.0,0.00015898731,-0.00015898731362540275,0.00015898731362540275
0.0,4.656214e-05,-4.656214150600135e-05,4.656214150600135e-05
0.0,4.656214e-05,-4.656214150600135e-05,4.656214150600135e-05
0.08,0.08483082,-0.004830820560455321,0.004830820560455321
0.08,0.08507057,-0.0050705727934837325,0.0050705727934837325
0.07,0.07452576,-0.004525758624076837,0.004525758624076837
0.07,0.07474439,-0.004744388461112969,0.004744388461112969
0.0,0.00014672773,-0.00014672773249913007,0.00014672773249913007
0.0,0.00014672785,-0.0001467278489144519,0.0001467278489144519
0.54,0.5422799,-0.002279899120330775,0.002279899120330775
0.54,0.54248834,-0.002488336563110316,0.002488336563110316
0.0,0.0002486333,-0.0002486332959961146,0.0002486332959961146
0.0,0.0002486333,-0.0002486332959961146,0.0002486332959961146
0.0,0.00016205253,-0.00016205252904910594,0.00016205252904910594
0.0,0.00016205321,-0.00016205321298912168,0.00016205321298912168
0.1,0.103254735,-0.0032547354698181097,0.0032547354698181097
0.1,0.103273466,-0.003273466229438776,0.003273466229438776
0.0,0.00020160165,-0.00020160165149718523,0.00020160165149718523
0.0,0.00021818824,-0.0002181882446166128,0.0002181882446166128
0.11,0.11061196,-0.0006119602918624872,0.0006119602918624872
0.11,0.11062044,-0.0006204390525817866,0.0006204390525817866
0.95,0.9469143,0.003085684776306108,0.003085684776306108
0.95,0.9469394,0.0030605912208556685,0.0030605912208556685
0.62,0.6543959,-0.03439587831497193,0.03439587831497193
0.62,0.67453694,-0.05453694343566895,0.05453694343566895
0.63,0.63007617,-7.616996765136275e-05,7.616996765136275e-05
0.63,0.63013506,-0.00013505935668944868,0.00013505935668944868
0.63,0.63065535,-0.0006553483009338334,0.0006553483009338334
0.63,0.63063467,-0.0006346654891967729,0.0006346654891967729
0.66,0.6801331,-0.02013310432434079,0.02013310432434079
0.66,0.68277895,-0.02277895450592038,0.02277895450592038
0.63,0.6274075,0.0025925087928772017,0.0025925087928772017
0.63,0.6273269,0.00267309427261353,0.00267309427261353
0.76,0.7626571,-0.0026571059226989657,0.0026571059226989657
0.76,0.7669163,-0.006916275024414054,0.006916275024414054
0.0,0.00018444605,-0.00018444604938849807,0.00018444604938849807
0.0,0.00018444605,-0.00018444604938849807,0.00018444604938849807
0.0,0.00025146635,-0.00025146635016426444,0.00025146635016426444
0.0,0.00025146635,-0.00025146635016426444,0.00025146635016426444
0.46,0.42760772,0.032392284870147725,0.032392284870147725
0.46,0.43912345,0.020876548290252706,0.020876548290252706
0.1,0.10179782,-0.0017978191375732366,0.0017978191375732366
0.1,0.1018984,-0.0018984019756317083,0.0018984019756317083
0.0,0.0015114342,-0.0015114342095330358,0.0015114342095330358
0.0,0.0017344698,-0.001734469784423709,0.001734469784423709
0.85,0.8582251,-0.008225107192993186,0.008225107192993186
0.85,0.8639063,-0.013906323909759544,0.013906323909759544
1.0,0.9952995,0.00470048189163208,0.00470048189163208
1.0,0.99520767,0.004792332649230957,0.004792332649230957
0.9,0.89492524,0.00507476329803469,0.00507476329803469
0.9,0.8948195,0.005180501937866233,0.005180501937866233
0.85,0.8677503,-0.01775028705596926,0.01775028705596926
0.85,0.8674879,-0.01748790740966799,0.01748790740966799
0.84,0.8453531,-0.005353126525878937,0.005353126525878937
0.84,0.8453986,-0.00539860486984256,0.00539860486984256
0.74,0.72865766,0.011342337131500235,0.011342337131500235
0.78,0.72348815,0.0565118479728699,0.0565118479728699
1.0,1.0,0.0,0.0
1.0,1.0,0.0,0.0
0.03,0.00916588,0.020834119729697703,0.020834119729697703
0.04,0.010608571,0.029391429349780084,0.029391429349780084
0.0,0.0007413619,-0.0007413618732243776,0.0007413618732243776
0.0,0.00074136205,-0.0007413620478473604,0.0007413620478473604
0.0,0.00021101546,-0.0002110154600813985,0.0002110154600813985
0.0,0.00021099493,-0.00021099492732901126,0.00021099492732901126
0.0,0.00030194074,-0.00030194074497558177,0.00030194074497558177
0.0,0.00030194074,-0.00030194074497558177,0.00030194074497558177
0.6,0.67755395,-0.07755395174026491,0.07755395174026491
0.62,0.701004,-0.0810040283203125,0.0810040283203125
0.85,0.83152074,0.0184792637825012,0.0184792637825012
0.85,0.82925516,0.020744836330413796,0.020744836330413796
1.0,0.5676484,0.43235158920288086,0.43235158920288086
1.0,0.78852147,0.21147853136062622,0.21147853136062622
0.85,0.839657,0.010342991352081277,0.010342991352081277
0.85,0.9263425,-0.0763424873352051,0.0763424873352051
0.53,0.68922186,-0.15922185897827146,0.15922185897827146
0.53,0.64390767,-0.11390766620635984,0.11390766620635984
0.85,0.8193575,0.030642485618591286,0.030642485618591286
0.85,0.8223872,0.02761278152465818,0.02761278152465818
0.65,0.64625925,0.0037407517433166726,0.0037407517433166726
0.65,0.6458613,0.00413867235183718,0.00413867235183718
0.15,0.15756567,-0.007565668225288397,0.007565668225288397
0.15,0.16540582,-0.015405824780464178,0.015405824780464178
0.0,0.0011985734,-0.0011985733872279525,0.0011985733872279525
0.0,0.0013113911,-0.0013113911263644695,0.0013113911263644695
0.0,0.0003961797,-0.00039617970469407737,0.00039617970469407737
0.0,0.00040548923,-0.00040548923425376415,0.00040548923425376415
0.63,0.63152874,-0.0015287351608276323,0.0015287351608276323
0.63,0.63661987,-0.0066198658943176225,0.0066198658943176225
0.85,0.84480613,0.005193865299224831,0.005193865299224831
0.85,0.8448549,0.005145108699798562,0.005145108699798562
0.0,0.00018279353,-0.00018279353389516473,0.00018279353389516473
0.0,0.00018279353,-0.00018279353389516473,0.00018279353389516473
0.85,0.8446989,0.005301094055175759,0.005301094055175759
0.85,0.84473836,0.0052616357803344505,0.0052616357803344505
0.0,3.554334e-05,-3.5543340345611796e-05,3.5543340345611796e-05
0.0,6.1329665e-05,-6.13296651863493e-05,6.13296651863493e-05
0.85,0.84457356,0.0054264426231384055,0.0054264426231384055
0.85,0.84468716,0.005312836170196511,0.005312836170196511
0.45,0.4493927,0.0006072938442230336,0.0006072938442230336
0.45,0.4501166,-0.00011660456657408558,0.00011660456657408558
0.85,0.844308,0.005691981315612771,0.005691981315612771
0.85,0.84436184,0.005638158321380593,0.005638158321380593
0.72,0.7259732,-0.0059731888771057395,0.0059731888771057395
0.72,0.7262909,-0.006290881633758572,0.006290881633758572
0.81,0.82011503,-0.010115029811859078,0.010115029811859078
0.86,0.8212185,0.03878150939941405,0.03878150939941405
0.5,0.42889968,0.07110032439231873,0.07110032439231873
0.5,0.43630448,0.0636955201625824,0.0636955201625824
0.46,0.471521,-0.011520990133285502,0.011520990133285502
0.46,0.4728287,-0.012828686237335185,0.012828686237335185
0.7,0.70495546,-0.0049554586410522905,0.0049554586410522905
0.7,0.70487034,-0.004870343208313033,0.004870343208313033
0.52,0.56944776,-0.049447755813598615,0.049447755813598615
0.52,0.5697335,-0.04973350048065184,0.04973350048065184
0.55,0.48399115,0.06600885391235356,0.06600885391235356
0.55,0.48719913,0.06280087232589726,0.06280087232589726
0.61,0.6086926,0.001307413578033434,0.001307413578033434
0.61,0.6087562,0.0012438154220580921,0.0012438154220580921
0.62,0.61913085,0.0008691501617431596,0.0008691501617431596
0.62,0.61905384,0.0009461593627929643,0.0009461593627929643
0.0,0.0012172733,-0.0012172732967883348,0.0012172732967883348
0.0,0.0012172733,-0.0012172732967883348,0.0012172732967883348
0.66,0.61481637,0.045183632373809846,0.045183632373809846
0.66,0.61709607,0.04290393352508548,0.04290393352508548
0.69,0.66631186,0.023688139915466255,0.023688139915466255
0.71,0.6780453,0.03195472717285153,0.03195472717285153
0.67,0.62084395,0.0491560530662537,0.0491560530662537
0.67,0.619557,0.05044297695159916,0.05044297695159916
0.65,0.6538807,-0.0038807153701782005,0.0038807153701782005
0.65,0.65350443,-0.0035044312477111594,0.0035044312477111594
0.66,0.6163166,0.043683383464813264,0.043683383464813264
0.66,0.6112954,0.04870459794998172,0.04870459794998172
0.74,0.73678124,0.0032187604904174716,0.0032187604904174716
0.84,0.73684484,0.10315516233444211,0.10315516233444211
0.6,0.61561483,-0.01561483144760134,0.01561483144760134
0.6,0.6050165,-0.0050165295600891335,0.0050165295600891335
0.61,0.61157465,-0.001574649810791029,0.001574649810791029
0.61,0.6123507,-0.002350702285766615,0.002350702285766615
0.0,0.0013713486,-0.0013713486259803176,0.0013713486259803176
0.0,0.0013713486,-0.0013713486259803176,0.0013713486259803176
0.51,0.59622157,-0.08622156620025634,0.08622156620025634
0.51,0.6009934,-0.09099339485168456,0.09099339485168456
0.6,0.77160394,-0.17160394191741946,0.17160394191741946
0.6,0.6681648,-0.06816478967666628,0.06816478967666628
1.0,0.972076,0.027924001216888428,0.027924001216888428
1.0,0.97430027,0.025699734687805176,0.025699734687805176
0.85,0.8436954,0.006304597854614236,0.006304597854614236
0.85,0.9029022,-0.05290218591690066,0.05290218591690066
0.0,0.006329612,-0.006329611875116825,0.006329611875116825
0.0,0.0068907016,-0.006890701595693827,0.006890701595693827
0.0,0.00075479504,-0.0007547950372099876,0.0007547950372099876
0.0,0.000976444,-0.0009764439892023802,0.0009764439892023802
0.0,0.0006110037,-0.0006110037211328745,0.0006110037211328745
0.0,0.0006109397,-0.0006109396927058697,0.0006109396927058697
0.0,0.00020534948,-0.00020534948271233588,0.00020534948271233588
0.0,0.00020538254,-0.00020538254466373473,0.00020538254466373473
0.0,0.00030194074,-0.00030194074497558177,0.00030194074497558177
0.0,0.00030194074,-0.00030194074497558177,0.00030194074497558177
0.26,0.26119894,-0.0011989378929138095,0.0011989378929138095
0.26,0.24624296,0.013757044672966012,0.013757044672966012
0.41,0.39338493,0.016615066528320288,0.016615066528320288
0.41,0.41259128,-0.0025912785530090576,0.0025912785530090576
0.07,0.17123291,-0.1012329089641571,0.1012329089641571
0.07,0.15103966,-0.08103965997695922,0.08103965997695922
0.08,0.09472963,-0.014729632139205931,0.014729632139205931
0.08,0.09228785,-0.012287853360176085,0.012287853360176085
0.18,0.1444077,0.035592295527458184,0.035592295527458184
0.18,0.18897882,-0.008978821039199836,0.008978821039199836
0.71,0.7141857,-0.004185714721679723,0.004185714721679723
0.71,0.71239954,-0.002399542331695592,0.002399542331695592
0.13,0.14688721,-0.016887212991714473,0.016887212991714473
0.13,0.14173305,-0.011733050346374507,0.011733050346374507
0.18,0.17265743,0.007342569828033441,0.007342569828033441
0.18,0.1736535,0.006346501708030694,0.006346501708030694
0.16,0.21152593,-0.05152593195438385,0.05152593195438385
0.16,0.21001369,-0.05001368761062622,0.05001368761062622
0.13,0.13752897,-0.007528970837593074,0.007528970837593074
0.13,0.13476409,-0.004764090180397029,0.004764090180397029
0.9,0.8843207,0.015679323673248313,0.015679323673248313
0.9,0.8840011,0.015998923778533958,0.015998923778533958
0.62,0.62431884,-0.00431883811950684,0.00431883811950684
0.62,0.6243494,-0.004349415302276616,0.004349415302276616
0.27,0.24424924,0.025750760436058062,0.025750760436058062
0.27,0.2611382,0.008861799240112322,0.008861799240112322
0.67,0.6583423,0.011657698154449503,0.011657698154449503
0.67,0.65833116,0.011668844223022501,0.011668844223022501
0.15,0.1691408,-0.019140800833702093,0.019140800833702093
0.15,0.17666134,-0.026661342382431036,0.026661342382431036
0.0,1.9022877e-05,-1.9022876585950144e-05,1.9022876585950144e-05
0.0,1.9417184e-05,-1.941718437592499e-05,1.941718437592499e-05
0.0,8.367356e-06,-8.367355803784449e-06,8.367355803784449e-06
0.0,8.367356e-06,-8.367355803784449e-06,8.367355803784449e-06
0.0,0.0,0.0,0.0
0.0,0.0,0.0,0.0
0.0,3.7198803e-05,-3.719880260177888e-05,3.719880260177888e-05
0.0,3.7198803e-05,-3.719880260177888e-05,3.719880260177888e-05
0.0,3.9165334e-06,-3.916533387382515e-06,3.916533387382515e-06
0.0,3.9165334e-06,-3.916533387382515e-06,3.916533387382515e-06
0.53,0.50294876,0.0270512390136719,0.0270512390136719
0.53,0.543223,-0.01322302341461179,0.01322302341461179
0.62,0.61548746,0.004512543678283687,0.004512543678283687
0.62,0.61503536,0.004964644908905025,0.004964644908905025
0.85,0.8454157,0.004584288597106911,0.004584288597106911
0.85,0.84542555,0.004574453830718972,0.004574453830718972
0.19,0.20875369,-0.018753690123558042,0.018753690123558042
0.19,0.22038853,-0.030388531684875486,0.030388531684875486
0.85,0.8449031,0.005096888542175271,0.005096888542175271
0.85,0.84501743,0.0049825668334960715,0.0049825668334960715
0.04,0.051844694,-0.011844693720340728,0.011844693720340728
0.04,0.032479048,0.007520952224731446,0.007520952224731446
0.85,0.8257521,0.024247920513153054,0.024247920513153054
0.85,0.82949746,0.020502543449401833,0.020502543449401833
0.05,0.022071972,0.027928027510643008,0.027928027510643008
0.05,0.022598678,0.027401321753859523,0.027401321753859523
0.85,0.84434897,0.005651032924652077,0.005651032924652077
0.85,0.84432715,0.00567284822463987,0.00567284822463987
0.01,0.01452685,-0.004526849612593651,0.004526849612593651
0.01,0.011112395,-0.0011123947426676748,0.0011123947426676748
0.81,0.6132886,0.19671141862869268,0.19671141862869268
0.81,0.62226886,0.18773114442825323,0.18773114442825323
0.01,0.009807645,0.00019235465675592443,0.00019235465675592443
0.01,0.0038735454,0.006126454556360841,0.006126454556360841
0.59,0.66343707,-0.07343706846237186,0.07343706846237186
0.59,0.6181493,-0.028149280548095734,0.028149280548095734
0.0,0.004886381,-0.004886380862444639,0.004886380862444639
0.0,0.0035537211,-0.003553721122443676,0.003553721122443676
0.11,0.11794187,-0.007941871285438537,0.007941871285438537
0.11,0.10373628,0.0062637186050415045,0.0062637186050415045
0.79,0.7858228,0.004177191257476842,0.004177191257476842
0.79,0.7852577,0.004742302894592321,0.004742302894592321
0.95,0.9470306,0.002969396114349321,0.002969396114349321
0.95,0.94695485,0.0030451536178588423,0.0030451536178588423
0.42,0.42763495,-0.007634954452514664,0.007634954452514664
0.42,0.42771554,-0.007715539932250992,0.007715539932250992
0.85,0.84478146,0.005218541622161843,0.005218541622161843
0.85,0.8448273,0.005172705650329568,0.005172705650329568
0.0,0.0,0.0,0.0
0.0,0.0,0.0,0.0
0.9,0.8963407,0.0036592721939087136,0.0036592721939087136
0.9,0.89469934,0.005300664901733421,0.005300664901733421
0.85,0.81020206,0.03979793787002561,0.03979793787002561
0.85,0.8022209,0.04777911901473997,0.04777911901473997
0.85,0.8668859,-0.016885900497436546,0.016885900497436546
0.85,0.8671046,-0.017104589939117454,0.017104589939117454
0.85,0.84574676,0.004253244400024392,0.004253244400024392
0.85,0.8464081,0.0035918712615966575,0.0035918712615966575
0.83,0.8416269,-0.011626882553100626,0.011626882553100626
0.83,0.84648603,-0.016486032009124796,0.016486032009124796
0.85,0.8455974,0.004402613639831521,0.004402613639831521
0.85,0.84564334,0.004356658458709695,0.004356658458709695
0.01,0.024784489,-0.01478448860347271,0.01478448860347271
0.01,0.022048073,-0.012048072889447212,0.012048072889447212
0.78,0.79162955,-0.011629552841186497,0.011629552841186497
0.78,0.8151746,-0.0351745796203613,0.0351745796203613
0.02,0.05009998,-0.03009998008608818,0.03009998008608818
0.02,0.032574404,-0.012574404031038284,0.012574404031038284
0.1,0.10683032,-0.006830321252346033,0.006830321252346033
0.1,0.10874496,-0.008744956552982325,0.008744956552982325
0.0,0.00029742628,-0.00029742627521045506,0.00029742627521045506
0.0,0.0002974263,-0.0002974263043142855,0.0002974263043142855
0.03,0.10212648,-0.07212647914886475,0.07212647914886475
0.07,0.11353848,-0.04353848129510879,0.04353848129510879
0.5,0.5349909,-0.034990906715393066,0.034990906715393066
0.5,0.55248153,-0.05248153209686279,0.05248153209686279
0.06,0.07150924,-0.011509242057800295,0.011509242057800295
0.06,0.07033322,-0.010333220064640047,0.010333220064640047
0.52,0.51728356,0.0027164411544799982,0.0027164411544799982
0.52,0.5089146,0.011085410118103045,0.011085410118103045
0.01,0.009331691,0.000668308921158314,0.000668308921158314
0.01,0.009316486,0.0006835136935114863,0.0006835136935114863
0.0,0.0013300752,-0.0013300752034410834,0.0013300752034410834
0.0,0.0013300795,-0.001330079510807991,0.001330079510807991
0.0,0.00029742633,-0.000297426333418116,0.000297426333418116
0.0,0.00029892212,-0.0002989221247844398,0.0002989221247844398
0.0,0.0005563978,-0.0005563977756537497,0.0005563977756537497
0.0,0.000642256,-0.0006422559963539243,0.0006422559963539243
0.0,0.00029742633,-0.000297426333418116,0.000297426333418116
0.0,0.0002989221,-0.00029892209568060935,0.00029892209568060935
0.01,0.0096887285,0.0003112715110182764,0.0003112715110182764
0.01,0.009611582,0.0003884176164865496,0.0003884176164865496
0.1,0.10437621,-0.004376211762428278,0.004376211762428278
0.1,0.10604914,-0.006049142777919764,0.006049142777919764
0.01,0.0102237025,-0.0002237025275826452,0.0002237025275826452
0.01,0.010217469,-0.0002174691855907438,0.0002174691855907438
0.0,0.0018018155,-0.0018018154660239816,0.0018018154660239816
0.0,0.0018085017,-0.0018085016636177897,0.0018085016636177897
0.0,0.00020896597,-0.0002089659683406353,0.0002089659683406353
0.0,0.0006351852,-0.0006351852207444608,0.0006351852207444608
0.0,0.00029742628,-0.00029742627521045506,0.00029742627521045506
0.0,0.0002974263,-0.0002974263043142855,0.0002974263043142855
0.0,0.00018444605,-0.00018444604938849807,0.00018444604938849807
0.0,0.00018444605,-0.00018444604938849807,0.00018444604938849807
0.0,0.00025146635,-0.00025146635016426444,0.00025146635016426444
0.0,0.00025146635,-0.00025146635016426444,0.00025146635016426444
1.0,0.9982625,0.0017374753952026367,0.0017374753952026367
1.0,0.9983497,0.0016502737998962402,0.0016502737998962402
0.89,0.8894115,0.0005884909629821911,0.0005884909629821911
0.89,0.88926774,0.0007322573661804332,0.0007322573661804332
0.85,0.8470158,0.00298420190811155,0.00298420190811155
0.85,0.84707004,0.0029299616813659446,0.0029299616813659446
0.03,0.034606487,-0.004606486558914186,0.004606486558914186
0.03,0.03480624,-0.004806240350008012,0.004806240350008012
0.11,0.11609025,-0.006090252995491027,0.006090252995491027
0.11,0.114863634,-0.00486363410949707,0.00486363410949707
0.85,0.8450637,0.004936313629150368,0.004936313629150368
0.85,0.84507835,0.004921650886535622,0.004921650886535622
0.11,0.11583643,-0.005836426615715026,0.005836426615715026
0.11,0.116099216,-0.006099216043949127,0.006099216043949127
0.85,0.84466654,0.005333459377288796,0.005333459377288796
0.85,0.8446859,0.005314087867736794,0.005314087867736794
0.02,0.025048027,-0.0050480268150568,0.0050480268150568
0.02,0.025185436,-0.005185436010360717,0.005185436010360717
0.62,0.61999774,2.2602081298783716e-06,2.2602081298783716e-06
0.62,0.6202353,-0.00023532390594482866,0.00023532390594482866
1.0,0.99947816,0.0005218386650085449,0.0005218386650085449
1.0,0.9994675,0.0005325078964233398,0.0005325078964233398
0.58,0.5804392,-0.0004392099380493564,0.0004392099380493564
0.58,0.58490145,-0.0049014520645142,0.0049014520645142
0.57,0.5778193,-0.00781928777694707,0.00781928777694707
0.57,0.5863459,-0.016345911026001025,0.016345911026001025
0.58,0.59577554,-0.01577554464340214,0.01577554464340214
0.58,0.5962893,-0.01628927707672123,0.01628927707672123
0.23,0.19554015,0.0344598549604416,0.0344598549604416
0.23,0.19928455,0.03071544647216798,0.03071544647216798
1.0,0.99928534,0.0007146596908569336,0.0007146596908569336
1.0,0.9993712,0.0006288290023803711,0.0006288290023803711
0.89,0.88534623,0.004653766155242933,0.004653766155242933
0.89,0.88515997,0.004840030670166029,0.004840030670166029
0.3,0.31697908,-0.016979080438613903,0.016979080438613903
0.3,0.32795122,-0.02795122265815736,0.02795122265815736
0.53,0.53244805,-0.002448053359985325,0.002448053359985325
0.53,0.5257477,0.004252283573150661,0.004252283573150661
0.6,0.58070517,0.01929483413696287,0.01929483413696287
0.6,0.57478696,0.02521303892135618,0.02521303892135618
0.58,0.58608496,-0.006084961891174356,0.006084961891174356
0.58,0.58655435,-0.0065543484687805575,0.0065543484687805575
0.44,0.43532035,0.004679652452468874,0.004679652452468874
0.49,0.5162813,-0.026281306743621835,0.026281306743621835
0.64,0.6226962,0.017303779125213636,0.017303779125213636
0.64,0.62890625,0.011093750000000013,0.011093750000000013
0.61,0.5808461,0.029153928756713854,0.029153928756713854
0.61,0.62372154,-0.01372153997421266,0.01372153997421266
0.84,0.85111994,-0.011119935512542756,0.011119935512542756
0.84,0.8508823,-0.010882291793823273,0.010882291793823273
0.89,0.883558,0.006442024707794203,0.006442024707794203
0.89,0.8833916,0.006608381271362318,0.006608381271362318
0.89,0.888533,0.0014670038223266735,0.0014670038223266735
0.89,0.8885904,0.0014096045494079723,0.0014096045494079723
1.0,0.9994227,0.0005772709846496582,0.0005772709846496582
1.0,0.9994154,0.0005846023559570312,0.0005846023559570312
0.88,0.8885772,-0.008577222824096675,0.008577222824096675
0.88,0.89109355,-0.011093552112579341,0.011093552112579341
0.17,0.22271408,-0.05271408140659331,0.05271408140659331
0.17,0.23415703,-0.06415702581405638,0.06415702581405638
0.04,0.11440292,-0.07440292000770568,0.07440292000770568
0.04,0.16293639,-0.12293638944625854,0.12293638944625854
0.41,0.5685246,-0.1585245990753174,0.1585245990753174
0.41,0.51277524,-0.10277524232864382,0.10277524232864382
0.6,0.5809026,0.019097423553466775,0.019097423553466775
0.6,0.57521695,0.02478305101394651,0.02478305101394651
0.54,0.5693481,-0.029348096847534144,0.029348096847534144
0.54,0.58095956,-0.04095955848693844,0.04095955848693844
0.64,0.6312427,0.008757307529449476,0.008757307529449476
0.64,0.6343275,0.00567252874374391,0.00567252874374391
0.02,0.0637537,-0.04375370174646377,0.04375370174646377
0.03,0.050210983,-0.02021098256111145,0.02021098256111145
0.89,0.88574845,0.004251554012298597,0.004251554012298597
0.89,0.8855634,0.004436626434326185,0.004436626434326185
0.9,0.89379954,0.0062004566192627175,0.0062004566192627175
0.9,0.89553493,0.0044650673866272195,0.0044650673866272195
0.0,1.7518636e-05,-1.7518636013846844e-05,1.7518636013846844e-05
0.0,1.7518636e-05,-1.7518636013846844e-05,1.7518636013846844e-05
0.0,0.00025385842,-0.00025385842309333384,0.00025385842309333384
0.0,0.00025385842,-0.00025385842309333384,0.00025385842309333384
0.0,3.31376e-05,-3.313759953016415e-05,3.313759953016415e-05
0.0,3.31376e-05,-3.313759953016415e-05,3.313759953016415e-05
0.0,0.0002562394,-0.0002562394074629992,0.0002562394074629992
0.0,0.0002562394,-0.0002562394074629992,0.0002562394074629992
0.0,0.0,0.0,0.0
0.0,0.0,0.0,0.0
0.0,0.00016610207,-0.00016610206512268633,0.00016610206512268633
0.0,0.00016610207,-0.00016610206512268633,0.00016610206512268633
0.0,0.00026788295,-0.0002678829478099942,0.0002678829478099942
0.0,0.00026788295,-0.0002678829478099942,0.0002678829478099942
0.14,0.10600288,0.033997117877006544,0.033997117877006544
0.16,0.10710753,0.05289247244596482,0.05289247244596482
0.1,0.104708746,-0.0047087460756301824,0.0047087460756301824
0.1,0.10497479,-0.0049747914075851385,0.0049747914075851385
0.1,0.102657676,-0.002657675743103022,0.002657675743103022
0.1,0.102888905,-0.002888904511928553,0.002888904511928553
0.1,0.10356102,-0.0035610213875770513,0.0035610213875770513
0.1,0.103769526,-0.0037695258855819647,0.0037695258855819647
0.95,0.9479117,0.0020883202552794966,0.0020883202552794966
0.95,0.9482875,0.0017125129699706587,0.0017125129699706587
