northing,easting,scr_no,ohl_length_meter,ohl_progress,engg_kpi_after_rig-off_days,access_road_5,earth_work_60,cellar_20,beam_pump_base_esp_pcp_foundation_5,earthing_1,water_2,hdpe_liner_instalat_4,sleeper_pre_cast_ins_15,cs_pipe_welding_ndt_10_rt_for_op_100_for_60,pe_fussion_pull_20,final_hydro_t_3,mechani_60,days_since_start,start_month,start_quarter,rig_duration_days,days_to_rig_off_exp,week_index,dist_from_centroid,geo_quadrant,geo_angle,loc_prep_composite,progress_lag1,progress_lag2,progress_lag4,progress_velocity_1w,progress_velocity_2w,progress_accel,progress_rolling3w,remaining_to_complete,momentum_score,rig_no_te,rig_no_cnt,project_id_te,project_id_cnt,project_code_te,project_code_cnt,well_type_te,well_type_cnt,completion_type_rig_fbu_or_rsr_hoist_te,completion_type_rig_fbu_or_rsr_hoist_cnt,week_hist_mean,week_hist_std,rig_no_enc,well_type_enc,project_code_enc,project_name_enc,fl_dia_enc,completion_type_rig_fbu_or_rsr_hoist_enc,flow_line_const._status_in_progress_completed_enc,physical_tie_in_port_available_when_flaf_issued_enc,location_preparation_status_in_progress_completed_enc,pred
0.0,0.0,-0.010460922006748086,0.0,0.0,0.0,0.0,0.0,0.0,0.0,0.0,0.0,0.0,0.0,0.0,0.04276383646464921,0.0,0.0,0.0,0.0,0.0,0.0,0.0379120808493453,0.0,0.0,0.0,-0.01215000214318754,-0.020377837511499554,0.0,0.0,0.0,0.0,0.0,0.0,0.0,0.0,0.0,0.0,-0.008697613568542997,-0.016838107620412778,0.0,0.0,0.0,0.0,0.0,0.0,-0.01218681792130606,0.0,0.0,0.0,0.0,-0.013557698373893673,0.0,0.0,-0.01774788543178996,0.0,0.0,0.0,0.38518843
0.0,0.0,0.0,0.0,0.0,0.0,0.0,0.0,0.0,0.0,0.0,0.0,0.0,0.0,0.0,-0.007016526773527988,0.0,-0.004832665143501188,0.0,0.0,0.0,0.0,-0.04478573743501768,0.0,0.0,0.0,0.0,0.03172211556998389,-0.01495727379836185,0.0,0.0,0.0,0.0,0.0,-0.023344161609074876,-0.021723140238140065,0.0,0.0,0.0,0.0,0.0,0.0,0.0,0.0,0.0,0.0,-0.013737422503907182,0.0,0.0,-0.017406230564567953,0.0,-0.0095453234889662,0.0,0.0,0.0,0.0,0.0,0.0,0.29090303
0.0,0.0,0.0,0.0,0.0,0.0,0.0,0.0,0.0,0.0,0.0,-0.0018988564791118843,0.0,0.0,0.0,-0.006042497542451134,0.0,-0.0017571993715420353,0.0,0.0,0.0,0.0,-0.05479148791526451,0.0,0.0,0.0,0.0,-0.05954290459616767,-0.08823897007110536,-0.0016093831106238632,0.0,0.0,0.0,0.0,-0.01298460993163232,-0.05584415295691658,0.0,-0.02028085454117623,0.0,0.0,0.0,0.0,0.0,0.0,0.0,0.0,0.0,0.0,0.0,0.0,0.0,0.0,0.0,0.0,0.0,0.0,0.0,0.0,0.11353848
0.0,0.0,0.0,0.0,0.0,0.0,0.0,0.0,0.0,0.0,0.00876936928772376,0.032335008740655424,0.03159238001281642,0.0,0.0,0.0,0.0,0.0,0.0,0.0,0.0,0.0,0.0,0.0,0.0,0.0,0.0,0.13108145443815022,0.042723392853823004,0.0,0.0,0.01933889603153373,0.0,0.0,0.013459923781688794,0.02257678101886454,0.01823816520078831,0.0,0.016148006453806343,0.0,0.0,0.0,0.0,0.0,0.0,0.0,0.0,0.0,0.0,0.0,0.0,0.0,0.0,0.0,0.0,0.0,0.0,0.0,0.7527928
0.0,0.0,0.018351301468495146,0.0,0.0,0.0,0.01038208977904571,0.0,0.0,0.0,0.008692243344471606,0.01763372363297109,0.0,0.0,0.0,0.0,0.0,0.0,0.0,0.0,0.0,0.0,0.04217146206582846,0.0,0.0,0.0,0.0,0.07666563869676789,0.10536367704394967,0.0,0.0,0.0,0.0,0.0,0.04414616643781211,0.09301094988802784,0.0,0.0,0.0,0.012549050667711703,0.0,0.0,0.0,0.0,0.0,0.0,0.0,0.0,0.0,0.0,0.0,0.0,0.0,0.0,0.0,0.0,0.0,0.0,0.8454957
0.0,0.0,0.0,0.0,0.0,0.0,0.0,0.0,0.0,0.0,0.0,0.0,0.0,0.0,0.0,0.019818791081159744,0.0,0.02511119473378395,0.0,0.0,0.0,0.0,0.06298650568813907,0.0,0.0,0.0,0.0,0.07053244266358917,0.10567617019011333,0.012174113810554443,0.0,0.0,0.0,0.0,0.044944440643869765,0.08540531303273756,0.0,0.0,0.0,0.0,0.0,0.0,0.0,0.0,0.0,0.0,0.0,0.0,0.0,0.0,0.0,0.008551989707433089,0.0,0.0,0.0,0.02329127712357298,0.0,0.0,0.87502164
0.0,0.0,0.0,0.0,0.0,0.0,0.0,0.0,0.0,0.0,0.0,0.0,0.0,-0.011410011770437201,0.0,-0.009383956355613803,0.0,0.0,0.0,0.0,0.0,0.0,0.0,0.0,0.0,0.0,0.0,-0.06293683925362441,-0.07837515472396522,0.0,0.0,0.0,0.0,0.0,-0.03450113615756174,-0.047001288843709896,0.0,0.0,0.0,-0.025233968633090274,0.0,0.0,0.0,0.0,0.0,0.0,-0.008927031866080348,0.0,0.0,0.0,0.0,-0.01507900495436418,0.0,0.0,-0.013060573650652104,0.0,0.0,0.0,0.11062043
0.0,0.0,0.0,0.0,0.0,0.0,0.0,0.0,0.0,0.0,0.0,0.0,0.0,0.0,-0.0012492654445074858,-0.0033722896330280363,0.0,0.0,0.0,0.0,0.0,0.0,-0.05379398051974218,0.0,0.0,0.0,0.0,-0.046660478602650234,-0.11079975694513214,-0.0032491609749566285,0.0,0.0,0.0,0.0,-0.029585914353278498,-0.07622770692625355,-0.030668198493641583,-0.029444755009191855,0.0,0.0,0.0,0.0,0.0,0.0,0.0,0.0,0.0,0.0,0.0,0.0,0.0,0.0,0.0,0.0,0.0,0.0,0.0,0.0,0.0314779
0.0,0.0,0.0,0.0,0.0,0.0,0.0,0.0,0.0,0.0,0.0,0.0,0.0,0.0,0.004875076984509715,0.030177974153057847,0.0039076157337659045,0.0,0.0,0.0,0.0,0.0,0.0,0.0,0.0,0.0,0.0,0.045365595518963284,0.05452807211540596,0.0,0.0,0.0,0.0,0.0,0.02385030156932961,0.027880298625011325,0.0,0.0,0.0,0.0021570327303436776,0.0,0.0,0.0,0.0,0.0,0.0,0.0,0.0,0.0,0.0,0.0,0.004970724117495091,0.0,0.0,0.0023528212626603203,0.0,0.0,0.0,0.6165949
0.0,0.0,0.0,0.0,0.0,0.0,0.0,0.0,0.0,0.0,0.0,-0.004586817661172526,0.0,0.0,0.0,-0.011688536884700737,0.0,0.0,0.0,0.0,0.0,0.0,-0.06043166355968528,0.0,0.0,0.0,0.0,-0.04222672068473547,-0.11937414712490284,-0.011219192797350864,-0.00590938737105832,0.0,0.0,0.0,-0.04797074123190677,-0.09775778030922691,0.0,-0.008541113527665978,0.0,0.0,0.0,0.0,0.0,0.0,0.0,0.0,0.0,0.0,0.0,0.0,0.0,0.0,0.0,0.0,0.0,0.0,0.0,0.0,0.006823298
0.0,0.0,0.0,0.0,0.0,0.0,0.0,0.0,0.0,0.0,0.0,0.0,0.0,0.0,0.009783820084034889,0.017604280901836585,0.0,0.0,0.0,0.0,0.0,0.0,0.06604192459885863,0.0,0.0,0.0,0.0,0.0760151874229272,0.14931418794263052,0.01631232133888168,0.008220202272431143,0.0,0.0,0.0,0.07964887563746506,0.13862827672398334,0.0,0.0,0.0,0.0,0.0,0.0,0.0,0.0,0.0,0.0,0.0,0.0,0.0,0.0,0.0,0.0,0.0,0.0,0.0,0.020696974999584512,0.0,0.0,0.99879545
0.0,0.0,0.0,0.0,0.0,0.0,0.01396628332639903,0.0,0.0,0.0,0.0,0.018654575580989517,0.01583300203052645,0.0,0.0,0.0,0.0,0.0,0.0,0.0,0.0,0.0,0.05633899543783773,0.0,0.0,0.0,0.0,0.08704322761746051,0.1251496927181474,0.0,0.012953973157685539,0.0,0.0,0.0,0.06222533959188825,0.12704190486224473,0.0,0.0,0.012159253960996276,0.0,0.0,0.0,0.0,0.0,0.0,0.0,0.0,0.0,0.0,0.0,0.0,0.0,0.0,0.0,0.0,0.0,0.0,0.0,0.94789565
0.0,0.0,0.0,0.0,0.0,0.0,0.0,0.0,0.0,0.0,0.0,0.0,0.0,0.0,0.006442797607398576,0.0,0.0,0.026936146209814323,0.0,0.0,0.0,0.0,0.07020875129124524,0.0,0.0,0.0,0.0,0.07547501119955734,0.1140062140848369,0.011650634446363104,0.008872630555271648,0.0,0.0,0.0,0.05041427680112722,0.10404069764395672,0.0,0.0,0.0,0.0,0.0,0.0,0.0,0.0,0.0,0.0,0.0,0.0,0.0,0.0,0.0,0.010260046944512925,0.0,0.0,0.0,0.0,0.0,0.0,0.8948366
0.0,0.0,0.0,0.0,0.0,0.0,0.0,0.0,0.0,0.0,0.0,0.0,0.0,0.0,0.0,0.0,0.0,0.0,0.0,0.0,0.0,0.0,0.0,0.0,0.0,0.0,0.0,-0.060276793381702096,-0.11275092675971381,-0.021016184533432784,0.0,0.0,0.0,0.0,-0.046410790246105144,-0.08553585465466014,0.0,-0.017337053763535233,0.0,-0.020582075279619486,0.0,0.0,0.0,0.0,0.0,0.0,-0.016970956177160212,0.0,0.0,0.0,0.0,-0.01835049566162597,0.0,0.0,0.0,-0.017080079327207606,0.0,0.0,0.00021818824
0.0,0.0,0.0,0.0,0.0,0.0,0.0,0.0,0.0,0.0,0.0,0.0,0.0,0.0,0.014537807029129433,0.0,0.0,0.0,0.0,0.0,0.0,0.0,-0.041435390753617546,0.0,0.0,0.0,0.0,0.03455290103622956,0.06015291179252395,0.0,0.0,0.0,0.0,0.0,0.023656376595897793,0.034947616175195304,0.012450445406302146,0.021550555574398052,0.0,0.006890668145901622,0.0,0.0,0.0,0.0,0.0,0.0,0.0,0.0,0.0,0.0,0.0,0.0,0.0,0.0,0.0,0.0,0.0025126222129402964,0.0,0.5863459
0.0,0.0,0.0,0.0,0.0,0.0,0.0,0.0,0.0,0.0,0.0,0.0,0.0,0.0,0.0,0.04121801527695796,0.0,0.0,0.0,0.0,0.0,0.008867923267523246,0.038914093897442666,0.0,0.0,0.0,0.0,-0.009306734589696615,0.02725397757221134,0.0,0.0,0.0,0.014617672616427789,0.0,0.0,0.0,0.0,0.0,-0.008486851390457021,-0.016219447659143182,0.0,0.0,0.0,0.0,0.0,0.0,-0.015891984615611705,0.0,0.0,0.0,0.0,-0.013504916099108378,0.0,0.0,0.0,0.0,0.0,0.0,0.48399115
0.0,0.0,0.0,0.0,0.0,0.0,0.0,0.0,0.0,0.0,0.0,0.0,0.0,0.0,0.0,0.0,0.0,0.0,0.0,0.0,0.0,0.0,0.048091774579960375,0.0,0.0,-0.006252198330827727,0.0,0.0,0.06635019607442877,0.0,0.0,0.0,0.0,0.0,0.016945734461127446,0.018422856784968657,0.0,0.0,-0.013988217349661632,-0.023558295374372023,0.0,0.0,0.0,0.0,0.0,0.0,-0.012876850849598276,0.0,0.0,0.0,-0.008664039151219355,-0.01418982346341698,0.0,0.0,0.0,0.0,0.0,0.0,0.48681054
0.0,0.0,0.0,0.0,0.0,0.0,0.0,0.0,0.0,0.0,0.0,-0.004201735219802125,0.0,0.0,0.0,-0.009430124236389854,0.0,-0.0024007595814921068,0.0,0.0,0.0,0.0,-0.05456891401235501,0.0,0.0,0.0,0.0,-0.07191134746451838,-0.038285277869173344,0.0,0.0,0.0,0.0,0.0,-0.022494362509736094,-0.08015764696076653,0.0,0.0,0.0,0.0,0.0,0.0,0.0,0.0,0.0,0.0,-0.004895671947473921,0.0,0.0,0.0,0.0,-0.004229194842107125,0.0,0.0,0.0,0.0,0.0,0.0,0.12395437
0.0,0.0,0.0,0.0,0.0,0.0,0.004990791798312855,0.0,0.0,0.0,0.0,0.013855056167828247,0.015283847645726363,0.0,0.0,0.0,0.0,0.0,0.0,0.0,0.0,0.0,0.04432530301246664,0.0,0.0,0.0,0.0,0.07411122176787192,0.10677527665096766,0.00784142743148211,0.0,0.0,0.0,0.0,0.04590103882736088,0.10349971614179387,0.0,0.0,0.0,0.011910435585360112,0.0,0.0,0.0,0.0,0.0,0.0,0.0,0.0,0.0,0.0,0.0,0.0,0.0,0.0,0.0,0.0,0.0,0.0,0.8450235
0.0,0.0,0.0,0.0,0.0,0.0,0.0,0.0,0.0,0.0,0.0,0.0,0.0,0.0,0.006555190154399062,0.03727629499168586,0.006292733200415368,0.0,0.0,0.0,0.0,0.0,-0.030945818241456924,0.0,0.0,0.0,0.0,0.058316569637803746,0.05085368790605905,0.0,0.0,0.0,0.0,0.0,0.017281477817115302,0.019183283958469067,0.0,0.00406570054025085,0.0,0.0,0.0,0.0,0.0,0.0,0.0,0.0,0.0,0.0,0.0,0.0,0.0,0.010955324711493403,0.0,0.0,0.0,0.0,0.0,0.0,0.59636384
0.0,0.0,0.0,0.0,0.0,0.0,0.012578976695386435,0.0,0.0,0.0,0.006631481962629193,0.018491057989687906,0.0,0.0,0.0,0.0,0.0,0.0,0.0,0.009832359808689755,0.0,0.0,0.06916098869959926,0.0,0.0,0.0,0.0,0.0679014301627269,0.10248186618441779,0.01110396894173651,0.0,0.0,0.0,0.0,0.043994066419120965,0.08836444364353897,0.0,0.0,0.0,0.0,0.0,0.0,0.0,0.0,0.0,0.0,0.0,0.0,0.0,0.0,0.0,0.0,0.0,0.0,0.0,0.0,0.0,0.0,0.84707004
0.0,0.0,0.0,0.0,0.0,0.0,0.0,0.0,0.0,0.0,0.0,0.0,-0.005550080673603547,0.0,-0.00661071295147211,0.025532805796772723,0.0,0.0,0.0,0.0,0.0,0.0,0.04468473183591927,0.0,0.0,0.0,0.0,0.025442577667129124,0.09358606124372652,0.0,0.0,0.0,0.0,0.0,0.037808487961041234,0.05905772543916532,0.0,0.0,0.0,-0.018521903133576687,0.0,0.0,0.0,0.0,0.0,0.0,0.0,0.0,0.0,0.0,0.0,-0.013616789150651653,0.0,0.0,0.0,0.0,0.0,0.0,0.6583423
0.0,0.0,0.0,0.0,0.0,0.0,0.0,0.0,0.0,0.0,0.0,0.0,0.0,-0.006367714570948444,0.0,-0.007888008960821244,0.0,-0.005148539021308768,0.0,0.0,0.0,0.0,-0.0333769554471808,0.0,0.0,0.0,0.0,-0.06033372581278935,-0.06652723183222649,0.0,0.0,0.0,0.0,0.0,-0.027562975085165028,-0.04363848580006849,0.0,0.036494823278513076,0.0,0.0,0.0,0.0,0.0,0.0,0.0,0.0,0.0,0.0,0.0,-0.006640439519546425,0.0,0.0,0.0,0.0,0.0,0.0,0.0,0.0,0.19554015
0.0,0.0,0.0,0.0,0.0,0.0,0.0,0.0,0.0,0.012936256718046919,0.0,0.018930890044261826,0.0,0.0,0.0,0.0,0.0,0.0,0.0,0.0,0.01209470201018559,0.0,0.028294897767910075,0.0,0.0,0.0,0.0,0.07731511308080126,0.11062084107824131,0.011346050516461537,0.0,0.0,0.0,0.0,0.048644372131882434,0.09594409489128922,0.0,0.0,0.0,0.012329703491750601,0.0,0.0,0.0,0.0,0.0,0.0,0.0,0.0,0.0,0.0,0.0,0.0,0.0,0.0,0.0,0.0,0.0,0.0,0.8449863
0.0,0.0,0.0,0.0,0.0,0.0,0.0,0.0,0.0,0.0,0.0,0.0,0.0,0.0,0.008928853020109343,0.0,0.0,0.030158943970262822,0.0,0.0,0.0,0.0,0.053873496668807634,0.0,0.0,0.0,0.0,0.07078091308833925,0.1083197547665384,0.01037097801431442,0.0,0.0,0.0,0.0,0.043759121295019535,0.097043354348308,0.0,0.0,0.0,0.008030889847003874,0.0,0.0,0.0,0.0,0.0,0.0,0.0,0.0,0.0,0.0,0.0,0.008118889913116267,0.0,0.0,0.0,0.0,0.0,0.0,0.8559146
0.0,0.0,0.0,0.0,0.0,0.0,0.0,0.0,0.0,0.016076620640835662,0.0,0.019007118878975375,0.0123193899019709,0.0,0.0,0.0,0.0,0.0,0.01465058874552189,0.0,0.0,0.0,0.022366053212325328,0.0,0.0,0.0,0.0,0.07141641999617099,0.11161210350398348,0.0,0.0,0.0,0.0,0.0,0.046261492798403865,0.10172841932799113,0.0,0.0,0.0,0.012359546958081091,0.0,0.0,0.0,0.0,0.0,0.0,0.0,0.0,0.0,0.0,0.0,0.0,0.0,0.0,0.0,0.0,0.0,0.0,0.84432715
0.0,0.0,0.0,0.0,0.0,0.0,0.0,0.0,0.0,0.0,0.0,0.0,0.0,0.0,0.012560956953780388,0.0,0.0,0.0,0.0,0.0,0.0,0.0,0.06850404199921095,0.0,0.0,0.0,0.0,0.035802275823200315,0.1256876113626156,0.011146785594400714,0.0,0.0,0.0,0.0,0.04103015312613815,0.0954738368974201,0.011988749691334096,0.0,0.0,0.010429821675125406,0.0,0.0,0.0,0.0,0.0,0.0,0.0,0.0,0.0,0.0,0.0,0.016770150460632367,0.0,0.0,0.0,0.0,0.0,0.0,0.8459238
0.0,0.0,0.0,0.0,0.0,0.0,0.0,0.0,0.0,0.0,0.0,0.0,0.0,0.0,0.0,0.01994022740740534,0.0,0.0,0.0,0.0,0.0,0.010108538823083739,0.061467225622771036,0.0,0.0,0.0,0.0,0.0778453973922598,0.1487598781956534,0.014560756668687292,0.009837531174425318,0.0,0.0,0.0,0.07302027601138261,0.1416327845633397,0.0,0.0,0.0,0.0,0.0,0.0,0.0,0.0,0.0,0.0,0.0,0.0,0.0,0.0,0.0,0.0,0.0,0.0,0.0,0.02415567618737425,0.0,0.0,0.9978577
0.0,0.0,0.0,0.0,-0.017525997513759703,0.0,0.0,0.0,0.0,0.0,0.0,0.0,0.0,0.0,0.0,-0.008311075335813656,0.0,0.0,0.0,0.0,0.0,0.0,0.0,0.0,0.0,0.0,0.0,-0.06043468226110422,-0.0934831711203358,-0.009808869421178113,0.0,0.0,0.0,0.0,-0.03661861076972046,-0.05937403838430226,0.0,0.0,0.0,-0.013999798380249959,0.0,0.0,0.0,0.0,0.0,0.0,-0.012581138479505836,0.0,0.0,0.0,0.0,0.0,0.0,0.0,0.0,-0.009662384005924524,0.0,0.0,0.09472964
0.0,0.0,0.0,0.0,0.0,0.0,0.0,0.0,0.0,0.0,0.0,0.0,0.0,0.0,0.007729891450106774,0.0,0.0,0.027544633465872145,0.0,0.0,0.0,0.0,0.07725842943116154,0.0,0.0,0.0,0.0,0.07753798777817882,0.11036663790208753,0.008485154606032014,0.0,0.0,0.0,0.0,0.046216180937806633,0.09437799957392727,0.0,0.00856309094214975,0.0,0.0,0.0,0.0,0.0,0.0,0.0,0.0,0.0,0.0,0.0,0.0,0.0,0.013967818925673826,0.0,0.0,0.0,0.0,0.0,0.0,0.8885772
0.0,0.0,0.0,0.0,0.0,0.0,0.0,0.0,0.0,0.0,0.0,0.0,0.0,0.0,0.012828798491549387,0.02027240063112537,0.0,0.0,0.0,0.0,0.0,0.0,0.06851428081060923,0.0,0.0,0.0,0.0,0.07905143472931855,0.14459687098917873,0.015237313195960556,0.010729209062161925,0.0,0.0,0.0,0.07091200712351105,0.13737643937500335,0.0,0.0,0.0,0.0,0.0,0.0,0.0,0.0,0.0,0.0,0.0,0.0,0.0,0.0,0.0,0.0,0.0,0.0,0.0,0.0216862752325689,0.0,0.0,0.9977344
0.0,0.0,0.0,0.0,0.0,0.0,0.0,0.0,0.0,0.0,0.0,0.0,0.0,0.0,0.012660420596519048,0.0,0.0,0.0,0.0,0.0,0.0,0.0,0.0,0.0,0.0,0.0,0.0,0.022243769083929527,0.0679169074025629,0.0,0.0,0.0,0.0,0.0,0.026523359403775777,0.04656693195353647,0.0,0.02064914284289794,0.0,0.0016498186656630433,0.0,0.0,0.0,0.0,0.0,0.0,0.0,0.0,0.0,0.0014004615999717585,0.0,0.005145427214842703,0.0,0.0,0.0014105842999867732,0.0,0.0,0.0,0.6226962
0.0,0.0,0.0,0.0,0.0,0.0,0.0,0.0,0.0,0.0,0.0,0.0,0.0,0.0,0.0,0.0,0.0,0.03180378855811489,0.0,0.0,0.0,0.008916774953622975,0.06960006229313835,0.0,0.0,0.0,0.0,0.08070803064255734,0.14018502514938144,0.015012934973478652,0.011940545119704278,0.0,0.0,0.0,0.06670528761753831,0.14134997404572167,0.0,0.0,0.0,0.0,0.0,0.0,0.0,0.0,0.0,0.0,0.0,0.0,0.0,0.0,0.0,0.012547696944009534,0.0,0.0,0.0,0.0,0.0,0.0,0.9952995
0.0,0.0,0.0,0.0,0.0,0.0,0.0,0.0,0.0,0.0,0.0,-0.006041267884973996,0.0,0.0,0.0,-0.011843544517592921,0.0,0.0,0.0,0.0,0.0,0.0,-0.04984395857276534,0.0,0.0,0.0,0.0,-0.05161533515490918,-0.11638413047848026,-0.010747352701412815,-0.006359840320363475,0.0,0.0,0.0,-0.043713131071696346,-0.09272384919067893,0.0,-0.004596782777517294,0.0,0.0,0.0,0.0,0.0,0.0,0.0,0.0,0.0,0.0,0.0,0.0,0.0,0.0,0.0,0.0,0.0,0.0,0.0,0.0,0.0226602
0.0,0.0,0.0,0.0,0.0,0.0,0.0,0.0,0.0,0.0,0.0,0.019470569796284202,0.0,0.0,0.0,0.0,0.0,-0.007456341227456935,0.0,0.0,0.0,0.0,-0.042635171980975814,0.0,0.0,0.0,0.0,0.006971329097408927,0.02601502939056144,0.0,0.0,0.0032238688983996875,0.0,0.0,0.005450866920849354,0.0052268211897751014,0.0,0.0,0.0,0.0,0.0,0.0,0.0,0.0,0.0,0.0,0.0041550867308311045,0.0,0.0,0.0,0.0,0.0,0.0,0.0,0.0,0.0,0.0,-0.01506087001216868,0.4218906
0.0,0.0,0.0,0.0,0.0,0.0,0.0,0.0,0.0,0.0,0.0,0.0,0.0,0.0,0.0,0.0,0.0,0.0,0.0,0.0,0.0,0.0,0.041014309768058914,0.0,0.0,0.0,0.0,-0.0310981779113124,0.04112557060401992,0.0,0.0,0.011317709219793895,0.0,0.0,0.0,0.011082464754945362,0.013585616132620429,0.0,-0.022060157985224888,-0.015620737171586239,0.0,0.0,0.0,0.0,0.0,0.0,-0.020939776082106013,0.0,0.0,0.0,0.0,-0.01603654353262808,0.0,0.0,0.0,0.0,0.0,0.0,0.42889968
0.0,0.0,0.0,0.0,0.0,0.0,0.0,0.0,0.0,0.0,0.0,0.0,0.0,0.0,0.016511101267523958,0.0,0.0,0.0,0.0,0.0,0.0,0.0,-0.023680097191789946,0.0,0.0,0.0,0.0,0.04185693565064875,0.07156304939517018,0.0,0.0,0.0,0.0,-0.014817373978982999,0.008655366848400644,0.045299680655883565,0.0,0.0,0.0,0.006952395138243335,0.0,0.0,0.0,0.0,0.0,0.0,0.003910873878101545,0.0,0.0,0.0,0.0,0.008599276223332442,0.0,0.0,0.0,0.0,0.0,0.0,0.5813806
0.0,0.0,0.0,0.0,0.0,0.0,0.0,0.0,0.0,0.0,0.0,0.0,0.0,0.0,0.014191251392602305,0.0,0.0,0.0,0.0,0.0,0.0,0.0,-0.029986551375154477,0.0,0.0,0.0,0.0,0.038053989634799515,0.062195694407423716,0.0,0.0,0.0,0.0,0.0,0.007101729793923637,0.052656289518300294,-0.01524341037174018,0.016431632259454224,0.0,0.0,0.0,0.0,0.0,0.0,0.0,0.0,0.005288018968571429,0.0,0.0,0.0,0.0,0.0075689190393629585,0.0,0.0,0.0,0.0,0.0,0.0,0.57478696
0.0,0.0,0.0,0.0,0.0,0.0,0.0,0.0,0.0,0.0,0.0,0.0,0.0,0.0,0.0,0.0,0.0,0.0,0.0,0.0,0.0,0.0,0.0,0.0,0.0,0.0,0.0,-0.05257620513448588,-0.1293756816245165,-0.017011010200098816,-0.010683899065388636,0.0,0.0,0.0,-0.06039811565855482,-0.08448131216929622,0.0,-0.01740796842406011,0.0,-0.018040949347181603,0.0,0.0,0.0,0.0,0.0,0.0,0.0,0.0,0.0,0.0,0.0,-0.010562448543791668,0.0,0.0,-0.015829978355608534,0.0,0.0,0.0,0.00016182929
0.0,0.0,0.0,0.0,0.0,0.0,0.0,0.0,0.0,0.0,0.0,0.0,0.0,0.0,0.010195894134038782,0.0,0.0,0.027923655604707238,0.0,0.0,0.0,0.0,0.054813641700253185,0.0,0.0,0.0,0.0,0.07583723193101204,0.10706214004746557,0.008064244279635192,0.007156374947858979,0.0,0.0,0.0,0.04397916965055287,0.09373016484793564,0.0,0.0,0.0,0.0,0.0,0.0,0.0,0.0,0.0,0.0,0.0,0.0,0.0,0.0,0.0,0.008151886448485756,0.0,0.0,0.0,0.0,0.0,0.0,0.8534438
0.0,0.0,0.0,0.0,0.0,0.0,0.007979455328374725,0.0,0.0,0.0,0.0,0.017656225220879295,0.010186474493879006,0.0,0.0,0.0,0.0,0.0,0.0,0.0,0.0,0.0,0.03615737051835605,0.0,0.0,0.0,0.0,0.07988659761040698,0.11200501060668933,0.007150902470155596,0.0,0.0,0.0,0.0,0.04721115000102736,0.10048184059469051,0.0,0.0,0.0,0.008988492176410966,0.0,0.0,0.0,0.0,0.0,0.0,0.0,0.0,0.0,0.0,0.0,0.0,0.0,0.0,0.0,0.0,0.0,0.0,0.8442329
0.0,0.0,0.0,-0.01089260323904679,0.0,0.0,0.0,0.0,0.0,0.0,0.0,0.0,0.0,0.0,0.0,0.0,0.0,0.0,0.0,0.0,0.0,0.0,-0.039569892738070836,0.0,0.0,0.0,0.0,-0.04091867752259132,-0.12037140466551684,-0.013141881877793337,-0.011178229057099674,0.0,0.0,0.0,-0.051529483938107606,-0.11246836915792864,0.0,0.0,0.0,0.0,0.0,0.0,0.0,0.0,0.0,0.0,-0.008807348946339277,0.0,0.0,0.0,0.0,-0.007294406452399884,0.0,0.0,0.0,0.0,0.0,0.0,0.00035710022
0.0,0.0,0.0,0.0,0.0,0.0,0.0,0.0,0.0,0.0,0.0,-0.0015992770769116325,0.0,0.0,-0.0007753259901423291,-0.005437693042348859,0.0,-0.0005166728877353255,0.0,0.0,0.0,0.0,-0.07033354795765952,0.0,0.0,0.0,0.0,-0.05285446312887354,-0.04033939868693501,0.0,0.0,0.0,0.0,0.0,-0.018849068244668973,-0.020549658964954785,0.0,-0.005986579256865284,0.0,0.0,0.0,0.0,0.0,0.0,0.0,0.0,0.0,0.0,0.0,0.0,0.0,0.0,0.0,0.0,0.0,0.0,0.0,0.0,0.19928771
0.0,0.0,0.0,0.0,0.0,0.0,0.0,0.0,0.0,0.0,0.0,0.0,0.0,0.002359907942835221,0.0029093639006495717,0.025709233657372328,0.011514332660791953,0.0,0.0,0.0,0.0,0.0,0.0,0.0,0.0,0.0,0.0,0.05951592579102754,0.057489760232487704,0.0,0.0,0.0,0.0,0.0,0.0,0.03076537084123598,0.007293741280362307,0.0,0.0,0.0,0.0,0.0,0.0,0.0,0.0,0.0,0.0043270617549013134,0.0,0.0,0.0,0.0,0.00662870026218442,0.0,0.0,0.0,0.0,0.0,0.0,0.6250428
0.0,0.0,0.0,0.0,0.0,0.0,0.0,0.0,0.0,0.0,0.0,-0.007594604045952062,0.0,0.0,-0.006320615278138586,0.0,0.0,0.0,0.0,0.0,0.0,0.0,-0.07425139343997655,0.0,0.0,0.0,0.0,-0.04237873055589161,-0.11385227197603522,-0.01626028053366905,-0.007641275367360367,0.0,0.0,0.0,-0.04689855800291938,-0.09296393466346986,0.0,-0.008077409792912098,0.0,0.0,0.0,0.0,0.0,0.0,0.0,0.0,0.0,0.0,0.0,0.0,0.0,0.0,0.0,0.0,0.0,0.0,0.0,0.0,0.00029032415
0.0,0.0,0.0,0.0,-0.0022849133314451764,0.0,0.0,0.0,0.0,0.0,0.0,0.0,0.0,0.0,0.0,-0.004999640203550935,0.0,0.0,0.0,0.0,0.0,0.0,0.0,0.0,0.0,0.0,0.0,-0.06142763485407812,-0.03083952289168928,0.0,0.0,0.0,0.0,0.0,-0.02465953741792366,-0.02753926913637623,0.0,0.0,0.0,-0.014564423600085601,0.0,0.0,0.0,0.0,0.0,0.0,-0.011947913192652655,0.0,0.0,0.0,0.0,-0.013102937282310202,0.0,0.0,-0.0047750593149518145,0.0,0.0,0.0,0.22038855
0.0,0.0,0.0,0.0,0.0,0.0,0.0,0.0,0.0,0.0,0.0,0.0,0.0,0.0,0.0,-0.007550393945830369,0.0,0.0,0.0,0.0,0.0,0.0,0.0,0.0,0.0,0.0,0.0,-0.05135845183181813,-0.033264807872995406,0.0,0.0,0.0,0.0,0.0,-0.012718346700496036,-0.031129878533234664,0.0,-0.009612093059268622,0.0,-0.006381391042940216,0.0,0.0,0.0,0.0,0.0,0.0,-0.01105492111075302,0.0,0.0,0.0,0.0,-0.004896414008230696,0.0,0.0,0.0,0.0,-0.004313475042752424,0.0,0.24424922
0.0,0.0,0.0,0.0,0.0,0.0,0.0,0.0,0.0,0.0,0.0,0.0,0.0,0.0,0.01051162038931328,0.0,0.0,0.0,0.0,0.0,0.0,0.0,0.06514542626054488,0.0,0.0,0.0,0.0,0.036916742090237986,0.13084401743955312,0.008726281115698365,0.0,0.0,0.0,0.0,0.04366674760229762,0.09793518995249947,0.0,0.008582642928613972,0.0,0.009483859437784348,0.0,0.0,0.0,0.0,0.0,0.0,0.0,0.0,0.0,0.0,0.0,0.013661182043279449,0.0,0.0,0.0,0.0,0.0,0.0,0.8420031
0.0,0.0,0.0,0.0,0.0,0.0,0.0,0.0,0.0,0.0,0.0,0.0,0.0,0.0,0.0,0.0,0.0,0.0,0.0,0.0,0.0,0.0,0.0,0.0,0.0,0.0,0.0,-0.05780451194879593,-0.12293240682050266,-0.018919413769030814,-0.011687896283189503,0.0,0.0,0.0,-0.05859473440097277,-0.08295254991386848,0.0,-0.015583441800194683,0.0,-0.01885352538465353,0.0,0.0,0.0,0.0,0.0,0.0,0.0,0.0,0.0,0.0,0.0,-0.014352321030189961,0.0,0.0,0.0,-0.014636587613127585,0.0,0.0,0.00021200885
0.0,0.0,0.0,0.0,0.0,0.0,0.0,0.0,0.0,0.0,0.0,0.0,0.0,0.0,0.0,0.0,0.0,0.0,0.0,0.0,0.0,0.0,0.06790864731108914,0.0,0.0,0.0,0.0,0.022351094459901955,0.16904230762663786,0.012847450497977026,0.010479249958042254,0.0,0.0,0.0,0.06664417866785255,0.17460714878027356,0.013644816275715071,0.0,0.0,0.008260944682565219,0.0,0.0,0.0,0.0,0.0,0.0,0.0,0.0,0.0,0.0,0.0,0.011985029241039705,0.0,0.0,0.0,0.0,0.0,0.0,0.97430027
0.0,0.0,0.0,0.0,0.0,0.0,0.0,0.0,0.0,0.02081399548738534,0.0,0.01616339474487974,0.012118807177229796,0.0,0.0,0.0,0.0,0.0,0.0,0.0,0.0,0.0,0.06592574319587995,0.0,0.0,0.0,0.0,0.07611561817802837,0.12474484827613631,0.013951563906361012,0.0,0.0,0.0,0.0,0.05921306281971656,0.12778174349298138,0.0,0.0,0.0,0.013672428795951784,0.0,0.0,0.0,0.0,0.0,0.0,0.0,0.0,0.0,0.0,0.0,0.0,0.0,0.0,0.0,0.0,0.0,0.0,0.9470306
0.0,0.0,0.0,0.0,0.0,0.0,0.0,0.0,0.0,0.0,0.0,0.0,0.0,0.0,0.0,-0.007862674974941863,0.0,0.0,0.0,0.0,0.0,0.0,-0.04184802575078599,0.0,0.0,0.0,0.0,-0.05160249169927964,-0.11808054388191523,-0.017313554177212764,-0.014586855000458495,0.0,0.0,0.0,-0.04880315764696252,-0.09492345063739269,0.0,0.0,0.0,0.0,0.0,0.0,0.0,0.0,0.0,0.0,-0.01093915387388876,0.0,0.0,0.0,0.0,-0.008089990030992896,0.0,0.0,0.0,0.0,0.0,0.0,0.0024795001
0.0,0.0,0.0,0.0,0.0,0.0,0.0,0.0,0.0,0.0,0.0,0.0,0.0,0.0,0.0,-0.004640500001671544,0.0,0.0,0.0,0.0,0.0,0.0,-0.020177898192892365,0.0,0.0,0.0,0.0,-0.052149677110713645,-0.12707201829209533,-0.01342432928016577,-0.0085649982458431,0.0,0.0,-0.004165228555538852,-0.045336449037795185,-0.08578390933189876,0.0,0.0,-0.031833406141603765,0.0,0.0,0.0,0.0,0.0,0.0,0.0,0.0,0.0,0.0,0.0,0.0,0.0,0.0,0.0,0.0,0.0,0.0,0.0,0.023380984
0.0,0.0,0.0,0.0,0.0,0.0,0.011700664330772395,0.0,0.0,0.0,0.0,0.016706159796412733,0.014457893895216841,0.0,0.0,0.0,0.0,0.0,0.0,0.0,0.0,0.0,0.04853673139331236,0.0,0.0,0.0,0.0,0.07467814514383479,0.09663006449981845,0.004342275963314046,0.0,0.0,0.0,0.0,0.038210402946050125,0.08827470564427908,0.0,0.0,0.0,0.011152108781119543,0.0,0.0,0.0,0.0,0.0,0.0,0.0,0.0,0.0,0.0,0.0,0.0,0.0,0.0,0.0,0.0,0.0,0.0,0.8212185
0.0,0.0,0.0,0.0,0.0,0.0,0.0,0.0,0.0,0.0,0.0,0.0,0.0,0.0,0.008602217675509283,0.0,0.0,0.031369056326192926,0.0,0.0,0.0,0.0,0.06141529026793484,0.0,0.0,0.0,0.0,0.07761493763027791,0.1093250404958277,0.010722513791673249,0.008879852865265285,0.0,0.0,0.0,0.04935915861444283,0.09934150209809497,0.0,0.0,0.0,0.0,0.0,0.0,0.0,0.0,0.0,0.0,0.0,0.0,0.0,0.0,0.0,0.010399007715886402,0.0,0.0,0.0,0.0,0.0,0.0,0.883558
0.0,0.0,0.0,0.0,0.0,0.0,0.0,0.0,0.0,0.0,0.0,0.0,0.0,0.0,0.01274499144675722,0.020324224317611782,0.0,0.0,0.0,0.0,0.0,0.0,0.055995037016525445,0.0,0.0,0.0,0.0,0.08249855452659678,0.14548389055738786,0.015647491296436614,0.010157443921181453,0.0,0.0,0.0,0.07613195484128579,0.13908426906768181,0.0,0.0,0.0,0.0,0.0,0.0,0.0,0.0,0.0,0.0,0.0,0.0,0.0,0.009278615902085669,0.0,0.0,0.0,0.0,0.0,0.0,0.0,0.0,0.9838759
0.0,0.0,0.0,0.0,0.0,0.0,0.0,0.0,0.0,0.0,0.0,0.0,0.0,0.0,0.004960174298725434,0.029352542344135764,0.0058166312517920205,0.0,0.0,0.0,0.0,0.0,0.0,0.0,0.0,0.0,0.0,0.04531699181505736,0.052221410205424285,0.0,0.0,0.0,0.0058886826035243756,0.0,0.011701021995156997,0.03059879096679299,0.0,0.0,0.0,0.0,0.0,0.0,0.0,0.0,0.0,0.0,0.006169145524890206,0.0,0.0,0.0070600426310015105,0.0,0.0,0.0,0.0,0.0,0.0,0.0,0.0,0.61561483
0.0,0.0,0.0,0.0,0.0,0.0,0.0,0.0,0.0,0.0,0.0,-0.010030244867246914,0.0,0.0,0.0,-0.009465239718395514,0.0,0.0,0.0,0.0,0.0,0.0,-0.03722895699561862,0.0,0.0,0.0,0.0,-0.04825889853518465,-0.12559933724676708,-0.01609118552584635,-0.012759110315831174,0.0,0.0,0.0,-0.05196125796652056,-0.09709841344749902,0.0,-0.007782894769097104,0.0,0.0,0.0,0.0,0.0,0.0,0.0,0.0,0.0,0.0,0.0,0.0,0.0,0.0,0.0,0.0,0.0,0.0,0.0,0.0,0.00025385842
0.0,0.0,0.0,0.0,0.0,0.0,0.007951454075791708,0.0,0.0,0.0,0.0,0.023170688517862078,0.019292326184408046,0.0,0.0,0.0,0.0,0.0,0.009621255175494623,0.0,0.0,0.0,0.0,0.0,0.0,0.0,0.0,0.06695802776417542,0.1090436247114658,0.0,0.0,0.0,0.013878224311178187,0.0,0.03622605441159207,0.10461846365298291,0.0,0.0,0.007885063004310078,0.0,0.0,0.0,0.0,0.0,0.0,0.0,0.0,0.0,0.0,0.0,0.0,0.0,0.0,0.0,0.0,0.0,0.0,0.0,0.81517464
-0.010332516875967005,0.0,0.0,0.0,0.0,0.0,0.0,0.0,0.0,0.0,0.0,0.0,0.0,0.0,0.0,0.0,0.0,0.0,0.0,0.0,0.0,0.0,0.0,0.0,0.0,0.0,0.0,-0.08720036200246034,-0.05614940282442692,0.0,0.0,0.0,0.0,0.0,-0.026774419347310216,-0.02599512492012163,0.0,0.0,0.0,-0.01791957060269878,0.0,0.0,0.0,0.0,0.0,0.0,-0.009184404669124124,0.0,0.0,0.0,0.0,-0.016819808449863718,0.0,0.0,-0.0164466894215874,0.0,-0.009260942434188797,0.0,0.14044617
0.0,0.0,0.0,0.0,0.0,0.0,0.008084716402857404,0.0,0.0,0.0,0.0,0.015572591714573878,0.014084971821722733,0.0,0.0,0.0,0.0,0.0,0.0,0.0,0.0,0.0,0.049140580447398004,0.0,0.0,0.0,0.0,0.07893288257766141,0.10412867321773595,0.010418307291876556,0.0,0.0,0.0,0.0,0.04428623772788428,0.09412952183262839,0.0,0.0,0.0,0.009770468268025412,0.0,0.0,0.0,0.0,0.0,0.0,0.0,0.0,0.0,0.0,0.0,0.0,0.0,0.0,0.0,0.0,0.0,0.0,0.84507835
0.0,0.0,0.0,0.0,0.0,0.0,0.0,0.0,0.0,0.0,0.0,0.0,0.0,0.0,-0.0067001965512255785,0.0,0.0,-0.00575470157088925,0.0,0.0,0.0,0.0,-0.05906955526819118,0.0,0.0,0.0,0.0,-0.010265299622504408,0.03962242216008933,0.0,0.0,0.0,0.0,0.0,0.018555969916663327,0.02356674712480781,0.0,-0.006433218372086456,0.0,0.0,0.0,0.0,0.0,0.0,0.0,0.0,0.007258893812821072,0.0,0.0,0.0,0.0,0.01029725568926725,0.0,0.0,0.0,0.0,0.0,0.0,0.42760772
0.0,0.0,0.0,0.0,0.0,0.0,0.0,0.0,0.0,0.0,0.0,0.0,0.0,0.005208512034498613,0.0,0.0328023499433891,0.011719757681795,0.0,0.0,0.0,0.0,0.0,-0.03266444686276873,0.0,0.0,0.0,0.0,0.06521226709132606,0.05962771362057023,0.0,0.0,0.0,0.0,0.0,0.0,0.031665159920327195,0.0,0.0,0.0,0.006071782294463249,0.0,0.0,0.0,0.0,0.0,0.0,0.005902745468537193,0.0,0.0,0.0,0.0,0.0071166555280116894,0.0,0.0,0.0,0.0,0.0,0.0,0.6091919
0.0,0.0,0.0,0.0,0.0,0.0,0.0,0.0,0.0,0.0,0.0,0.0,0.0,0.0,0.0,0.0,0.0,0.0,0.0,0.0,0.0,0.0,0.0,0.0,0.0,0.0,0.0,0.0,0.022471571394159662,0.0026905166812770803,0.007161177923255136,0.0,0.0054354987191672895,0.0,0.005668350898990657,0.01785751662627056,0.006737533112946927,0.0,0.0,0.0,0.0,0.0,0.0,0.0,0.0,0.0,0.010062028112803345,0.0,0.0,0.0,0.0,0.009558552580587886,0.0,0.0,0.0041043782990174815,0.0,0.0,0.0,0.5082765
0.0,0.0,0.0,0.0,0.0,0.0,0.0,0.0,0.0,0.0,0.0,0.0,0.0,0.0,0.0,0.0,0.0,0.0,0.0,0.0,0.0,0.0,-0.03675248077410502,0.0,0.0,0.0,0.0,-0.030624763437638352,0.014901547580566377,0.0,0.0,0.0,0.00951574946209536,0.0,0.013278474337960604,0.009064918630820587,0.014573736177102965,0.0,0.007579707748343874,0.0,0.0,0.0,0.0,0.0,0.0,0.0,0.011610785969748674,0.0,0.0,0.0,0.0,0.009751881810548145,0.0,0.0,0.0,0.0,0.0,0.0,0.43942893
0.0,0.0,0.0,0.0,0.0,0.0,0.0,0.0,0.0,0.0,0.0,0.0,0.0,-0.00984789346353276,0.0,0.0,0.0,0.0,0.0,0.0,0.0,0.0,0.04545630159747643,0.0,0.0,0.0,0.0,-0.010738143975894086,0.05641300683603384,0.0,0.0,0.0,0.0,0.0,0.0,0.02503505716272814,0.0,0.0,-0.014941511555655684,-0.027807171051890178,0.0,0.0,0.0,0.0,0.0,0.0,-0.017328502262643992,0.0,0.0,0.0,0.0,-0.015930239691438867,0.0,0.0,0.0,-0.010535851371188003,0.0,0.0,0.43630445
0.0,0.0,0.0,0.0,0.0,0.0,0.011696842154214246,0.0,0.0,0.0,0.0,0.014766894527636094,0.009454297554753391,0.0,0.0,0.0,0.0,0.0,0.0,0.0,0.0,0.0,0.04796175054346864,0.0,0.0,0.0,0.0,0.07993224235201894,0.10466418933146315,0.008370130580917512,0.0,0.0,0.0,0.0,0.04670325878698738,0.09330613307462242,0.0,0.0,0.0,0.011731061345714534,0.0,0.0,0.0,0.0,0.0,0.0,0.0,0.0,0.0,0.0,0.0,0.0,0.0,0.0,0.0,0.0,0.0,0.0,0.8451162
0.0,0.0,0.0,0.0,0.0,0.0,0.0,0.0,0.0,0.0,0.0,-0.01121129955406025,0.0,0.0,0.0,-0.016174233656043927,0.0,0.0,0.0,0.0,0.0,0.0,-0.0358633747767925,0.0,0.0,0.0,-0.012933539099597774,0.0,-0.1375202789799941,0.0,0.0,0.0,0.0,0.0,-0.051590323941864843,-0.09812291378515972,0.0,0.0,0.0,-0.019143367421965637,0.0,0.0,0.0,0.0,0.0,0.0,0.0,0.0,0.0,0.0,0.0,0.0,0.0,0.0,-0.015566485476745086,-0.018403581118876473,0.0,0.0,0.0
0.0,0.0,0.0,0.0,0.0,0.0,0.009346835011853993,0.0,0.0,0.0,0.0,0.016248667567630073,0.015479932865198958,0.0,0.0,0.0,0.0,0.0,0.0,0.0,0.0,0.0,0.045326403975520346,0.0,0.0,0.0,0.0,0.07894371060909575,0.10323532138331609,0.005678589359607744,0.0,0.0,0.0,0.0,0.04379405084961627,0.09662251282421146,0.0,0.0,0.0,0.013102596427236116,0.0,0.0,0.0,0.0,0.0,0.0,0.0,0.0,0.0,0.0,0.0,0.0,0.0,0.0,0.0,0.0,0.0,0.0,0.844308
0.0,0.0,0.0,0.0,0.0,0.0,0.0,0.0,0.0,0.0,0.0,0.0,0.0,-0.014674204352783448,0.0,0.0,0.0,0.0,0.0,0.0,0.0,0.0,0.06494432699107201,0.0,0.0,0.0,0.0,-0.038603885582073935,0.031431023970075675,0.0,0.0,0.0,0.0,0.0,0.0,0.0,0.0,0.0,-0.015980948551324127,-0.01819449861143963,0.0,0.0,0.0,0.0,0.0,0.0,-0.01976430138047069,0.0,0.0,0.0,0.0,-0.01457758458806448,0.0,0.0,0.0,-0.011776060089078798,-0.009927131726860975,0.0,0.36940613
0.0,0.0,0.0,0.0,0.0,0.0,0.0,0.0,0.0,0.0,0.0,0.0,0.0,0.0,0.007363327534346582,0.0,0.0,0.030125784022196934,0.0,0.0,0.0,0.0,0.07101758140083868,0.0,0.0,0.0,0.0,0.07345508607518568,0.11282828486573063,0.011012634058604172,0.007568771686043307,0.0,0.0,0.0,0.0475727178266236,0.09858304370396377,0.0,0.0,0.0,0.0,0.0,0.0,0.0,0.0,0.0,0.0,0.0,0.0,0.0,0.0,0.0,0.013211113649185775,0.0,0.0,0.0,0.0,0.0,0.0,0.88926774
0.0,0.0,0.0,0.0,0.0,0.0,0.0,0.0,0.0,0.0,0.0,-0.003232069544064964,0.0,0.0,0.0,-0.009018388483698176,0.0,0.0,0.0,0.0,0.0,0.0,-0.015227930593073816,0.0,0.0,0.0,0.0,-0.06902210672948983,-0.09791611848905722,-0.0038185674602165594,-0.010497722561132756,0.0,0.0,0.0,-0.0253116710108051,-0.06912921882989521,0.0,0.0,-0.07424644112338817,0.0,0.0,0.0,0.0,0.0,0.0,0.0,0.0,0.0,0.0,0.0,0.0,0.0,0.0,0.0,0.0,0.0,0.0,0.0,0.039109163
0.0,-0.014244007525048022,0.0,0.0,0.0,0.0,0.0,0.0,0.0,0.0,0.0,0.0,0.0,0.0,0.0,-0.013119141289746061,0.0,0.0,0.0,0.0,0.0,0.0,0.0,0.0,0.0,0.0,0.0,-0.05352594725390754,-0.10703553692872766,-0.013312955784849357,0.0,0.0,0.0,0.0,-0.0515168715133454,-0.08320340941268066,0.0,0.0,0.0,-0.026232564626877033,0.0,0.0,0.0,0.0,0.0,0.0,-0.01799634408698284,0.0,0.0,0.0,0.0,-0.016535753786204137,0.0,0.0,0.0,0.0,0.0,0.0,0.019806866
0.0,0.0,0.0,0.0,0.0,0.0,-0.0072277940402279695,0.0,0.0,0.0,0.0,0.0,0.0,0.0,0.0,0.0,0.0,-0.00962863186872286,0.0,0.0,0.0,0.0,0.046377262265712794,0.0,0.0,0.0,-0.007700472905499978,0.0,0.06326334585614672,0.0,0.0,0.0,0.0,0.0,0.0,0.021633439345832905,0.0,0.0,0.0,-0.030604481294826513,0.0,0.0,0.0,0.0,0.0,0.0,-0.01382858169479524,0.0,0.0,0.0,0.0,-0.01472316014591144,0.0,0.0,-0.009739225983456631,0.0,0.0,0.0,0.4543511
0.0,0.0,0.0,0.0,0.0,0.0,-0.003520426360647756,0.0,0.0,0.0,0.0,0.0,0.0,0.0,-0.0024602547031034594,-0.003982159887796336,0.0,0.0,0.0,0.0,0.0,0.0,-0.011094879852945421,0.0,0.0,0.0,-0.00651609876072264,-0.027869509553143067,0.0,0.0,0.0,0.0,0.0,0.0,0.0,0.0,0.0,0.0,0.0,-0.005500284620463789,0.0,0.0,0.0,0.0,0.0,0.0,-0.0031375476757396163,0.0,0.0,0.0,0.0,-0.003912198347725981,0.0,-0.003331386693068905,0.0,0.0,0.0,0.0,0.34520465
0.0,0.0,0.0,0.0,0.0,0.0,0.0,0.0,0.0,0.0,0.0,0.0,0.0,0.0,0.013259994116498449,0.01833432766630414,0.0037571180862636666,0.0,0.0,0.0,0.0,0.0,0.05566071482839463,0.0,0.0,0.0,0.0,0.0672629770348599,0.12837064594692021,0.011515750289875245,0.007384227223571229,0.0,0.0,0.0,0.05645873838674131,0.10578678493622252,0.0,0.0,0.0,0.0,0.0,0.0,0.0,0.0,0.0,0.0,0.0,0.0,0.0,0.0,0.0,0.0,0.0,0.0,0.0,0.0,0.0,0.0,0.8843207
0.0,0.0,0.0,0.0,0.0,0.0,0.0,0.0,0.0,0.0,0.0,0.0,0.0,0.0,0.0,-0.012484800045650751,0.0,0.0,0.0,0.0,0.0,0.0,-0.029286308599735515,0.0,0.0,0.0,0.0,-0.06509908433154271,-0.10669386316627026,-0.011522705092428517,0.0,0.0,0.0,0.0,-0.0428996681592759,-0.07946216459076161,0.0,0.0,0.0,-0.02437356097710076,0.0,0.0,0.0,0.0,0.0,0.0,-0.009296600526369332,0.0,0.0,0.0,0.0,-0.01022520631160434,0.0,0.0,0.0,0.0,0.0,0.0,0.02518544
0.0,0.0,0.0,0.0,0.0,0.0,0.0,0.0,0.0,0.0,0.0,-0.004129006562731963,0.0,0.0,0.0,-0.009346715634087358,0.0,0.0,0.0,0.0,0.0,0.0,-0.07045988968140776,0.0,0.0,0.0,0.0,-0.04499895633924774,-0.11533689107425184,-0.012274308196046631,-0.0052012326367828895,0.0,0.0,0.0,-0.04779940374012803,-0.09923973814745345,0.0,-0.0075222449921088725,0.0,0.0,0.0,0.0,0.0,0.0,0.0,0.0,0.0,0.0,0.0,0.0,0.0,0.0,0.0,0.0,0.0,0.0,0.0,0.0,0.00022101082
0.0,0.0,0.0,0.0,0.0,0.0,0.0,0.0,0.0,0.0,0.0,0.0,0.0,0.0,0.0,0.0,0.0,0.0,0.0,0.0,0.0,0.0,-0.03349374886644251,0.0,0.0,0.0,0.0,-0.03950501540460764,0.009309603737299003,0.0,0.0,0.0,0.0,0.0,0.006813934675124806,0.007592560000182023,0.0,0.00768680404628331,0.0,0.004125142963686143,0.0,0.0,0.0,0.0,0.0,0.0,0.006377524297529228,0.0,0.0,0.0,0.0,0.008877556422978002,0.0,0.0,0.0045891035809511255,0.0,0.0,0.0,0.39890286
0.0,0.0,0.0,0.0,0.0,0.0,0.021315520315136505,0.0,0.0,0.0,0.0,0.02214561609569174,0.02867478588171312,0.01144982575879124,0.0,0.0,0.0,0.0,0.0,0.0,0.0,0.0,0.054426238582601164,0.0,0.0,0.0,0.0,0.09481348556496974,0.06865221955666714,0.009825178887420627,0.0,0.0,0.0,0.0,0.04189360194742557,0.04963164397989144,0.0,0.0,0.0,0.0,0.0,0.0,0.0,0.0,0.0,0.0,0.0,0.0,0.0,0.0,0.0,0.0,0.0,0.0,0.0,0.0,0.0,0.0,0.8193575
0.0,0.0,0.0,0.0,0.0,0.0,0.0,0.0,0.0,0.0,0.0,-0.00511297310743999,0.0,0.0,0.0,-0.006226903287965453,0.0,0.0,0.0,0.0,0.0,0.0,0.0,0.0,0.0,0.0,0.0,-0.05005330629398277,-0.059242349906652204,0.0,0.0,0.0,0.0,0.0,-0.02543183413148616,-0.04173174439794158,0.0,0.0,-0.036467529008773,0.017024966189743605,0.0,0.0,0.0,0.0,0.0,0.0,0.0,0.0,0.0,-0.0055446999494510015,0.0,0.014266105249451294,0.0,0.0,0.0,0.0,0.0,0.0,0.21800913
0.0,0.0,0.0,0.0,-0.012458683288782179,0.0,0.0,0.0,0.0,0.0,0.0,0.0,0.0,0.0,0.0,-0.009345674870605386,0.0,0.0,0.0,0.0,0.0,0.0,0.04993991049354257,0.0,0.0,0.0,0.0,-0.07029652714219331,-0.046228482378432696,0.0,0.0,0.0,0.0,0.0,-0.031853714992822184,-0.04119089905689348,0.0,0.0,0.0,-0.015505461647330543,0.0,0.0,0.0,0.0,0.0,0.0,-0.015216007343857644,0.0,0.0,0.0,0.0,-0.01562018236132868,0.0,0.0,0.0,0.0,0.0,0.0,0.20875369
0.0,0.0,0.0,0.0,0.0,0.0,0.0,0.0,0.0,0.0,0.0,0.0,0.0,0.0,0.0,0.02465788180416778,0.011653896411716434,0.0,0.0,0.0,0.0,0.0,0.02450706629190621,0.0,0.0,0.0,0.0,0.05299398848436801,0.06862131261187981,0.008766822288861349,0.0,0.0,0.0,0.0,0.027186876321791453,0.03736158084225729,0.0,0.0,0.0,0.003472148238302053,0.0,0.0,0.0,0.0,0.0,0.0,0.0,0.0,0.0,0.0,0.0,0.008760153981387223,0.0,0.0,0.0,0.0,0.0,0.0,0.6845112
0.0,0.0,0.0,0.0,0.0,0.0,0.016223219697554518,0.0,0.0,0.0,0.0,0.022691702460091962,0.008545860614813845,0.0,0.0,0.0,0.0,0.0,0.0,0.0,0.0,0.0,0.0528580269750554,0.0,0.0,0.0,0.0,0.0750680470556318,0.10289343529242287,0.007932626528010564,0.0,0.0,0.0,0.0,0.04192562716739954,0.08904492832054141,0.0,0.0,0.0,0.005944136725296423,0.0,0.0,0.0,0.0,0.0,0.0,0.0,0.0,0.0,0.0,0.0,0.0,0.0,0.0,0.0,0.0,0.0,0.0,0.839657
0.0,0.0,0.011796748293247419,-0.022080934042618332,0.0,0.0,0.0,0.0,0.0,0.0,0.0,0.0,0.0,0.0,0.0,0.02545950888876249,0.0,0.0,0.0,0.0,0.0,0.0,0.0,0.0,0.0,0.0,0.0,0.005985105632348026,0.05525953693255629,0.0,0.0,0.0,0.0,0.0,0.015900783892081074,0.014967663321244965,0.0,0.0,0.0,-0.015626231786831448,0.0,0.0,0.0,0.0,0.0,0.0,0.0,0.0,0.0,0.0,-0.009752216811951217,-0.012550761780513365,0.0,0.0,0.0,0.0,0.0,0.0,0.4858886
0.0,0.0,0.0,0.0,0.0,0.0,0.01240637567214752,0.0,0.0,0.0,0.0,0.01547474605202953,0.01072846231243058,0.006035757017984589,0.0,0.0,0.0,0.0,0.0,0.0,0.0,0.0,0.05302796900301806,0.0,0.0,0.0,0.0,0.07241994080943936,0.1062566338432509,0.0,0.0,0.0,0.0,0.0,0.04405917178052854,0.09828261731855975,0.0,0.0,0.0,0.010045151333307169,0.0,0.0,0.0,0.0,0.0,0.0,0.0,0.0,0.0,0.0,0.0,0.0,0.0,0.0,0.0,0.0,0.0,0.0,0.8452662
0.0,0.0,0.0,0.0,0.0,0.0,0.011441817382974404,0.0,0.0,0.0,0.0,0.01769129794117656,0.0,0.0,0.0,0.0,0.0,0.0,0.0,0.006165555023722833,0.007607787922093387,0.0,-0.02662745016282239,0.0,0.0,0.0,0.0,0.05028663740523623,0.06756271640820473,0.0,0.0,0.0,0.0,0.0,0.026853020457207145,0.03852842647235984,0.0,0.0,0.0,0.006878862701387304,0.0,0.0,0.0,0.0,0.0,0.0,0.0,0.0,0.0,0.0,0.0,0.0,0.0,0.0,0.0,0.0,0.0,0.0,0.62291807
0.0,0.0,0.0,0.0,0.0,0.0,0.0,0.0,0.0,0.0,0.0,-0.0040338457862784905,0.0,0.0,-0.0021132558800238516,-0.009785166905073597,0.0,0.0,0.0,0.0,0.0,0.0,-0.05830292750155355,0.0,0.0,0.0,0.0,-0.05152308567468398,-0.12757278517786855,-0.01108597853964147,-0.0007969383235425509,0.0,0.0,0.0,-0.048207431910849904,-0.09288427585871144,0.0,0.0,0.0,0.0,0.0,0.0,0.0,0.0,0.0,0.0,0.0,0.0,0.0,0.0,0.0,0.0,0.0,0.0,0.0,0.0,0.0,0.0,0.010223706
0.0,0.0,0.0,0.0,0.0,0.0,0.0,0.0,0.0,0.0,0.0,-0.0042193789225417055,-0.01746014824539899,0.0,0.0,-0.006808102042980814,0.0,0.0,0.0,0.0,0.0,0.0,-0.10497632318040148,0.0,0.0,0.0,0.0,-0.037917501980550536,-0.06775320661852907,0.0,0.0,0.0,0.0,0.0,-0.019768525282564745,-0.044641951047873926,0.0,-0.006220536531890911,0.0,0.0,0.0,0.0,0.0,0.0,0.0,0.0,0.0,0.0,0.0,-0.0048653219827364536,0.0,0.0,0.0,0.0,0.0,0.0,0.0,0.0,0.1018984
0.0,0.0,0.0,0.0,0.0,0.0,0.0,0.0,0.0,0.0,0.0,-0.004060671441936177,0.0,0.0,0.0,-0.0070376029611036485,0.0,0.0,0.0,0.0,0.0,0.0,-0.07031591240170612,0.0,0.0,0.0,0.0,-0.05468231795001393,-0.07793044822768198,-0.0033027630763207486,0.0,0.0,0.0,0.0,-0.026794229314165897,-0.05885259973765357,0.0,-0.0038941514496427998,0.0,0.0,0.0,0.0,0.0,0.0,0.0,0.0,0.0,0.0,0.0,-0.00255117369684027,0.0,0.0,0.0,0.0,0.0,0.0,0.0,0.0,0.10710753
0.0,0.0,0.0,0.0,0.0,0.0,0.0,0.0,0.0,0.0,0.0,0.020740524367689774,0.0,0.0,0.0,0.0,0.0,0.0,0.008385170045735968,0.0,0.013972792002072196,0.0,0.019430710367255893,0.0,0.0,0.0,0.0,0.07115070553608066,0.11515060518058655,0.015412524219372595,0.0,0.0,0.0,0.0,0.04833795065500518,0.10366618770905435,0.0,0.0,0.0,0.012327470821409,0.0,0.0,0.0,0.0,0.0,0.0,0.0,0.0,0.0,0.0,0.0,0.0,0.0,0.0,0.0,0.0,0.0,0.0,0.84510404
0.0,0.0,0.0,0.0,0.0,0.0,0.0,0.0,0.0,0.0,0.0,-0.005570511307796511,0.0,0.0,0.0,-0.006749459158288599,0.0,0.0,0.0,0.0,0.0,0.0,-0.050190912792619786,0.0,0.0,0.0,0.0,-0.0739405729363048,-0.04605353796187782,0.0,0.0,0.0,0.0,0.0,-0.026595449516732348,-0.07676513733618512,0.0,0.0,0.0,0.0,0.0,0.0,0.0,0.0,0.0,0.0,-0.009665349474463689,0.0,0.0,0.0,0.0,-0.007916233004091836,0.0,0.0,-0.005489830434037459,0.0,0.0,0.0,0.1075924
0.0,0.0,0.0,0.0,0.0,0.0,0.0,0.0,0.0,0.0,0.0,0.0,0.0,0.0,-0.004835547396075624,-0.006453012841098393,0.0,0.0,0.0,0.0,0.0,0.0,-0.03737911878872054,0.0,0.0,0.0,0.0,-0.05325078973768739,-0.12075247335065413,-0.006990197079076749,-0.007365009099276286,0.0,0.0,0.0,-0.03545063806786551,-0.09382712899422721,0.0,0.0,-0.04601353140923646,0.0,0.0,0.0,0.0,0.0,0.0,0.0,0.0,0.0,0.0,0.0,0.0,0.0,0.0,0.0,0.0,0.0,0.0,0.0,0.0042119515
0.0,0.0,0.0,0.0,0.0,0.0,0.012271024168887548,0.0,0.0,0.0,0.0,0.016393525999318353,0.0,0.0,0.0,0.0,0.0,0.0,0.0,0.007291125088813476,0.0,0.0,-0.04305079642028586,0.0,0.0,0.0,0.0,0.06163189678064965,0.045352948289458794,0.0,0.0,0.006696777785660608,0.0,0.0,0.0194089664995909,0.019146690621264506,0.0,0.005192278233482367,0.0,0.0,0.0,0.0,0.0,0.0,0.0,0.0,0.0,0.0,0.0,0.0,0.0,0.0,0.0,0.0,0.0,0.0,0.0,0.0,0.56686383
0.0,0.0,0.0,0.0,0.0,0.0,0.0,0.0,0.0,0.0,0.0,0.0,0.0,0.0,0.0,0.0,0.0,0.0,0.0,0.0,0.0,0.0,0.0,0.0,0.0,0.0,0.0,0.0,-0.12167116547430448,0.0,-0.018326624007602266,0.0,0.0,0.0,-0.04099407170560883,-0.07517847537150196,0.0,0.0,-0.056110449033218684,-0.025486167561333817,0.0,0.0,0.0,0.0,0.0,0.0,-0.021145654113112,0.0,0.0,-0.02081895352947677,0.0,0.0,0.0,0.0,-0.017755907779736936,-0.019001886100700437,0.0,0.0,4.0043135e-05
0.0,0.0,0.0,0.0,0.0,0.0,0.0,0.0,0.0,0.0,0.0,0.0,0.0,0.0,0.013146733231762183,0.0,0.0,0.025913268515551906,0.0,0.0,0.0,0.0,0.053445255626437954,0.0,0.0,0.0,0.0,0.07623955050327018,0.10962195204215455,0.007526028333655105,0.0,0.0,0.0,0.0,0.0439787167929163,0.09217527244191134,0.0,0.0,0.0,0.006575786405703815,0.0,0.0,0.0,0.0,0.0,0.0,0.0,0.0,0.0,0.0,0.0,0.007441042999057956,0.0,0.0,0.0,0.0,0.0,0.0,0.852593
0.0,0.0,0.0,0.0,0.0,0.0,0.0,0.0,0.0,0.0,0.0,0.013016026376912198,0.0,0.0,0.0,0.0,0.0,0.0,0.0,0.0,0.0,0.0,-0.041133908738145916,0.0,0.0,0.0,0.0,0.03195533370364719,0.0,0.0,0.0,0.010074875466074875,0.01010030490158045,0.0,-0.012786763628812103,0.0,0.010359244143215348,0.0,0.0,0.0,0.0,0.0,0.0,0.0,0.0,0.0,0.007907866818102896,0.0,0.0,-0.010074830376000907,0.0,0.0,0.0,0.0,0.0,0.0,0.0,-0.017439642663358613,0.4185079
0.0,0.0,0.0,-0.012127139261109823,0.0,0.0,0.0,0.0,0.0,0.0,0.0,0.0,0.0,0.0,0.0,-0.01105132507586752,0.0,0.0,0.0,0.0,0.0,0.0,-0.011723430820161633,0.0,0.0,0.0,0.0,-0.0710087635382648,-0.06249382468767663,0.0,0.0,0.0,0.0,0.0,-0.02471400249309892,-0.04959071749187474,0.0,0.0,0.0,-0.014072881383414781,0.0,0.0,0.0,0.0,0.0,0.0,-0.007875751950601306,0.0,0.0,0.0,0.0,-0.010138510762655786,0.0,0.0,0.0,0.0,0.0,0.0,0.14173305
0.0,0.0,0.0,0.0,0.0,0.0,0.0,-0.001246516561567268,0.0,0.0,0.0,-0.00383547363573009,0.0,0.0,0.0,-0.0057769014661869416,0.0,0.0,0.0,0.0,0.0,0.0,-0.08148299172662386,0.0,0.0,0.0,0.0,-0.05664788394962244,-0.07252379885148628,-0.004420980236142324,0.0,0.0,0.0,0.0,-0.025943112160404902,-0.05742157560715955,0.0,-0.004341244203086982,0.0,0.0,0.0,0.0,0.0,0.0,0.0,0.0,0.0,0.0,0.0,0.0,0.0,0.0,0.0,0.0,0.0,0.0,0.0,0.0,0.10288892
0.0,0.0,0.0,0.0,0.0,0.0,0.0,0.0,0.0,0.0,0.0,0.0,0.0,0.0,-0.006481126057225173,-0.008426609895267822,0.0,0.0,0.0,0.0,0.0,0.0,-0.0671261100911052,0.0,0.0,0.0,0.0,-0.04803993288408245,-0.11494662838876134,-0.013811865135207959,-0.006321509755686624,0.0,0.0,0.0,-0.04761249694253172,-0.09473135315851175,0.0,-0.008732843377935952,0.0,0.0,0.0,0.0,0.0,0.0,0.0,0.0,0.0,0.0,0.0,0.0,0.0,0.0,0.0,0.0,0.0,0.0,0.0,0.0,0.00029892212
0.0,0.0,0.0,0.0,0.0,0.0,0.0,0.0,0.0,0.0,0.0,0.0,0.0,0.0,0.0,0.0,0.0,0.0,0.0,0.0,0.0,0.0,0.0,0.0,0.0,0.0,0.0,-0.0711888485981379,-0.09779123032614818,-0.010834530047349186,0.0,0.0,0.0,0.0,-0.038496206613139454,-0.05670262447980486,0.0,-0.011580941350424104,0.0,-0.02266730680213472,0.0,0.0,0.0,0.0,0.0,0.0,0.0,0.0,0.0,0.0,0.0,-0.011511982737913526,0.0,0.0,-0.011005900269029934,0.0,-0.009115324712571649,0.0,0.07563451
0.0,0.0,0.0,0.0,0.0,0.0,0.0,0.0,0.0,0.0,0.0,0.0,0.0,0.0,0.0030541963856803855,0.03404176143985587,0.0063557952123281655,0.0,0.0,0.0,0.0,0.0,-0.0278995600111581,0.0,0.0,0.0,0.0,0.06158310955982647,0.057022573929424815,0.005221166090504288,0.0,0.0,0.0,0.0,0.015306236268984507,0.0312947479996866,0.0,0.0,0.0,0.0,0.0,0.0,0.0,0.0,0.0,0.0,0.004780724048813031,0.0,0.0,0.0,0.0,0.0,0.0,0.0,0.0,0.0,0.0,0.0,0.60729015
0.0,0.0,0.0,0.0,0.0,0.0,0.0,0.0,0.0,0.0,0.0,0.0,0.0,0.0,0.0,0.03035892045466608,0.0,0.0,0.0,0.0,0.0,0.0,0.0510185307374572,0.0,0.0,0.0,0.0,0.02497880912136896,0.07990468521304075,0.0,0.0,0.0,0.0,0.0,0.027349000958168012,0.038904562259215326,0.0,0.0,-0.010313099453426254,-0.01399541425305649,0.0,0.0,0.0,0.0,0.0,0.0,-0.010506833233722757,0.0,0.0,0.0,0.0,-0.009879144312534532,0.0,0.0,0.0,0.0,0.0,0.0,0.6243494
0.0,0.0,0.0,0.0,0.0,0.0,0.0,0.0,0.0,0.0,0.0,0.0,0.0,-0.010113613053520456,0.016467045434367104,0.0,0.0,-0.010046341018841035,0.0,0.0,0.0,0.0,-0.05313760402769491,0.0,0.0,0.0,0.0,0.03177483224241906,0.009986301323025951,0.0,0.0,0.0,0.0,0.0,0.0,0.0,0.0,0.016310885631261415,0.0,0.004765598616492641,0.0,0.0,0.0,0.0,0.0,0.0,0.0,0.0,0.0,0.0,0.0,0.008899672793599956,0.0,0.0,0.0,0.0,0.0038841717953210205,0.0,0.43532035
0.0,0.0,0.0,0.0,0.0,0.0,0.0,0.0,0.0,0.0,0.0,0.0,0.0,0.0,0.011746914545586167,0.0,0.0,0.028904584529752392,0.0,0.0,0.0,0.0,0.0571072443666263,0.0,0.0,0.0,0.0,0.07169732343737044,0.09852785256682416,0.0,0.0,0.0,0.0,0.0,0.04218958605461455,0.09136973837178816,0.0,0.024473886660061353,0.0,0.0,0.0,0.0,0.0,0.0,0.0,0.0,0.0,0.0,0.0,0.0,0.0,0.007342148316500247,0.0,0.0,0.007090276224449965,0.0,0.0,0.0,0.85697895
0.0,0.0,0.0,0.0,0.0,0.0,0.020474589777252254,0.0,0.0,0.0,0.01179314863706671,0.02296032994227811,0.026388481558560953,0.0,0.0,0.0,0.0,0.0,0.0,0.0,0.0,0.0,0.06714313640317933,0.0,0.0,0.0,0.0,0.08271089102521352,0.07862600702330536,0.0,0.0,0.0,0.0,0.0,0.04334658042770449,0.05193777257036552,0.0,0.009610401041472205,0.0,0.0,0.0,0.0,0.0,0.0,0.0,0.0,0.0,0.0,0.0,0.0,0.0,0.0,0.0,0.0,0.0,0.0,0.0,0.0,0.83152074
0.0,0.0,0.0,0.0,0.0,0.0,0.0,0.0,0.0,0.0,0.0,0.0,0.0,0.0,0.0,-0.01088365593386177,0.0,0.0,0.0,0.0,0.0,0.0,-0.03548672949584662,0.0,0.0,0.0,0.0,-0.047541874694462284,-0.11999755457049771,-0.014262658093739777,0.0,0.0,0.0,0.0,-0.047746718963957914,-0.09967547127704449,0.0,-0.010911429915190396,0.0,-0.01421617756947231,0.0,0.0,0.0,0.0,0.0,0.0,-0.013834398655323401,0.0,0.0,0.0,0.0,0.0,0.0,0.0,0.0,0.0,0.0,0.0,0.0019727286
0.0,0.0,0.0,0.0,0.0,0.0,0.0,0.0,0.0,0.0,0.0,0.0,0.0,0.0,0.0,0.03562365523439421,0.004818936978375771,0.0,0.0,0.0,0.0,0.0,0.0,0.0,0.0,0.0,0.0,0.05980902316743783,0.0404133532619361,0.0,0.0,0.0032006681953416624,0.0,0.0,0.01026235635493807,0.0116684703551346,0.0033159318413283627,0.0,0.0,0.0,0.0,0.0,0.0,0.0,0.0,0.0,0.0,0.0,0.0,0.0,0.0,0.004762130225069755,0.0,0.0,0.0,0.0,0.0022578149706342088,0.0,0.59266174
0.0,0.0,0.0,0.0,0.0,0.0,0.0,0.0,0.0,0.0,0.0,0.0,0.0,0.0,-0.002801300587438644,-0.008928820724052516,0.0,0.0,0.0,0.0,0.0,0.0,-0.07761254001302643,0.0,0.0,0.0,0.0,-0.04092204629728109,-0.11919292275441744,-0.012166303185269295,-0.0049036159913396484,0.0,0.0,0.0,-0.044988014145479926,-0.10193870061993267,0.0,0.0,0.0,0.0,0.0,0.0,0.0,0.0,0.0,0.0,0.0,0.0,0.0,0.0,0.0,0.0,0.0,0.0,0.0,-0.0028641385655336915,0.0,0.0,0.00021099493
0.0,0.0,0.0,0.0,0.0,0.0,0.0,0.0,0.0,0.0,0.0,0.0,0.0,0.0,0.0,-0.00931928004094475,0.0,-0.010009603125353563,0.0,0.0,0.0,0.0,0.0,0.0,0.0,0.0,0.0,-0.07966968685816324,-0.027405500291132236,0.0,0.0,0.0,-0.008515131580405195,0.0,0.0,-0.022732332401483344,0.0,0.0,0.0,-0.012072287684655028,0.0,0.0,0.0,0.0,0.0,0.0,-0.012715553125277734,0.0,0.0,0.0,0.0,-0.009827882742287705,0.0,0.0,-0.009847960636293784,0.0,0.0,0.0,0.21441418
0.0,0.0,0.0,0.0,0.0,0.0,0.0,0.0,0.0,0.0,0.0,-0.0041679131900153685,0.0,0.0,0.0,-0.006201566391126286,0.0,0.0,0.0,0.0,0.0,0.0,0.0,0.0,0.0,0.0,0.0,-0.0663687852149369,-0.04547484809011981,0.0,0.0,0.0,0.0,0.0,-0.037264649586855166,-0.040282339111142505,-0.008765284493742894,0.0,-0.03166784633933597,0.0,0.0,0.0,0.0,0.0,0.0,0.0,0.0,0.0,0.0,-0.00542533336596254,0.0,0.015470910330344756,0.0,0.0,0.0,0.0,0.0,0.0,0.18638174
0.0,0.0,0.0,0.0,0.0,0.0,0.0,0.0,0.0,0.0,0.0,0.0,0.0,-0.006576308672410047,-0.008607883553099627,-0.008247167111854206,0.0,0.0,0.0,0.0,0.0,0.0,-0.0736695647502233,0.0,0.0,0.0,0.0,-0.03669472636211413,-0.10552121567078077,-0.010893528102293784,-0.009014984578413604,0.0,0.0,0.0,-0.03823391469339958,-0.11785283101972308,0.0,0.0,0.0,0.0,0.0,0.0,0.0,0.0,0.0,0.0,0.0,0.0,0.0,0.0,0.0,0.0,0.0,0.0,0.0,0.0,0.0,0.0,0.0012172733
0.0,0.0,0.0,0.0,0.0,0.0,0.016503598951034912,-0.009782838705406582,0.0,0.0,0.0,0.011876614768312694,0.0,0.0,0.0,0.0,0.0,-0.0077117763192477455,0.0,0.0,0.0,0.0,-0.061573764208702544,0.0,0.0,0.0,0.0,0.054276332615251506,0.03190750675023448,0.0,0.0,0.0,0.0,0.0,0.00859784096298629,0.008986848410586832,0.0,0.0,-0.008855932749025588,0.0,0.0,0.0,0.0,0.0,0.0,0.0,0.0,0.0,0.0,0.0,0.0,0.0,0.0,0.0,0.0,0.0,0.0,0.0,0.46075383
0.0,0.0,0.0,-0.011442487612860085,0.0,0.0,0.0,0.0,0.0,0.0,0.0,0.0,0.0,0.0,0.0,0.0,0.0,0.0,0.0,0.0,0.0,0.0,-0.04158422707955502,0.0,0.0,0.0,0.0,-0.04412843737502091,-0.11752888324586945,-0.014330906493786096,-0.012504351506714086,0.0,0.0,0.0,-0.04957794035268897,-0.10751727031973826,0.0,0.0,0.0,0.0,0.0,0.0,0.0,0.0,0.0,0.0,-0.008827737246480217,0.0,0.0,0.0,0.0,-0.008728207628662832,0.0,0.0,0.0,0.0,0.0,0.0,0.00035894895
0.0,0.0,0.0,0.0,0.0,0.0,0.0,0.0,0.0,0.0,0.0,-0.005349878904595928,0.0,0.0,0.0,-0.012657148410858531,0.0,0.0,0.0,0.0,0.0,0.0,-0.06250921222068723,0.0,0.0,0.0,0.0,-0.04234176131425598,-0.11334856353790856,-0.011278786469686638,-0.007276283235444478,0.0,0.0,0.0,-0.04738312504898253,-0.09981027635415272,0.0,-0.008493678993767007,0.0,0.0,0.0,0.0,0.0,0.0,0.0,0.0,0.0,0.0,0.0,0.0,0.0,0.0,0.0,0.0,0.0,0.0,0.0,0.0,0.0060806833
0.0,0.0,0.0,0.0,0.0,0.0,0.007388155524757245,0.0,0.0,0.0,0.0,0.01810888914427604,0.0,0.0,0.0,0.0,0.0,0.0,0.0,0.0,0.0,0.010483156952046177,0.06342944883542657,0.0,0.0,0.0,0.0,0.07782555843581478,0.09578114299686956,0.00950961187995791,0.0,0.0,0.0,0.0,0.044739935116534166,0.09298721203882471,0.0,0.009840435142566294,0.0,0.0,0.0,0.0,0.0,0.0,0.0,0.0,0.0,0.0,0.0,0.0,0.0,0.0,0.0,0.0,0.0,0.0,0.0,0.0,0.84662294
0.0,0.0,0.0,0.0,0.0,0.0,0.0,0.0,0.0,0.0,0.0,-0.01109119358108518,0.0,0.0,0.0,-0.010777788850971262,0.0,0.0,0.0,0.0,0.0,0.0,-0.02580822536203481,0.0,0.0,0.0,0.0,-0.041180248579548405,-0.12444027535044604,-0.019001684016700573,-0.011930266482576314,0.0,0.0,0.0,-0.05914984737776549,-0.10111207088269776,0.0,0.0,0.0,-0.01194982842403011,0.0,0.0,0.0,0.0,0.0,0.0,0.0,0.0,0.0,0.0,0.0,0.0,0.0,0.0,0.0,0.0,0.0,0.0,8.79689e-05
0.0,0.0,0.0,0.0,0.0,0.0,0.0,0.0,0.0,0.0,0.0,0.0,0.0,0.0,0.015593700443773078,0.0,0.0,-0.013719923659776506,0.0,0.0,0.0,0.0,0.046771289058978344,0.0,0.0,0.0,0.0,0.026336616035393185,0.060176321703436106,0.0,0.0,0.0,0.0,0.0,0.02215111106802178,0.015673096192694004,0.0,0.0,0.0,-0.020660589832556836,0.0,0.0,0.0,0.0,0.0,0.0,0.0,0.0,0.0,0.0,0.0,-0.01379021101795477,0.0,0.0,-0.012572471239998405,0.0,0.0,0.0,0.54248834
0.0,0.0,0.0,0.0,0.0,0.0,-0.005600897693419287,0.0,0.0,0.0,0.0,0.0,-0.006216596110173666,0.0,0.0,0.0,0.0,-0.006396489988427628,0.0,0.0,0.0,0.0,-0.056978640858045444,0.0,0.0,0.0,0.0,-0.006131426683122915,0.0,0.0,0.0,0.0,-0.00448729477467874,0.0,0.0,-0.009619324030485245,0.0,-0.0049679622702293365,0.0,0.0,0.0,0.0,0.0,0.0,0.0,0.0,0.0,0.0,0.0,-0.012350732729571727,0.0,-0.0036670401478456904,0.0,0.0,0.0,0.0,0.0,0.0,0.300113
0.0,0.0,0.0,0.0,0.0,0.0,0.0,0.0,0.0,0.0,0.0,0.036894807075900926,0.0,0.0,0.0,0.0,0.0,0.0,0.0,0.0,0.0,0.0,-0.029316167808811463,0.0,0.0,0.0,0.0,0.03225403379857827,0.005479944493420607,0.00424754976716947,0.007021088250493147,0.0,0.015923014979080063,0.0,0.009296598948213889,0.0,0.0,0.0,0.0,0.0,0.0,0.0,0.0,0.0,0.0,0.0,0.0,0.0,0.0,-0.01449634573628129,0.0,0.0,0.0,0.0,0.0,0.0,0.0,-0.02255172791812792,0.4612822
0.0,0.0,0.0,0.0,0.0,0.0,-0.0032710783676538325,0.0,0.0,0.0,0.0,0.0,0.0,0.0,0.0,0.0,0.0,0.0,0.0,0.0,0.0,0.0,0.0,0.0,0.0,-0.0049520453740215355,-0.006975978598966828,-0.061002301125942585,0.0,0.0,0.0,0.0,0.0,0.0,0.0,0.0,0.0,0.0,0.0,-0.010532333446306467,0.0,0.0,0.0,0.0,0.0,0.0,-0.008744331376136935,0.0,0.0,0.0,-0.0027965653875090257,-0.010212889477533038,0.0,-0.004190820537206072,-0.0035950104472624008,0.0,0.0,0.0,0.300256
0.0,0.0,0.0,0.0,0.0,0.0,0.008128019930704725,0.0,0.007342093155645214,0.0,0.0,0.020559507293875075,0.0,0.0,0.0,0.0,0.0,0.0,0.0,0.0,0.0,0.0,-0.036793761292408605,0.0,0.0,0.0,0.0,0.05511034745813029,0.059730763851825255,0.0,0.0,0.0,0.0,0.0,0.025457857390793433,0.04557911089277201,0.0,0.0,0.0,0.0,0.0,0.0,0.0,0.0,0.0,0.0,0.0,0.0,0.0,0.00807939350227116,0.0,0.0,0.0,0.0,0.0,0.0,0.002627972291057684,0.0,0.6123507
0.0,0.0,0.0,0.0,0.0,0.0,0.0,0.0,0.0,0.0,0.0,0.0,0.0,0.0,0.0,0.0,0.0,0.0,0.0,0.0,0.0,0.0,-0.025947094779782468,0.0,0.0,0.0,0.0,-0.048675878504889934,-0.12660694116725565,-0.013217088853124828,0.0,0.0,0.0,0.0,-0.056613481356100386,-0.0924302352312578,0.0,-0.015535312769171087,0.0,-0.013367673479703357,0.0,0.0,0.0,0.0,0.0,0.0,-0.013371449113910302,0.0,0.0,0.0,0.0,0.0,0.0,0.0,0.0,-0.010368062851210488,0.0,0.0,0.0003961797
0.0,0.0,0.0,0.0,0.0,0.0,0.0,0.0,0.0,0.0,0.0,0.0,0.0,0.0,0.00963742515280222,0.0,0.0,0.0215433626220969,0.0,0.0,0.0,0.0,0.06996185590838593,0.0,0.0,0.0,0.0,0.07663539835727098,0.10597556757416074,0.009134822527531653,0.008722355611530239,0.0,0.0,0.0,0.041143262030928524,0.09209291224642314,0.0,0.0,0.0,0.0,0.0,0.0,0.0,0.0,0.0,0.0,0.0,0.0,0.0,0.0,0.0,0.007145876504967785,0.0,0.0,0.0,0.0,0.0,0.0,0.85852224
0.0,0.0,0.0,0.0,0.0,0.0,0.0,0.0,0.0,0.0,0.0,0.0,0.0,0.0,0.0,0.020218518381921697,0.0,0.027942222340789944,0.0,0.0,0.0,0.0,0.061958557192351965,0.0,0.0,0.0,0.0,0.06796415664370396,0.10574578293407796,0.010032312072772573,0.0,0.0,0.0,0.0,0.04580205988307978,0.08859505454125444,0.0,0.0,0.0,0.0,0.0,0.0,0.0,0.0,0.0,0.0,0.0,0.0,0.0,0.0,0.0,0.008100380741140056,0.0,0.0,0.0,0.0215547308663156,0.0,0.0,0.8744432
0.0,0.0,0.0,0.0,-0.01953434634269869,0.0,0.0,0.0,0.0,0.0,0.0,0.0,0.0,0.0,0.0,0.027881517735264136,0.0,0.0,0.0,0.0,0.0,-0.01173977716667548,0.036866129331756155,0.0,0.0,0.0,0.0,0.020893226395582703,0.046465070906455255,0.0,0.0,0.0,0.0,0.0,0.0,0.0,0.0,0.0,0.0,-0.02826144563700382,0.0,0.0,0.0,0.0,0.0,0.0,-0.014165964407877717,0.0,0.0,0.0,0.0,-0.015621069500072424,0.0,0.0,0.0,0.0,-0.009196134559256407,0.0,0.4501166
0.0,0.0,0.0,0.0,0.0,0.0,0.0,0.0,0.0,0.0,0.0,-0.007433934303817603,0.0,0.0,0.0,-0.010218843170449028,0.0,-0.005162889066464366,0.0,0.0,0.0,0.0,-0.04742122842489765,0.0,0.0,0.0,0.0,0.0,-0.034652837417784035,0.0,0.0,0.0,0.0,0.0,-0.02872561139741418,-0.03078387425502169,0.0,0.0,0.0,0.0,0.0,0.0,0.0,0.0,0.0,0.0,-0.012020402676899052,0.0,0.0,-0.015175725200723326,0.0,-0.00895618942032688,0.0,0.0,0.0,0.0,0.0,0.0,0.21597786
0.0,0.0,0.0,0.0,0.0,0.0,0.009518613875548577,0.0,0.0,0.0,0.0,0.012779057842208924,0.0,0.0,0.0,0.0,0.0,0.0,0.01180682550000096,0.0,0.0,0.0,-0.030910831989282316,0.0,0.0,0.0,0.0,0.05903405784119503,0.03340144482530104,0.0,0.0,0.0,0.0,0.0,0.00786314556084661,0.005936557540732489,0.0,0.0,0.0,0.005446505942913438,0.0,0.0,0.0,0.0,0.0,0.0,0.0,0.0,0.0,0.0,0.0,0.0,0.0,0.0,0.0,0.0,0.0,-0.017961423958633982,0.51344335
0.0,0.0,0.0,0.0,0.0,0.0,0.0,0.0,0.0,0.0,0.0,0.0,0.0,-0.01039045274834832,-0.008760240138068032,0.0,0.0,0.0,0.0,0.0,0.0,0.0,0.0,0.0,0.0,0.0,0.0,-0.054558921909540106,-0.09063889585956808,0.0,0.0,0.0,-0.010202539004146043,0.0,-0.02902183964300649,-0.05198561449385748,0.0,-0.009384068081961563,0.0,-0.014587625109246324,0.0,0.0,0.0,0.0,0.0,0.0,0.0,0.0,0.0,0.0,0.0,0.0,0.0,0.0,-0.020285103263905886,0.0,0.0,0.0,0.1167141
0.0,0.0,0.0,0.0,0.0,0.0,0.0,0.0,0.0,0.0,0.0,0.0,0.0,0.0,0.0,0.05290102736050842,0.0,0.0,0.0,0.0,0.0,0.0,0.043161917716791065,0.0,0.0,0.0,0.0,0.0,0.03803160436914924,0.014524947761103342,0.0,0.0,0.0,0.0,0.02262728804031707,0.0,0.012023106452360321,0.0,0.02347687990443123,0.0,0.0,0.0,0.0,0.0,0.0,0.0,0.017112399045246085,0.0,0.0,0.0,0.0,0.024239944199022923,0.0,0.0,0.0,0.012925498684879593,0.0,0.0,0.677554
0.0,0.0,0.0,0.0,0.0,0.0,0.0,0.0,0.0,0.0,0.0,0.0,0.0,0.0,0.0,-0.013174265680848684,0.0,0.0,0.0,0.0,0.0,0.0,0.0,0.0,0.0,0.0,0.0,-0.0743844496999079,-0.10880311812388296,-0.011201766517622669,0.0,0.0,0.0,0.0,-0.04138372976131785,-0.0696019931144504,0.0,-0.014050865281869721,0.0,-0.024150379248015056,0.0,0.0,0.0,0.0,0.0,0.0,0.0,0.0,0.0,0.0,0.0,-0.013604128577683214,0.0,0.0,-0.01564650660315132,0.0,0.0,0.0,0.030528195
0.0,0.0,0.0,0.0,0.0,0.0,0.0,0.0,0.0,0.0,0.0,0.0,0.0,0.0,-0.005297927984822011,-0.0061485028056696275,0.0,0.0,0.0,0.0,0.0,0.0,-0.07663828001341402,0.0,0.0,0.0,0.0,-0.03694997804241101,-0.10710517905999532,-0.01035185189908856,-0.005470138187915197,0.0,0.0,0.0,-0.04667097084981727,-0.11575167030315042,0.0,-0.00596045261542843,0.0,0.0,0.0,0.0,0.0,0.0,0.0,0.0,0.0,0.0,0.0,0.0,0.0,0.0,0.0,0.0,0.0,0.0,0.0,0.0,0.00018444605
0.0,0.0,0.0,0.0,0.0,0.0,0.0,0.0,0.0,0.0,0.0,-0.008444482543089703,0.0,0.0,0.0,-0.007571979632941851,0.0,0.0,0.0,0.0,0.0,0.0,-0.03199525803729372,0.0,0.0,0.0,0.0,-0.05440353266407904,-0.051775487029569744,0.0,0.0,0.0,0.0,0.0,-0.028079262150898343,-0.0340162256970864,0.0,0.016394892826444327,-0.013362018557326931,0.0,0.0,0.0,0.0,0.0,0.0,0.0,0.0,0.0,0.0,0.0,0.0,0.013479092522237085,0.0,0.0,0.0,0.0,0.0,0.0,0.21675514
0.0,0.0,0.0,0.0,0.0,0.0,0.0,0.0,0.0,0.0,0.0,0.0,0.0,0.0,0.013492538178996127,0.0,0.0,0.028486506359445447,0.0,0.0,0.0,0.0,0.05737774487344114,0.0,0.0,0.0,0.0,0.07441222714191838,0.10451485724217537,0.006903541729520406,0.0073989257208600945,0.0,0.0,0.0,0.04126708299689583,0.09160934562640834,0.0,0.0,0.0,0.0,0.0,0.0,0.0,0.0,0.0,0.0,0.0,0.0,0.0,0.0,0.0,0.008890124113061696,0.0,0.0,0.0,0.0,0.0,0.0,0.8508823
0.0,0.0,0.0,0.0,0.0,0.0,0.0,0.0,0.0,0.0,0.0,0.0,0.0,0.0,-0.00690747859295704,0.0,0.0,-0.003322158219221513,0.0,0.0,0.0,0.0,-0.08435146738222801,0.0,0.0,0.0,0.0,-0.03631260327617916,-0.10661620415272857,-0.008622377951918683,-0.00858619203575976,0.0,0.0,0.0,-0.041541388412733374,-0.11614588821095782,0.0,0.0,0.0,0.0,0.0,0.0,0.0,0.0,0.0,0.0,0.0,0.0,0.0,0.0,0.0,0.0,0.0,0.0,0.0,-0.0039575375112938516,0.0,0.0,0.00016610207
0.0,0.0,0.0,0.0,0.0,0.0,0.0,0.0,0.0,0.0,0.0,-0.00857553871748773,0.0,0.0,0.0,0.0,0.0,0.0,0.0,0.0,0.0,0.0,-0.013434684077320668,0.0,0.0,0.0,0.0,-0.040104221136841256,-0.13614628636862733,-0.018216344266228982,-0.011197085720989809,0.0,0.0,0.0,-0.06659664320863624,-0.0992594762939378,0.0,-0.01186505189325156,0.0,-0.011027463882710387,0.0,0.0,0.0,0.0,0.0,0.0,0.0,0.0,0.0,0.0,0.0,0.0,0.0,0.0,0.0,0.0,0.0,0.0,0.000106602245
0.0,0.0,0.0,0.0,0.0,0.0,0.0,0.0,0.0,0.0,0.0,-0.006460675402695959,0.0,0.0,0.0,-0.009749492121983826,0.0,0.0,0.0,0.0,0.0,0.0,-0.0510317142243049,0.0,0.0,0.0,0.0,-0.05362571924365321,-0.11803595065597124,-0.013107207745657169,-0.008573112519449411,0.0,0.0,0.0,-0.043910942224622794,-0.09363270253399444,0.0,-0.008812507073368213,0.0,0.0,0.0,0.0,0.0,0.0,0.0,0.0,0.0,0.0,0.0,0.0,0.0,0.0,0.0,0.0,0.0,0.0,0.0,0.0,0.009589374
0.0,0.0,0.0,0.0,0.0,0.0,0.0,0.0,0.0,0.0,0.0,0.0,0.0,0.0,-0.005791615142768774,-0.005479943904880156,0.0,-0.004975582199144453,0.0,0.0,0.0,0.0,-0.05698204674857113,0.0,0.0,0.0,0.0,-0.01097290676012015,0.041475264510395515,0.0,0.0,0.0,0.0,0.0,0.020492738987697018,0.026176200593966904,0.0,0.0,0.0,0.0,0.0,0.0,0.0,0.0,0.0,0.0,0.006817453062101277,0.0,0.0,0.0,0.0,0.011834431895326116,0.0,0.0,0.0,0.0,0.0,0.0,0.4391234
0.0,0.0,0.0,0.0,0.0,0.0,0.0,0.0,0.0,0.0,0.0,0.0,0.0,0.0,0.0,-0.012458950826897186,0.0,0.0,0.0,0.0,0.0,0.0,0.0,0.0,0.0,0.0,0.0,-0.0747341106332995,-0.1047240985776707,-0.013434982417267555,0.0,0.0,0.0,0.0,-0.04367920312258634,-0.07152290906875404,0.0,-0.01635488246064354,0.0,-0.022022945423899876,0.0,0.0,0.0,0.0,0.0,0.0,0.0,0.0,0.0,0.0,0.0,-0.01231143521861242,0.0,0.0,-0.014784113931141058,0.0,0.0,0.0,0.030501766
0.0,0.0,0.0,0.0,0.0,0.0,0.0,0.0,0.0,0.0,0.0,-0.005839860222638993,0.0,0.0,0.0,-0.0077652441970772045,0.0,0.0,0.0,0.0,0.0,0.0,-0.06889992815081575,0.0,0.0,0.0,0.0,-0.04110350560975505,-0.11683710829058784,-0.014081034887169497,-0.008354111542484359,0.0,0.0,0.0,-0.04765794108292515,-0.09807979177841128,0.0,-0.007689333546279509,0.0,0.0,0.0,0.0,0.0,0.0,0.0,0.0,0.0,0.0,0.0,0.0,0.0,0.0,0.0,0.0,0.0,0.0,0.0,0.0,0.00022153852
0.0,0.0,0.0,0.0,0.0,0.0,0.0,0.0,0.0,0.0,0.0,0.0,0.0,0.0,0.0,0.024751309954730884,0.0,0.030019779147144196,0.0,0.0,0.0,0.016339604698146933,0.040854505237826154,0.0,0.0,0.0,0.0,0.06587257399774464,0.10880945123235869,0.0,0.0,0.0,0.0,0.0,0.04716413645190208,0.08731826624603005,0.0,0.0,0.0,0.0,0.0,0.0,0.0,0.0,0.0,0.0,0.0,0.0,0.0,0.0,0.0,0.011374462276217356,0.0,0.0,0.0,0.020147669105245868,0.0,0.0,0.86918116
0.0,0.0,0.0,0.0,0.0,0.0,0.0,0.0,0.0,0.0,0.0,0.0,0.0,0.0,0.0,-0.006802744411051838,0.0,0.0,0.0,0.0,0.0,0.0,0.0,0.0,0.0,0.0,0.0,-0.06775277200711881,-0.08252193051653287,0.0,0.0,0.0,0.0,0.0,-0.0247196414092398,-0.045826758689593156,0.0,0.0,0.0,-0.03424923262997036,0.0,0.0,0.0,0.0,0.0,0.0,-0.014446591616897396,0.0,0.0,0.0,0.0,-0.016574196655754797,0.0,0.0,-0.00420505611566846,0.0,-0.0045668247486146145,0.0,0.114863634
0.0,0.0,0.0,0.0,0.0,0.0,0.0,0.0,0.0,0.0,0.0,0.0,0.0,0.0,0.011633094217020815,0.0,0.0,0.03105518580949056,0.0,0.0,0.0,0.0,0.05563238877207921,0.0,0.0,0.0,0.0,0.06987913000144362,0.09369985374287332,0.0,0.0,0.0,0.0,0.0,0.04004033921400752,0.08201008995155393,0.0,0.020858580800785287,0.0,0.0,0.0,0.0,0.0,0.0,0.0,0.0,0.005221216955555219,0.0,0.0,0.0,0.0,0.010641125937591162,0.0,0.0,0.0,0.0,0.0,0.0,0.8372004
0.0,0.0,0.0,0.0,0.0,0.0,0.0,0.0,0.0,0.0,0.0,-0.0055134136046375865,0.0,0.0,-0.005022574039232504,-0.005743499868903323,0.0,0.0,0.0,0.0,0.0,0.0,-0.08003188809125501,0.0,0.0,0.0,0.0,-0.046118631778238287,-0.12020073980749908,-0.011855901464964725,-0.005863623039386462,0.0,0.0,0.0,-0.04353461465616866,-0.09234257071583918,0.0,0.0,0.0,0.0,0.0,0.0,0.0,0.0,0.0,0.0,0.0,0.0,0.0,0.0,0.0,0.0,0.0,0.0,0.0,0.0,0.0,0.0,0.00030194074
0.0,0.0,0.0,0.0,0.0,0.0,0.0,0.0,0.0,0.0,0.0,0.02217401057433224,0.01272745936483098,0.009861478932541428,0.0,0.0,0.0,0.0,0.0,0.0,0.0,0.0,0.02143044618725613,0.0,0.0,0.0,0.0,0.07015807464147615,0.11528942309942766,0.011393033469084712,0.0,0.0,0.0,0.0,0.05034540682447673,0.10261874122615196,0.0,0.0,0.0,0.012668476946927784,0.0,0.0,0.0,0.0,0.0,0.0,0.0,0.0,0.0,0.0,0.0,0.0,0.0,0.0,0.0,0.0,0.0,0.0,0.84519595
0.0,0.0,0.0,0.0,0.0,0.0,0.0,0.0,0.0,0.0,0.0,0.0,0.0,0.0,0.0,-0.013986089721697195,0.0,0.0,0.0,0.0,0.0,0.0,-0.02697966221056667,0.0,0.0,0.0,0.0,-0.04302651623215361,-0.12470464458660965,-0.017144744759025925,-0.01012235694104291,0.0,0.0,0.0,-0.05855745540965285,-0.09764107399211251,0.0,-0.011709253987504099,0.0,-0.012569631067490485,0.0,0.0,0.0,0.0,0.0,0.0,0.0,0.0,0.0,0.0,0.0,0.0,0.0,0.0,0.0,0.0,0.0,0.0,8.79689e-05
0.0,0.0,0.0,0.0,0.0,0.0,0.008533734909372087,0.0,0.0,0.0,0.0,0.018961672431357348,0.0,0.0,0.0,0.0,0.0,0.0,0.0,0.008923288719891273,0.0067033547097613555,0.0,-0.043796478583513154,0.0,0.0,0.0,0.0,0.05104018987978267,0.06758655535257675,0.0,0.0,0.0,0.0,0.0,0.032782754097651856,0.04446661177083385,0.0,0.0,0.0,0.008504242807130396,0.0,0.0,0.0,0.0,0.0,0.0,0.0,0.0,0.0,0.0,0.0,0.0,0.0,0.0,0.0,0.0,0.0,0.0,0.6202353
0.0,0.0,0.0,0.0,0.0,0.0,0.0,0.0,0.0,0.0,0.0,0.0,0.0,-0.0024013684594222685,0.0,-0.0043712738362945425,0.0,0.0,0.0,0.0,0.0,0.0,-0.04722141538056286,0.0,0.0,0.0,0.0,-0.04821662915913023,-0.12054276330689408,-0.01280311749339566,0.0,0.0,0.0,0.0,-0.03932643810349513,-0.08201736262288851,0.023541342885468785,-0.011661115375524412,0.0,0.0,0.0,0.0,0.0,0.0,0.0,0.0,0.0,0.0,0.0,0.0,0.0,0.0,0.0,0.0,0.0,0.0,0.0,0.0,0.07150927
0.0,0.0,0.0,0.0,0.0,0.0,0.0,0.0,0.0,0.0,0.0,0.0,0.0,0.001558027801045449,0.006049784140044614,0.0,0.0,0.0,0.0,0.0,0.0,0.0,0.0,0.0,0.0,0.0,0.0,0.043670663272810446,0.06088463400071819,0.0,0.0,0.0,0.0,0.0,0.0,0.030329525152742395,0.008656513712767298,0.0,0.0,0.005341147763386666,0.0,0.0,0.0,0.0,0.0,0.0,0.004639130324162332,0.0,0.0,0.0,0.0,0.010352953011835234,0.0,0.0,0.0,0.0010733250906858338,0.0,0.0,0.5890851
0.0,0.0,0.0,0.0,0.0,0.0,0.0,0.0,0.0,0.0,0.0,0.0,0.0,0.0,0.0,0.0,0.0,0.0,0.0,0.0,0.0,0.0,0.0,0.0,0.0,0.0,0.0,-0.0577975613591706,-0.12949819133282325,-0.014122040472072005,-0.013854070735077106,0.0,0.0,0.0,-0.05704373568953537,-0.0803072013119851,0.0,0.0,0.0,-0.020648438335552473,0.0,0.0,0.0,0.0,0.0,0.0,-0.014995944507950332,0.0,0.0,0.0,0.0,-0.013737380704468023,0.0,0.0,-0.014335077886735574,0.0,0.0,0.0,0.00018975548
0.0,0.0,0.0,0.0,0.0,0.0,0.0,0.0,0.0,0.0,0.0,0.0,0.0,0.0,0.01206703896984979,0.020441930432979902,0.0,0.0,0.0,0.0,0.0,0.0,0.0644758609387571,0.0,0.0,0.0,0.0,0.07770041515583266,0.14408301016628888,0.016949211467188807,0.013152976227310806,0.0,0.0,0.0,0.07287756096168421,0.13163750769828617,0.0,0.0,0.0,0.0,0.0,0.0,0.0,0.0,0.0,0.0,0.0,0.0,0.0,0.009160820017675597,0.0,0.0,0.0,0.0,0.0,0.0,0.0,0.0,0.97907573
0.0,0.0,0.0,0.0,0.0,0.0,0.0,0.0,0.0,0.0,0.0,0.0,0.0,0.0,0.0,0.0,0.0,0.03124658759188013,0.0,0.0,0.0,0.0,0.06475881411901911,0.0,0.0,0.0,0.0,0.07581480231438027,0.11768573539056978,0.007691354923734144,0.009004831505655045,0.0,0.0,0.0,0.050818502447331076,0.10260118389453783,0.0,0.0,0.0,0.0,0.0,0.0,0.0,0.0,0.0,0.0,0.00820689318646528,0.0,0.0,0.0,0.0,0.010461394877460747,0.0,0.0,0.0,0.0,0.0,0.0,0.8948195
0.0,0.0,0.0,0.0,0.0,0.0,0.0,0.0,0.0,0.0,0.0,0.0,0.0,0.0,0.012392515419269112,0.0,0.0,0.0388654920246468,0.0,0.0,0.0,0.0,0.07297577391737547,0.0,0.0,0.0,0.0,0.07793194618931669,0.13793778627604145,0.016749321698619122,0.011405208746645122,0.0,0.0,0.0,0.06432136914854454,0.1391246179221536,0.0,0.0,0.0,0.0,0.0,0.0,0.0,0.0,0.0,0.0,0.0,0.0,0.0,0.0,0.0,0.01002909545108511,0.0,0.0,0.0,0.0,0.0,0.0,0.9982625
0.0,0.0,0.0,0.0,0.0,0.0,0.013979070925218119,0.0,0.0,0.021944954770460195,0.0,0.01715055859596962,0.0,0.0,0.0,0.0,0.0,0.0,0.0,0.0,0.0,0.0,0.0680765588493186,0.0,0.0,0.0,0.0,0.07662574137449765,0.12333846092536065,0.0,0.01130311459571709,0.0,0.0,0.0,0.05690330275547936,0.12653875077386703,0.0,0.0,0.0,0.014564935005152288,0.0,0.0,0.0,0.0,0.0,0.0,0.0,0.0,0.0,0.0,0.0,0.0,0.0,0.0,0.0,0.0,0.0,0.0,0.9469549
0.0,0.0,0.0,0.0,0.0,0.0,0.0,0.0,0.0,0.0,0.0,0.0,0.0,0.0,0.0,-0.011734049400424159,0.0,0.0,0.0,0.0,0.0,0.0,0.0,0.0,0.0,0.0,0.0,-0.07513141073848804,-0.08806843398982143,-0.009630119339776779,0.0,0.0,0.0,0.0,-0.037037049095187694,-0.05754982329924069,0.0,-0.008445150021427362,0.0,-0.028278955161489597,0.0,0.0,0.0,0.0,0.0,0.0,-0.009643199174579342,0.0,0.0,0.0,0.0,-0.011024903545941739,0.0,0.0,0.0,0.0,0.0,0.0,0.0799863
0.0,0.0,0.0,0.0,0.0,0.0,0.0,0.0,0.0,0.0,0.0,0.0,0.0,0.01103478508854718,0.0,0.0,0.0,0.0,0.0,0.0,0.0,0.0,0.052275369699033965,0.0,0.0,0.0,0.0,0.023506332595492573,0.19334576937344547,0.019677750074454596,0.015313491180967307,0.0,0.0,0.0,0.07635126111320494,0.17688195687097552,0.0,0.0,0.0,0.0,0.005941803151308767,0.0,0.0,0.0,0.0,0.0,0.0,0.0,0.0,0.009142083041469268,0.0,0.0,0.0,0.0,0.0,0.0,0.0,0.0,1.0
0.0,0.0,0.0,0.0,0.0,0.0,0.0,0.0,0.0,0.0,0.0,0.0,0.0,0.0,-0.010790026490488547,-0.01292016278869415,0.0,0.0,0.0,0.0,0.0,0.0,-0.021203962680651185,0.0,0.0,0.0,0.0,-0.04442462297437305,-0.12919775046902274,-0.01849691353263328,-0.01126686571298339,0.0,0.0,0.0,-0.060041107896652464,-0.0969402145062469,0.0,0.0,0.0,-0.011110178646476308,0.0,0.0,0.0,0.0,0.0,0.0,0.0,0.0,0.0,0.0,0.0,0.0,0.0,0.0,0.0,0.0,0.0,0.0,0.00013759211
0.0,0.0,0.0,0.0,0.0,0.0,0.008246260197173061,0.0,0.0,0.0,0.0,0.016640296927763903,0.011834540637450118,0.0,0.0,0.0,0.0,0.0,0.0,0.0,0.0,0.0,0.047555782670804785,0.0,0.0,0.0,0.0,0.07969649680769997,0.1054672812864465,0.009333722576053534,0.0,0.0,0.0,0.0,0.04260855558432688,0.09495616301756554,0.0,0.0,0.0,0.012195069645175442,0.0,0.0,0.0,0.0,0.0,0.0,0.0,0.0,0.0,0.0,0.0,0.0,0.0,0.0,0.0,0.0,0.0,0.0,0.84506357
0.0,0.0,0.0,-0.01213038461296383,0.0,0.0,0.0,0.0,0.0,0.0,0.0,0.0,0.0,0.0,0.0,0.0,0.0,0.0,0.0,0.0,0.0,0.0,-0.03963743994147015,0.0,0.0,0.0,0.0,-0.04026625907005574,-0.11911495543819908,-0.015934818306998607,-0.009107004285999934,0.0,0.0,0.0,-0.05095275766807189,-0.11056172005536932,0.0,0.0,0.0,0.0,0.0,0.0,0.0,0.0,0.0,0.0,-0.011229624541128302,0.0,0.0,0.0,0.0,-0.007226044793568309,0.0,0.0,0.0,0.0,0.0,0.0,0.0003683891
0.0,0.0,0.0,0.0,0.0,0.0,0.0,0.0,0.0,0.0,0.0,-0.005603027622752472,0.0,0.0,0.0,-0.0104215583083602,0.0,0.0,0.0,0.0,0.0,0.0,-0.07060112436323802,0.0,0.0,0.0,0.0,-0.04221885501709942,-0.11533431322318802,-0.012571578583810108,-0.0053903594296801915,0.0,0.0,0.0,-0.048124259893724056,-0.09894775612123528,0.0,-0.00709252265148428,0.0,0.0,0.0,0.0,0.0,0.0,0.0,0.0,0.0,0.0,0.0,0.0,0.0,0.0,0.0,0.0,0.0,0.0,0.0,0.0,0.00022404261
0.0,0.0,0.0,0.0,0.0,0.0,0.008240803467568085,0.0,0.0,0.011384225396321244,0.0,0.014705822712856878,0.007074607166576874,0.0,0.0,0.0,0.0,0.0,0.0,0.0,0.0,0.0,0.05202517406379956,0.0,0.0,0.0,0.0,0.07468882541587096,0.10719965347540715,0.0,0.0,0.0,0.0,0.0,0.045907318837884875,0.09429076418254607,0.0,0.0,0.0,0.012780701819738418,0.0,0.0,0.0,0.0,0.0,0.0,0.0,0.0,0.0,0.0,0.0,0.0,0.0,0.0,0.0,0.0,0.0,0.0,0.8448273
0.0,0.0,0.0,0.0,0.0,0.0,0.0,0.0,0.0,0.0,0.0,-0.012520168891530412,0.0,0.0,0.0,-0.01215188708858673,0.0,0.0,0.0,0.0,0.0,0.0,-0.024703983491090813,0.0,0.0,0.0,0.0,-0.04319358506673526,-0.12596454187809722,-0.01582479421826068,0.0,0.0,0.0,0.0,-0.05871701546411424,-0.1004745077485402,0.0,0.0,0.0,-0.012186050078209986,0.0,0.0,0.0,0.0,0.0,0.0,0.0,0.0,0.0,0.0,0.0,0.0,0.0,0.0,-0.010713588827992726,0.0,0.0,0.0,7.927506e-05
0.0,0.0,0.0,0.0,0.0,0.0,0.0,0.0,0.0,0.0,0.0,0.0,0.0,0.0,0.0,-0.011254143845919329,0.0,0.0,0.0,0.0,0.0,0.0,-0.027931171202726455,0.0,0.0,0.0,0.0,-0.04177436325966544,-0.13118141470214148,-0.013750147196263775,0.0,0.0,0.0,0.0,-0.05271746750783339,-0.09897618830101869,0.0,-0.014864114440881053,0.0,-0.013701762127359324,0.0,0.0,0.0,0.0,0.0,0.0,0.0,0.0,0.0,0.0,0.0,0.0,0.0,0.0,0.0,-0.010378625227291398,0.0,0.0,0.0
0.0,0.0,0.0,0.0,0.0,0.0,0.0,0.0,0.0,0.0,0.0,0.0,0.0,0.0,0.0,-0.013443702465332035,0.0,0.0,0.0,0.0,0.0,0.0,-0.025229159139866578,0.0,0.0,0.0,0.0,-0.04523235453392318,-0.12897559099354397,-0.016896367327076056,0.0,0.0,0.0,0.0,-0.0536464318266751,-0.09296313794078716,0.0,-0.013008931595199447,0.0,-0.012208962141098205,0.0,0.0,0.0,0.0,0.0,0.0,0.0,0.0,0.0,0.0,0.0,0.0,0.0,0.0,0.0,-0.014519270613344895,0.0,0.0,0.00040548923
0.0,0.0,0.0,0.0,0.0,0.0,0.0,0.0,0.0,0.0,0.0,0.0,0.0,0.0,0.0,0.021175049360635925,0.0,0.026529690137643204,0.0,0.0,0.0,0.018599492269284618,0.04048653142627732,0.0,0.0,0.0,0.0,0.06810675393135823,0.1113294859299622,0.009975750766016367,0.0,0.0,0.0,0.0,0.046610842489608936,0.08965794118256508,0.0,0.0,0.0,0.0,0.0,0.0,0.0,0.0,0.0,0.0,0.0,0.0,0.0,0.0,0.0,0.0,0.0,0.0,0.0,0.02055024648876062,0.0,0.0,0.8695512
0.0,0.0,0.0,0.0,0.0,0.0,0.0,0.0,0.0,0.0,0.0,0.0,0.0,0.0,0.0,0.0,0.0,0.0,0.0,0.0,0.0,0.0,-0.027224214169823416,0.0,0.0,0.0,0.0,-0.03929280610084728,-0.1313006274642626,-0.012612320768476848,0.0,0.0,0.0,0.0,-0.055933256220360425,-0.09808873937336254,0.0,-0.014621442097752567,0.0,-0.012696436492487249,0.0,0.0,0.0,0.0,0.0,0.0,0.0,0.0,0.0,0.0,0.0,0.0,0.0,0.0,-0.01326094797602901,-0.011461408345096675,0.0,0.0,3.7198803e-05
0.0,0.0,0.0,0.0,0.0,0.0,0.011180342056347325,0.0,0.0,0.0,0.0,0.015466750566505701,0.0,0.0,0.0,0.0,0.0,0.0,0.007499421892110403,0.0,0.015778794540205327,0.0,0.04708664490069111,0.0,0.0,0.0,0.0,0.07739927694651107,0.10582366022167353,0.0,0.0,0.0,0.0,0.0,0.0438250988113789,0.09141217551454603,0.0,0.0,0.0,0.012901548196754967,0.0,0.0,0.0,0.0,0.0,0.0,0.0,0.0,0.0,0.0,0.0,0.0,0.0,0.0,0.0,0.0,0.0,0.0,0.8449031
0.0,0.0,0.0,0.0,0.0,0.0,0.0,0.0,0.0,0.0,0.0,0.0,0.0,0.0,0.0,-0.004827904087821199,0.0,0.0,0.0,0.0,0.0,0.0,-0.0716628801336937,0.0,0.0,0.0,0.0,-0.06059528802420929,-0.08605644751717585,0.0,0.0,0.0,0.0,0.0,-0.023402936449161287,-0.06858355106549999,0.012687042839916148,-0.0058800177763128555,0.01000675615182961,0.0,0.0,0.0,0.0,0.0,0.0,0.0,0.0,0.0,0.0,0.0,0.0,0.011511046070241879,0.0,0.0,0.0,0.0,0.0,0.0,0.12972522
0.0,0.0,0.0,0.0,-0.0072852054058309195,0.0,0.0,0.0,0.0,0.0,0.0,0.0,0.0,0.0,0.0,-0.008718543072061689,0.0,0.0,0.0,0.0,0.0,0.0,0.0,0.0,0.0,0.0,0.0,-0.05783492735359139,-0.024155891250135095,0.0,0.0,0.0,0.0,0.0,-0.006307734411338992,-0.021139484105832967,0.0,-0.007608899350052098,0.0,-0.0068498158461869916,0.0,0.0,0.0,0.0,0.0,0.0,-0.009402036390521847,0.0,0.0,0.0,0.0,0.0,0.0,0.0,0.0,-0.006027922732634583,0.0,0.0,0.26119894
0.0,0.0,0.018523371240435554,0.0,0.0,0.0,0.012653864856465025,0.0,0.0,0.01659273487326034,0.0,0.019131690312907797,0.01367735442225151,0.0,0.0,0.0,0.0,0.0,0.0,0.0,0.0,0.0,0.0,0.0,0.0,0.0,0.0,0.07264467560779427,0.1138451900967222,0.012987791799241607,0.0,0.0,0.0,0.0,0.048698276106264475,0.10208192627672459,0.0,0.0,0.0,0.0,0.0,0.0,0.0,0.0,0.0,0.0,0.0,0.0,0.0,0.0,0.0,0.0,0.0,0.0,0.0,0.0,0.0,0.0,0.8473663
0.0,0.0,0.0,0.0,0.0,0.0,0.0,0.0,0.0,0.0,0.0,0.0,0.0,0.0,0.015214363726330882,0.0,0.0,0.030034147519563344,0.0,0.0,0.0,0.0,0.06349234049892483,0.0,0.0,0.0,0.0,0.07332983095294764,0.10561230027021094,0.008342440476830804,0.0,0.0,0.0,0.0,0.04650945979498068,0.09791448466929357,0.0,0.02283129093989421,0.0,0.0,0.0,0.0,0.0,0.0,0.0,0.0,0.0,0.0,0.0,0.0,0.0,0.008780338790514786,0.0,0.0,0.0,0.0,0.0,0.0,0.8885904
0.0,0.0,0.0,0.0,0.0,0.0,0.0,0.0,0.0,0.0,0.0,0.0,0.0,0.0,0.0,0.0,0.0,0.0,0.0,0.0,0.0,0.0,0.0,0.0,0.0,0.0,0.0,-0.07444643678800772,-0.10013298016085125,-0.010938937025576748,0.0,0.0,0.0,0.0,-0.044094058609274116,-0.057689199783225883,0.0,-0.012653780569408619,0.0,-0.024329158603398515,0.0,0.0,0.0,-0.010447793089196578,0.0,0.0,0.0,0.0,0.0,0.0,0.0,-0.015617947044633247,0.0,0.0,-0.013966946056856342,0.0,0.0,0.0,0.05221216
0.0,0.0,0.0,0.0,0.0,0.0,0.0,0.0,0.0,0.0,0.0,0.0,0.0,0.0,0.0,0.0,0.0,0.0,0.0,0.0,0.0,0.0,0.0,0.0,0.0,0.0,0.0,-0.054988582568604005,-0.12648306595722153,-0.018640268597560582,0.0,0.0,0.0,0.0,-0.05681918070658472,-0.08107454780443371,0.0,-0.017999976188174692,0.0,-0.01929454502273849,0.0,0.0,0.0,0.0,0.0,0.0,-0.013838276335369697,0.0,0.0,0.0,0.0,0.0,0.0,0.0,-0.013140457208044484,-0.014060741946637922,0.0,0.0,0.00018975548
0.0,0.0,0.0,0.0,0.0,0.0,0.0,0.0,0.0,0.0,0.0,0.0,0.0,0.0,0.0,0.0,0.0,0.0,0.0,0.0,0.0,0.0,0.0,0.0,0.0,0.0,0.0,-0.06598805235865046,-0.1054860202167237,-0.012321795594957972,0.0,0.0,0.0,0.0,-0.04312510585278447,-0.06176317546976054,0.0,-0.010411008809611322,0.0,-0.04067172192740703,0.0,0.0,0.0,0.0,0.0,0.0,-0.011392737672129765,0.0,0.0,0.0,0.0,-0.0199961621107579,0.0,0.0,-0.010567373723018936,0.0,0.0,0.0,0.034806244
0.0,0.0,0.0,0.0,0.0,0.0,0.0,0.0,0.0,0.0,0.0,-0.005426917376413461,0.0,0.0,-0.0024699435445167395,-0.009318936425116985,0.0,0.0,0.01840907174513268,0.0,0.0,0.0,-0.08419126905730898,0.0,0.0,0.0,0.0,-0.05859171238205045,-0.0774876195455918,-0.00545254126016639,0.0,0.0,0.0,0.0,-0.026784189016237678,-0.06083912918640226,0.0,0.0,0.0,0.0,0.0,0.0,0.0,0.0,0.0,0.0,0.0,0.0,0.0,0.0,0.0,0.0,0.0,0.0,0.0,0.0,0.0,0.0,0.10437622
0.0,0.0,0.0,0.0,0.0,0.0,0.010631305701132632,0.0,0.010871408424060527,0.0,0.0,0.0123667124030991,0.0,0.002173023347602804,0.0,0.0,0.0,0.0,0.0,0.0,0.0,0.0,-0.04447045274671567,0.0,0.0,0.0,0.0,0.060120420234208986,0.04606064181972668,0.0015174206457571236,0.0,0.0,0.0,0.0,0.019488371455654505,0.017193283001235696,0.0,0.0,0.0,0.0,0.0,0.0,0.0,0.0,0.0,0.0,0.0,0.0,0.0,0.0,0.0,0.0,0.0,0.0,0.0,0.0,0.0,0.0,0.55248153
0.0,0.0,0.0,0.0,0.0,0.0,0.0,0.0,0.0,0.0,0.0,-0.0021711472339863832,0.0,0.0,0.0,-0.005959829662490666,0.0,0.0,0.0,0.0,0.0,0.0,-0.08338509320325972,0.0,0.0,0.0,0.0,-0.060535174988861254,-0.07106901432048467,-0.002151719276349079,0.0,0.0,0.0,0.0,-0.02568888898584458,-0.05820597316389148,0.0,-0.002795862657644564,0.0,0.0,0.0,0.0,0.0,0.0,0.0,0.0,0.0,0.0,0.0,-0.0019090111246043429,0.0,0.0,0.0,0.0,0.0,0.0,0.0,0.0,0.10265768
0.0,0.0,0.0,0.0,0.0,0.0,0.0,0.0,0.0,0.0,0.0,-0.0018754458140919916,0.0,0.0,0.0,-0.009968898222053183,0.0,0.0,0.0,0.0,0.0,0.0,-0.01641553134479267,0.0,0.0,0.0,0.0,-0.06982935249621927,-0.09873331554290142,-0.0059582968186479976,-0.008953448946265676,0.0,0.0,0.0,-0.03325781894690125,-0.06214261293653344,0.0,0.0,-0.07036275765075359,0.0,0.0,0.0,0.0,0.0,0.0,0.0,0.0,0.0,0.0,0.0,0.0,0.0,0.0,0.0,0.0,0.0,0.0,0.0,0.039031908
0.0,0.0,0.0,0.0,0.0,0.0,0.0,0.0,0.0,0.0,0.0,0.0,0.0,0.0035870163448283184,0.0,0.0,0.0,-0.008441057813724617,0.0,0.0,0.0,0.0,-0.009895783243913362,0.0,0.0,0.0,0.0,0.007428602333526602,0.08615712212757584,0.002841886691533596,0.0,0.0,0.0,0.0,0.034666477385086755,0.04560023657863761,0.0,0.0,0.0,-0.007651858032111104,0.0,0.0,0.0,0.0,0.0,0.0053718289313820595,0.0,0.0,0.0,0.0,0.0,0.0,0.0,0.0,0.0,0.0,0.0,0.0,0.57619387
0.0,0.0,0.0,0.0,0.0,0.0,0.0,0.0,0.0,0.0,0.0,0.0,0.0,0.0,0.0,-0.0011339788160798225,0.0,0.0,0.0,0.0,0.0,0.0,0.0,0.0,0.0,0.0,0.0,-0.04458017299910376,-0.04192810881998513,0.0,0.0,0.0,0.0,0.0,-0.0165044603727288,-0.03852356230060893,0.0,0.0,0.0,0.0,0.0,0.0,0.0,0.0,0.0,0.0,-0.0016809354995120445,0.0,0.0,-0.0056116936013711205,0.0,-0.009225477397471852,0.0,0.0,-0.017641182239635986,0.0,-0.0017014296063845961,0.0,0.23799841
0.0,0.0,0.020144996644178296,0.0,0.0,0.0,0.0,0.0,0.0,0.0,0.0,0.016012450003921295,0.008868674658329245,0.0,0.0,0.0,0.0,0.0,0.0,0.0,0.0,0.0,0.04092415336758244,0.0,0.0,0.0,0.0,0.07636747343482661,0.1087461552171413,0.01152068637153317,0.0,0.0,0.0,0.0,0.046073866425513164,0.09122951764485819,0.0,0.0,0.0,0.009113734416194131,0.0,0.0,0.0,0.0,0.0,0.0,0.0,0.0,0.0,0.0,0.0,0.0,0.0,0.0,0.0,0.0,0.0,0.0,0.8455311
0.0,0.0,0.0,0.0,0.0,0.0,0.0,0.0,0.0,0.0,0.0,-0.005654197916760954,0.0,0.0,-0.0037600279638620353,-0.007225086171616415,0.0,0.0,0.0,0.0,0.0,0.0,-0.07898854269461712,0.0,0.0,0.0,0.0,-0.03944138082848104,-0.11879175570264532,-0.01072551653880972,0.0,0.0,0.0,0.0,-0.04648467828489426,-0.10312576064968297,0.0,-0.002127101591570091,0.0,0.0,0.0,0.0,0.0,0.0,0.0,0.0,0.0,0.0,0.0,0.0,0.0,0.0,0.0,0.0,0.0,0.0,0.0,0.0,0.00020534948
0.0,0.0,0.0,0.0,0.0,0.0,0.0,0.0,0.0,0.0,0.0,0.0,0.0,0.0,-0.00267518927772023,0.0,0.0,0.0,0.0,0.0,0.0,0.0,0.0,0.0,0.0,-0.0033387495131053783,-0.006568702368034901,-0.0613844182141747,0.0,0.0,0.0,0.0,0.0,0.0,0.0,0.0,0.0,0.0,0.0,-0.012419888635863631,0.0,0.0,0.0,0.0,0.0,0.0,-0.009774342273389438,0.0,0.0,0.0,-0.0027466868123490495,-0.008156715775951562,0.0,-0.003606358146957774,-0.005480679843327881,0.0,0.0,0.0,0.30037764
0.0,0.0,0.0,0.0,0.0,0.0,0.0,0.0,0.0,0.0,0.0,-0.010504207785807072,0.0,0.0,0.0,-0.010764502777905527,0.0,0.0,0.0,0.0,0.0,0.0,-0.03267229925260033,0.0,0.0,0.0,0.0,-0.045850587493865856,-0.1265332298109055,-0.014277492419755499,0.0,0.0,0.0,0.0,-0.05388731194644831,-0.09769317869621374,0.0,0.0,0.0,-0.012711175355866603,0.0,0.0,0.0,0.0,0.0,0.0,-0.011270072877538775,0.0,0.0,0.0,0.0,0.0,0.0,0.0,0.0,0.0,0.0,0.0,0.0003653394
0.0,0.0,0.0,0.0,0.0,0.0,0.0,0.0,0.0,0.016407434654103516,0.0,0.01783374926542949,0.0,0.0,0.0,0.0,0.0,0.0,0.011712628555153926,0.0,0.012744508840573258,0.0,0.023419811283476262,0.0,0.0,0.0,0.0,0.0723642279394959,0.11233455961275933,0.0,0.0,0.0,0.0,0.0,0.04483277630631213,0.10064398033873262,0.0,0.0,0.0,0.01552589246821111,0.0,0.0,0.0,0.0,0.0,0.0,0.0,0.0,0.0,0.0,0.0,0.0,0.0,0.0,0.0,0.0,0.0,0.0,0.84434897
0.0,0.0,0.0,0.0,0.0,0.0,0.0,0.0,0.0,0.0,0.0,-0.00937367868921361,0.0,0.0,0.0,0.0,0.0,0.0,0.0,0.0,0.0,0.0,-0.019755133247709694,0.0,0.0,0.0,0.0,-0.04431650902142232,-0.1321328843149262,-0.015911503240848314,-0.010824459965698655,0.0,0.0,0.0,-0.06187306845579461,-0.1027652808038997,0.0,-0.00924543769426489,0.0,-0.010284880235816338,0.0,0.0,0.0,0.0,0.0,0.0,0.0,0.0,0.0,0.0,0.0,0.0,0.0,0.0,0.0,0.0,0.0,0.0,4.656214e-05
0.0,0.0,0.0,0.0,0.0,0.0,0.0,0.0,0.0,0.0,0.0,0.0,0.0,0.0,0.011530607323070319,0.018795557899441647,0.0,0.0,0.0,0.0,0.0,0.0,0.06380462986553373,0.0,0.0,0.0,0.0,0.08040036486794397,0.14749670510845003,0.01523693056152434,0.0,0.0,0.0,0.0,0.0739898477512195,0.1370162493740449,0.0,0.0,0.0,0.0,0.0,0.0,0.0,0.0,0.0,0.0,0.0,0.0,0.0,0.011980043674940245,0.0,0.0,0.0,0.0,0.0,0.021063884970494585,0.0,0.0,0.9978442
0.0,0.0,0.0,0.0,0.0,0.0,0.0,0.0,0.0,0.0,0.0,0.0,0.0,0.0,0.0,0.019148428994801327,0.0,0.0,0.0,0.0,0.0,0.0,0.06719341621335319,0.0,0.0,0.0,0.0,0.08178568601585696,0.14597888780417306,0.01586336245416701,0.011453722453621529,0.0,0.0,0.0,0.07069211259647662,0.13739233996613606,0.0,0.0,0.0,0.0,0.0,0.0,0.0,0.0,0.0,0.0,0.0,0.0,0.0,0.011015777036859485,0.0,0.0,0.0,0.0,0.0,0.020625804181255973,0.0,0.0,0.99767894
0.0,0.0,0.0,0.0,0.0,0.0,0.0,0.0,0.0,0.0,0.0,0.0,0.0,0.0,0.0,-0.006826309274622629,0.0,0.0,0.0,0.0,0.0,0.0,0.013547354260677895,0.0,0.0,0.0,0.0,-0.05894155899541505,0.0,0.0,0.0,0.008746250081744162,0.0,-0.006018566320280264,0.0,-0.016572551729794428,0.010679074399685611,0.0,0.0,0.0,0.0,0.0,0.0,0.0,0.0,0.0,0.009855956170096197,0.0,0.0,-0.013381007444691761,0.0,0.008481765681316153,0.0,0.0,0.0,0.0,0.0,0.0,0.3660998
0.0,0.0,0.0,0.0,0.0,0.0,0.0,0.0,0.0,0.0,0.0,-0.0030314491943865,0.0,0.0,-0.001661135061909652,-0.004202558717100098,0.0,0.0,0.0,0.0,0.0,0.0,-0.06795249048351099,0.0,0.0,0.0,0.0,-0.05082452120544008,-0.04140842174099205,0.0,0.0,0.0,0.0,0.0,-0.020574480836658054,-0.028475484443874523,0.0,-0.0031435044787621155,0.0,0.0,0.0,0.0,0.0,0.0,0.0,0.0,0.0,0.0,0.0,0.0,0.0,0.011407571449144144,0.0,0.0,0.0,0.0,0.0,0.0,0.20666292
0.0,0.0,0.0,0.0,0.0,0.0,0.0,0.0,0.0,0.0,0.0,0.0,0.0,0.0,0.012983490620514593,0.01687404586516445,0.0,0.0,0.0,0.0,0.0,0.0,0.06112219236915787,0.0,0.0,0.0,0.0,0.07973470605672697,0.12939893799995902,0.014140535196267696,0.010418401540228328,0.0,0.0,0.0,0.0674279768848416,0.11339583681666468,0.0,0.0,0.0,0.0,0.0,0.0,0.0,0.0,0.0,0.0,0.0,0.0,0.0,0.011336843608356377,0.0,0.0,0.0,0.0,0.0,0.0,0.0,0.0,0.93336236
0.0,0.0,0.0,0.0,0.0,0.0,0.0,0.0,0.0,0.0,0.0,0.0,0.0,0.0,0.012493989329132546,0.0,0.0,0.027133814487891098,0.0,0.0,0.0,0.0,0.04896686961684612,0.0,0.0,0.0,0.0,0.07996259640827225,0.10654803450036038,0.0,0.009147645634493993,0.0,0.0,0.0,0.04189868715376978,0.0916081868365812,0.0,0.007015743181354173,0.0,0.0,0.0,0.0,0.0,0.0,0.0,0.0,0.0,0.0,0.0,0.0,0.0,0.012142949163733235,0.0,0.0,0.0,0.0,0.0,0.0,0.8534479
0.0,0.0,0.0,0.0,0.0,0.0,0.0,0.0,0.0,0.0,0.0,0.0,0.0,0.0,0.0,-0.01118395366177448,0.0,0.0,0.0,0.0,0.0,0.0,-0.06338410606630605,0.0,0.0,0.0,0.0,-0.04676971822449848,-0.11676513685346473,-0.008739067952976165,-0.008742058190865345,0.0,0.0,0.0,-0.04696553105952608,-0.09981856818901681,0.0,-0.007422718994295753,0.0,0.0,0.0,0.0,0.0,0.0,0.0,0.0,0.0,0.0,0.0,0.0,0.0,0.0,0.0,0.0,0.0,-0.0042280668832268,0.0,0.0,0.0025104724
-0.014406718160504277,0.0,0.0,0.0,0.0,0.0,0.0,0.0,0.0,0.0,0.0,0.0,0.0,0.0,0.0,0.0,0.0,0.0,0.0,0.0,0.0,0.0,0.0,0.0,0.0,0.0,0.0,0.0,-0.1208998267214402,-0.01900202759719318,0.0,0.0,0.0,0.0,-0.04541127727829932,-0.08331116379722879,0.0,0.0,-0.04917373227673565,-0.021253736052753835,0.0,0.0,0.0,0.0,0.0,0.0,-0.019342581206926,0.0,0.0,-0.024914610428423856,0.0,0.0,0.0,0.0,0.0,-0.018671189504294354,0.0,0.0,0.00014253479
0.0,0.0,0.0,0.0,0.0,0.0,0.023739213738912204,0.0,0.0,0.0,0.0,0.026155510707563525,0.0,0.009651186914910157,0.0,0.0,0.0,0.0,0.012779833600263775,0.0,0.0,0.0,0.010739058072522359,0.0,0.0,0.0,0.0,0.0662610371468312,0.07260611201854719,0.009813301667868202,0.0,0.0,0.0,0.0,0.040590281644855376,0.05281425826598107,0.0,0.0,0.0,0.0,0.0,0.0,0.0,0.0,0.0,0.0,0.0,0.0,0.0,0.0,0.0,0.0,0.0,0.0,0.0,0.0,0.0,0.0,0.7416792
0.0,0.0,0.0,0.0,0.0,0.0,0.0,0.0,0.0,0.0,0.0,-0.005708351209569426,0.0,-0.005126475369934996,0.0,-0.009692498820148743,0.0,-0.00258369502334561,0.0,0.0,0.0,0.0,-0.0640410148782691,0.0,0.0,0.0,0.0,-0.05809867457134564,-0.07693076206401117,0.0,0.0,0.0,0.0,0.0,-0.02666897535945324,-0.05613821370654464,0.0,-0.0028459301134934334,0.0,0.0,0.0,0.0,0.0,0.0,0.0,0.0,0.0,0.0,0.0,0.0,0.0,0.0,0.0,0.0,0.0,0.0,0.0,0.0,0.10869481
0.0,0.0,0.0,0.0,0.0,0.0,0.0,0.0,0.0,0.0,0.0,0.0,0.0,0.0,0.0,0.06065248635374698,0.0,0.0,0.0,0.0,0.0,0.0,0.02865659636599855,0.0,-0.01991657509724036,0.0,-0.012709578372105824,-0.014082442641923642,0.022650424712605942,0.0,0.0,0.0,0.0,0.0,0.0,0.0,0.0,0.0,0.0,-0.01263552199732844,0.0,0.0,0.0,0.0,0.0,-0.010268554568066142,0.0,0.0,0.0,0.0,0.0,0.0,0.0,0.0,-0.01212158902705273,-0.015245893816300269,0.0,0.0,0.43150875
0.0,0.0,0.0,0.0,0.0,0.0,0.0,0.0,0.0,0.0,0.0,0.017949396125017628,0.0,0.0,0.0,0.0,0.0,0.0,0.0,0.0,0.0,0.0,0.05944590933780683,0.0,0.0,0.0,0.0,0.07665590940156666,0.13800944971831072,0.012974983028700562,0.013447030276599459,0.0,0.0,0.0,0.06298870827284868,0.12691037839318384,0.0,0.0,0.010162207532109058,0.01185495241797224,0.0,0.0,0.0,0.0,0.0,0.0,0.0,0.0,0.0,0.0,0.0,0.0,0.0,0.0,0.0,0.0,0.0,0.0,0.9469283
0.0,0.0,0.0,0.0,-0.014977110406583151,0.0,0.0,0.0,0.0,0.0,0.0,0.0,0.0,0.0,0.0,-0.00784373619620984,0.0,0.0,0.0,0.0,0.0,0.0,0.0,0.0,0.0,0.0,0.0,-0.06876166104976325,-0.045391876734084374,0.0,0.0,0.0,0.0,0.0,-0.029691917194530935,-0.03904713384406301,0.0,0.0,0.0,-0.010304159678343364,0.0,0.0,0.0,0.0,0.0,0.0,-0.01036356875178905,0.0,0.0,0.0,0.0,-0.008906586480520019,0.0,0.0,0.0,-0.004580290191621206,0.0,0.0,0.17666136
0.0,0.0,0.0,0.0,0.0,0.0,0.0,0.0,0.0,0.0,0.0,0.0,0.0,0.0,0.0,-0.0031284117032072995,0.0,0.0,0.0,0.0,0.0,0.0,-0.051539627964820686,0.0,0.0,0.0,0.0,-0.06309751818842882,-0.059664986093842375,-0.00336450083165471,-0.005082554309048442,0.0,0.02160407660829831,0.0,-0.03070125867718018,-0.040435366699495434,0.0,0.0,0.0,0.0,0.0,0.0,0.0,0.0,0.0,0.0,0.0,0.0,0.0,0.0,0.0,0.009483618843674182,0.0,0.0,0.0,0.0,0.0,0.0,0.19060288
