pdo_well_id,well_name_after_spud,project_name,rig_no,well_type,current_progress_pct,risk_score,risk_tier,predicted_completion_date,completion_date_early,completion_date_late,weeks_remaining_predicted
31380,AMIN-567,AMIN_1673188_OP25,SWER101,BP,88.0,99.7,CRITICAL,2026-03-25,2026-03-25,2026-03-25,0.8911398119389471
31378,AMIN-572,AMIN_1673188_OP23,SWER101,ESP,85.0,99.7,CRITICAL,2026-03-25,2026-03-25,2026-03-25,0.8811532831690696
30865,AMIN_1673188_OP15,AMIN_1673188_OP15,SWER101,ESP,90.0,99.7,CRITICAL,2026-03-25,2026-03-25,2026-03-25,0.8798689181856155
30863,AMIN-570,AMIN_1673188_OP14,SWER101,ESP,84.0,99.7,CRITICAL,2026-03-25,2026-03-25,2026-03-25,0.8690320047423836
30867,AMIN-568,AMIN_1673188_OP16,SWER101,ESP,89.0,99.7,CRITICAL,2026-03-25,2026-03-25,2026-03-25,0.8446084559608529
37223,RAKID-232,RKDS_2026_OP_LOC1,SWER149,PCP,63.0,99.7,CRITICAL,2026-03-25,2026-03-24,2026-03-25,0.8358291706761937
10205,RKDS_2026_OP_LOC3,RKDS_2026_OP_LOC3,SWER149,PCP,84.0,99.7,CRITICAL,2026-03-25,2026-03-24,2026-03-25,0.8236499937685828
31734,NIMR-1677,NME_E563_APR_F_FLANK4_H1,SWER104,PCP,87.0,99.7,CRITICAL,2026-03-25,2026-03-24,2026-03-25,0.8023236518830683
36105,AMIN-571,AMIN_1673188_OP28,SWER101,ESP,84.0,99.7,CRITICAL,2026-03-25,2026-03-24,2026-03-25,0.7887159858496734
37230,AMIN-565,AMIN_EAST_EXT_APP2,SWER101,ESP,85.0,99.7,CRITICAL,2026-03-24,2026-03-24,2026-03-24,0.7699277974559644
29391,RKDS_2026_OP_LOC16,RKDS_2026_OP_LOC16,SWER149,PCP,89.0,99.7,CRITICAL,2026-03-24,2026-03-24,2026-03-24,0.7684670773239715
29393,RKDS_2026_OP_LOC11,Nimr Flowline,SWER149,PCP,33.0,99.7,CRITICAL,2026-03-24,2026-03-24,2026-03-24,0.7487907190994286
25091,RKDS_2026_OP_LOC8,RKDS_2026_OP_LOC8,SWER149,PCP,82.0,99.7,CRITICAL,2026-03-24,2026-03-24,2026-03-24,0.7175894858388554
10208,RKDS_2026_OP_LOC5,RKDS_2026_OP_LOC5,SWER149,PCP,57.0,99.7,CRITICAL,2026-03-23,2026-03-23,2026-03-23,0.6328460683564691
26881,RAKID_SOUTH_RKDS_2026_OP_LOC7,RKDS_2026_OP_LOC7,SWER149,PCP,59.0,99.7,CRITICAL,2026-03-23,2026-03-23,2026-03-23,0.5618231410188789
10206,RAKID-220,RKDS_2026_OP_LOC4,SWER149,PCP,68.0,99.7,CRITICAL,2026-03-23,2026-03-22,2026-03-23,0.5398769925312135
30891,NIMR-1672,NME_NM881_REPLACEMENT_OP,SWER102,PCP,100.0,99.7,CRITICAL,2026-03-22,2026-03-21,2026-03-22,0.39093265502844027
36011,RKDS_2026_OP_LOC12,Nimr Flowline,SWER149,PCP,42.0,99.6,CRITICAL,2026-03-24,2026-03-24,2026-03-24,0.7573740272468912
37224,RAKID-233,RKDS_2026_OP_LOC2,SWER149,PCP,82.0,99.6,CRITICAL,2026-03-24,2026-03-24,2026-03-24,0.7472388639888996
29392,RAKID-226,RKDS_2026_OP_LOC10,SWER149,PCP,66.0,99.6,CRITICAL,2026-03-23,2026-03-22,2026-03-23,0.5070989675262649
30789,NIMR-1659,Nimr Flowline,SWER102,PCP,100.0,99.6,CRITICAL,2026-03-22,2026-03-21,2026-03-22,0.40144342182167303
27136,NIMR-1630,NM-A_PI3,SWER103,PI,12.0,99.5,CRITICAL,2026-03-27,2026-03-27,2026-03-27,1.2114639737269117
30417,NIMR-1640,NM-A_PI7,SWER103,PI,14.0,99.5,CRITICAL,2026-03-27,2026-03-27,2026-03-27,1.209847231718326
31476,NIMR-1629,NME_E6_18_PI_2109220030,SWER102,PI,12.0,99.5,CRITICAL,2026-03-27,2026-03-27,2026-03-27,1.1977929407220604
31480,NIMR-1631,NME_E1_4_PI_2109220030,SWER104,PI,12.0,99.5,CRITICAL,2026-03-27,2026-03-27,2026-03-27,1.1960799197074286
31001,NIMR-1652,NME_E1_8_PI_2109220030,SWER102,PI,13.0,99.5,CRITICAL,2026-03-27,2026-03-27,2026-03-27,1.189937504127617
30982,NME_E6_9_PI_2109220030,NME_E6_9_PI_2109220030,SWER102,PI,12.0,99.5,CRITICAL,2026-03-27,2026-03-27,2026-03-27,1.1812690940275747
30984,NIMR-1627,NME_E6_10_PI_2109220030,SWER102,PI,12.0,99.5,CRITICAL,2026-03-27,2026-03-27,2026-03-27,1.1809723146921602
30998,NIMR-1664,NME_E1_40_PI_2109220030,SWER103,PI,14.0,99.5,CRITICAL,2026-03-27,2026-03-27,2026-03-27,1.1371675464245359
27138,NM-A_PI4,NM-A_PI4,SWER103,PI,15.0,99.5,CRITICAL,2026-03-27,2026-03-27,2026-03-27,1.1324466918407359
27135,NIMR-1658,NM-A_PI17,SWER137,PI,14.0,99.5,CRITICAL,2026-03-27,2026-03-27,2026-03-27,1.1298044671062557
27140,NM-A_PI5,NM-A_PI5,SWER103,PI,19.0,99.5,CRITICAL,2026-03-27,2026-03-26,2026-03-27,1.1236914648037277
30420,NM-A_PI8,NM-A_PI8,SWER103,PI,19.0,99.5,CRITICAL,2026-03-27,2026-03-26,2026-03-27,1.1236914648037277
30426,NIMR-1646,NM-A_PI9,SWER103,PI,19.0,99.5,CRITICAL,2026-03-27,2026-03-26,2026-03-27,1.1236914648037277
36092,NIMR-1660,NME_E1_6_PI_2109220030,SWER103,PI,23.0,99.5,CRITICAL,2026-03-27,2026-03-26,2026-03-27,1.117784838695461
30415,NIMR-1636,NM-A_PI6,SWER103,PI,18.0,99.5,CRITICAL,2026-03-27,2026-03-26,2026-03-27,1.1167760200667731
31483,NIMR-1650,NME_E1_9_PI_2109220030,SWER103,PI,16.0,99.5,CRITICAL,2026-03-27,2026-03-26,2026-03-27,1.1157418902492435
31479,NME_E1_3_PI_2109220030,NME_E1_3_PI_2109220030,SWER104,PI,15.0,99.5,CRITICAL,2026-03-27,2026-03-26,2026-03-27,1.114737011640577
31000,NIMR-1671,NME_E1_7_PI_2109220030,SWER103,PI,23.0,99.5,CRITICAL,2026-03-27,2026-03-26,2026-03-27,1.111931932629174
31474,NME_E6_16_PI_2109220030,NME_E6_16_PI_2109220030,SWER102,PI,19.0,99.5,CRITICAL,2026-03-27,2026-03-26,2026-03-27,1.1102911782012805
31477,NME_E6_19_PI_2109220030,NME_E6_19_PI_2109220030,SWER102,PI,19.0,99.5,CRITICAL,2026-03-27,2026-03-26,2026-03-27,1.1102911782012805
31470,NIMR-1621,NME_E6_13_PI_2109220030,SWER102,PI,20.0,99.5,CRITICAL,2026-03-27,2026-03-26,2026-03-27,1.1082631621512185
31471,NME_E6_12_PI_2109220030,NME_E6_12_PI_2109220030,SWER102,PI,20.0,99.5,CRITICAL,2026-03-27,2026-03-26,2026-03-27,1.1082631621512185
27129,NM-A_PI1,NM-A_PI1,SWER103,PI,23.0,99.5,CRITICAL,2026-03-27,2026-03-26,2026-03-27,1.1050495538227607
31473,NME_E6_15_PI_2109220030,NME_E6_15_PI_2109220030,SWER102,PI,19.0,99.5,CRITICAL,2026-03-27,2026-03-26,2026-03-27,1.104180468568206
31469,NIMR-1624,NME_E6_11_PI_2109220030,SWER102,PI,26.0,99.5,CRITICAL,2026-03-27,2026-03-26,2026-03-27,1.097218522892566
30993,NME_E1_1_PI_2109220030,NME_E1_1_PI_2109220030,SWER104,PI,20.0,99.5,CRITICAL,2026-03-27,2026-03-26,2026-03-27,1.0942631535393406
30418,NIMR-1666,NM-A_PI19,SWER137,PI,26.0,99.5,CRITICAL,2026-03-27,2026-03-26,2026-03-27,1.0777000756795376
31481,NME_E1_5_PI_2109220030,NME_E1_5_PI_2109220030,SWER104,PI,20.0,99.5,CRITICAL,2026-03-27,2026-03-26,2026-03-27,1.0744988731963878
27137,NIMR-1662,NM-A_PI18,SWER137,PI,23.0,99.5,CRITICAL,2026-03-26,2026-03-26,2026-03-26,1.065930121324437
31472,NME_E6_14_PI_2109220030,NME_E6_14_PI_2109220030,SWER102,PI,24.0,99.5,CRITICAL,2026-03-26,2026-03-26,2026-03-26,1.063644994269357
27133,NIMR-1678,NM-A_PI15,SWER137,PI,23.0,99.5,CRITICAL,2026-03-26,2026-03-25,2026-03-26,0.9825660881339952
33141,TUQAA-22,Nimr Non-Standard Well,SWER133,PCP,3.0,99.3,CRITICAL,2026-03-28,2026-03-28,2026-03-28,1.3064596719018193
31485,NIMR-1675,Nimr Flowline,SWER103,PI,24.0,99.3,CRITICAL,2026-03-27,2026-03-26,2026-03-27,1.0868186619253524
31488,NME_E1_12_PI_2109220030,Nimr Flowline,SWER103,PI,20.0,99.3,CRITICAL,2026-03-27,2026-03-26,2026-03-27,1.0720451681659795
28353,RAKID SOUTH_RKDS_2026_OP_LOC17,Nimr Flowline,SWER149,PCP,21.0,99.3,CRITICAL,2026-03-26,2026-03-26,2026-03-26,1.0661123543382345
25092,RAKID-236,Nimr Flowline,SWER149,PCP,13.0,99.3,CRITICAL,2026-03-25,2026-03-25,2026-03-25,0.8948367345728292
29390,RKDS_2026_WI_LOC8,Nimr Flowline,SWER149,WI,57.0,99.3,CRITICAL,2026-03-24,2026-03-24,2026-03-24,0.7786964985584861
30422,NIMR-1681,Nimr Flowline,SWER137,PI,11.0,99.2,CRITICAL,2026-03-28,2026-03-27,2026-03-28,1.2171806926904638
27132,NM-A_PI14,Nimr Flowline,SWER137,PI,17.0,99.2,CRITICAL,2026-03-27,2026-03-27,2026-03-27,1.1714672448772854
31484,NME_E1_10_PI_2109220030,Nimr Flowline,SWER103,PI,20.0,99.2,CRITICAL,2026-03-27,2026-03-27,2026-03-27,1.1377530574886547
31482,NIMR-1668,Nimr Flowline,SWER103,PI,18.0,99.2,CRITICAL,2026-03-27,2026-03-27,2026-03-27,1.1290242329210367
30416,NM-A_PI11,Nimr Flowline,SWER102,PI,24.0,99.2,CRITICAL,2026-03-27,2026-03-26,2026-03-27,1.1204121467715287
30419,NIMR-1669,Nimr Flowline,SWER137,PI,24.0,99.2,CRITICAL,2026-03-27,2026-03-26,2026-03-27,1.0999322765102086
30430,NIMR-1683,Nimr Flowline,SWER102,PI,21.0,99.2,CRITICAL,2026-03-27,2026-03-26,2026-03-27,1.0969350094050387
31475,NME_E6_17_PI_2109220030,Nimr Flowline,SWER102,PI,23.0,99.2,CRITICAL,2026-03-27,2026-03-26,2026-03-27,1.0877765490571893
31487,NIMR-1648,Nimr Flowline,SWER102,PI,27.0,99.2,CRITICAL,2026-03-26,2026-03-26,2026-03-26,1.0291975873768808
27131,NIMR-1673,Nimr Flowline,SWER137,PI,33.0,99.2,CRITICAL,2026-03-25,2026-03-25,2026-03-25,0.8596892249629533
33217,RKDS_2026_OP_LOC19,Nimr Flowline,SWER149,PCP,15.0,99.1,CRITICAL,2026-03-25,2026-03-25,2026-03-25,0.8782471797230932
29216,MDNE_200M_SE_OP9,MDNE_200M_SE_OP9,SWER128,PCP,85.0,99.1,CRITICAL,2026-03-22,2026-03-21,2026-03-22,0.37284900868065163
30356,NIMR-1693,Nimr Flowline,SWER104,PCP,85.0,99.1,CRITICAL,2026-03-20,2026-03-20,2026-03-20,0.15313508331824438
32258,MARMUL NW-62,Marmul Location,SWERIG98,UNKNOWN,85.0,99.0,CRITICAL,2026-03-22,2026-03-22,2026-03-22,0.43334943501117695
32588,THAMOUD-100,Marmul Location,SWER129,PCP,85.0,98.9,CRITICAL,2026-03-24,2026-03-24,2026-03-24,0.705460451302651
28860,TM_W_WI15,TM_W_WI15,SWER129,WI,85.0,98.9,CRITICAL,2026-03-24,2026-03-23,2026-03-24,0.6901751811831747
36108,AMIN-573,Nimr Location,SWER102,BP,85.0,98.9,CRITICAL,2026-03-21,2026-03-21,2026-03-21,0.27741026584719064
33095,ZUMURRUD-17,ZUMURRUD_ZMD_LG1_INFILL_OP3,SWER128,ESP,95.0,98.9,CRITICAL,2026-03-20,2026-03-20,2026-03-20,0.14007601196927738
37624,RA_LG.2_OP_117,Marmul Flowline,SWER128,PCP,85.0,98.8,CRITICAL,2026-03-25,2026-03-24,2026-03-25,0.7917497553270113
27365,AMIN-580,Nimr Flowline,SWER103,ESP,85.0,98.8,CRITICAL,2026-03-23,2026-03-22,2026-03-23,0.5395720688263448
30314,NIMR-1689,NMR A_6515383_WSW_2,SWER102,WSW,85.0,98.8,CRITICAL,2026-03-22,2026-03-22,2026-03-22,0.43165857548461906
32590,THAMOUD-101,Marmul Flowline,SWER129,PCP,85.0,98.8,CRITICAL,2026-03-22,2026-03-21,2026-03-22,0.39369907891671685
30427,NMR A_6515383_WSW_1,NMR A_6515383_WSW_1,SWER102,WSW,95.0,98.8,CRITICAL,2026-03-20,2026-03-20,2026-03-20,0.13659114989813706
37625,RAHAB-252,Marmul Location,SWER128,PCP,85.0,98.7,CRITICAL,2026-03-23,2026-03-22,2026-03-23,0.5003008010355077
30886,NIMR-1682,NIMR A NM-211 REPLACEMENTS,SWERIG82,PCP,100.0,98.7,CRITICAL,2026-03-21,2026-03-21,2026-03-21,0.29904610274972815
32429,MARMUL-1682,Marmul Flowline,SWER127,PCP,90.0,98.6,CRITICAL,2026-03-22,2026-03-22,2026-03-22,0.46323591809797904
35231,SAQR-27,Nimr Flowline,SWER137,BP,85.0,98.6,CRITICAL,2026-03-22,2026-03-21,2026-03-22,0.35843923011533524
36125,NIMR-1685,Nimr Flowline,SWER104,PCP,95.0,98.6,CRITICAL,2026-03-20,2026-03-19,2026-03-20,0.12538219853350926
36494,SAQR-25,Nimr Flowline,SWER137,OP,85.0,98.5,CRITICAL,2026-03-21,2026-03-21,2026-03-21,0.3351095964756816
35797,SAQR_OP_25_LOC3,Nimr Flowline,SWER137,OP,95.0,98.5,CRITICAL,2026-03-20,2026-03-19,2026-03-20,0.11986160020365876
30750,ALBRG_1405250004_WI2,Nimr Location,SWER101,WI,85.0,98.3,CRITICAL,2026-03-23,2026-03-22,2026-03-23,0.5393010511920863
32361,MARMUL NW-63,Marmul Location,SWERIG98,UNKNOWN,85.0,98.3,CRITICAL,2026-03-20,2026-03-20,2026-03-20,0.148395504101811
36093,NIMR-1688,Nimr Flowline,SWER103,PCP,39.0,98.2,CRITICAL,2026-03-21,2026-03-21,2026-03-21,0.3024173266487469
31377,AMIN-576,Nimr Location,SWER102,ESP,84.0,98.1,CRITICAL,2026-03-24,2026-03-24,2026-03-24,0.765929245193224
33145,RAKDS_B_WI_LOC2,Nimr Location,SWER133,WI,85.0,98.1,CRITICAL,2026-03-22,2026-03-22,2026-03-22,0.483896303438184
32430,MARMUL-1673,Marmul Flowline,SWER127,PCP,85.0,98.1,CRITICAL,2026-03-22,2026-03-21,2026-03-22,0.35812982834813034
28340,MMAK_P1_AREA1_OP_3,Marmul Flowline,SWER127,PCP,100.0,98.1,CRITICAL,2026-03-20,2026-03-19,2026-03-20,0.07802300786479187
31010,NME_E1_15_OP,Nimr Flowline,SWER103,PI,85.0,98.0,CRITICAL,2026-03-22,2026-03-21,2026-03-22,0.3925250374017543
31733,NIMR-1687,NIMR A NM-212 REPLACEMENTS,SWERIG82,PCP,84.0,97.8,CRITICAL,2026-03-22,2026-03-22,2026-03-22,0.4480511673927902
30853,AMIN_25869179_OP9,Nimr Location,SWER103,ESP,82.0,97.6,CRITICAL,2026-03-24,2026-03-24,2026-03-24,0.7174304656170537
36109,AMIN-574,Nimr Location,SWER102,ESP,83.0,97.6,CRITICAL,2026-03-23,2026-03-23,2026-03-23,0.5634024221006013
30854,AMIN_25869179_OP10,Nimr Flowline,SWER103,ESP,82.0,97.5,CRITICAL,2026-03-24,2026-03-24,2026-03-24,0.7342078693651366
30355,NIMR-1692,Nimr Flowline,SWER104,PCP,9.0,97.1,CRITICAL,2026-03-24,2026-03-23,2026-03-24,0.6702982243095004
30749,AL BURJ-275,Nimr Location,SWER101,WI,61.0,96.9,CRITICAL,2026-03-23,2026-03-22,2026-03-23,0.5300103622582897
36073,AMIN_1673188_OP19,Nimr Flowline,SWER103,ESP,18.0,96.7,CRITICAL,2026-03-23,2026-03-22,2026-03-23,0.5153920929395991
37603,AL BURJ-279,Nimr Flowline,SWER102,OP,41.0,96.7,CRITICAL,2026-03-22,2026-03-22,2026-03-22,0.483075270516842
31830,NIMR-1684,Nimr Flowline,SWER103,PCP,38.0,96.7,CRITICAL,2026-03-21,2026-03-21,2026-03-21,0.31669479189358574
35495,QATA-192,Marmul Flowline,SWER126,PCP,85.0,96.6,CRITICAL,2026-03-23,2026-03-23,2026-03-23,0.6310152714489847
36341,RAKDS_EF_2026_OP_LOC1,RAKDS_EF_2026_OP_LOC1,SWERIG81,PCP,79.0,96.6,CRITICAL,2026-03-23,2026-03-22,2026-03-23,0.5267155445334524
31138,MDSW_EF_26_LOC1,Marmul Location,SWER133,BP,84.0,96.5,CRITICAL,2026-03-22,2026-03-21,2026-03-22,0.3593141085127456
31382,AMIN-579,Nimr Location,SWER103,ESP,50.0,96.2,CRITICAL,2026-03-22,2026-03-21,2026-03-22,0.4030059214231607
28840,THAMOUD-102,Marmul Location,SWER129,WI,85.0,96.1,CRITICAL,2026-03-22,2026-03-22,2026-03-22,0.4742875807017256
36072,AMIN-578,Nimr Flowline,SWER102,ESP,59.0,95.9,CRITICAL,2026-03-23,2026-03-23,2026-03-23,0.5650749474372063
33151,TUQAA-23,Nimr Location,SWERIG81,PCP,12.0,95.8,CRITICAL,2026-03-23,2026-03-23,2026-03-23,0.6340961677994876
33143,RAKDS_B_OP_LOC38,Nimr Location,SWER137,PCP,57.0,95.7,CRITICAL,2026-03-23,2026-03-22,2026-03-23,0.511037384804788
36735,SAQRW_OP_26_LOC1,Nimr Location,SWER137,OP,10.0,95.4,CRITICAL,2026-03-23,2026-03-22,2026-03-23,0.5287259558877513
37616,RAHAB-253,Marmul Flowline,SWER128,PCP,85.0,95.4,CRITICAL,2026-03-20,2026-03-19,2026-03-20,0.10298590908955663
36124,NIMR-1690,Nimr Flowline,SWER103,PCP,20.0,95.3,CRITICAL,2026-03-23,2026-03-23,2026-03-23,0.5956027580386575
32608,RAHAB SW-21,Marmul Location,SWERIG81,PCP,85.0,95.3,CRITICAL,2026-03-20,2026-03-19,2026-03-20,0.08534271475659619
31491,NIMR-1691,Nimr Flowline,SWER104,BP,7.0,94.9,CRITICAL,2026-03-23,2026-03-23,2026-03-23,0.5563526551393114
31243,AL BURJ-277,Nimr Flowline,SWER101,WI,49.0,94.6,CRITICAL,2026-03-23,2026-03-22,2026-03-23,0.5461694115670817
31340,ALBRG_1405250004_WI4,Nimr Flowline,SWER101,WI,56.0,94.6,CRITICAL,2026-03-22,2026-03-22,2026-03-22,0.4135708590975615
36343,RAKDS_EF_2026_OP_LOC2,Nimr Location,SWERIG81,PCP,62.0,94.5,CRITICAL,2026-03-23,2026-03-22,2026-03-23,0.5335980330233009
29012,30-MMHE_FURTHERDEVT_NCCR_OP2,Marmul Location,SWER127,PCP,85.0,94.0,CRITICAL,2026-03-20,2026-03-20,2026-03-20,0.13535693996115536
33241,RAKDS_B_WI_LOC1,Nimr Location,SWER133,WI,53.0,93.8,CRITICAL,2026-03-23,2026-03-23,2026-03-23,0.5897164180752466
36751,RKDS_2026_OP_LOC20,Nimr Flowline,SWER149,PCP,18.0,93.7,CRITICAL,2026-03-26,2026-03-25,2026-03-26,0.934003373974191
36345,SAQR_OP_26_LOC5,Nimr Flowline,SWER137,OP,43.0,93.4,CRITICAL,2026-03-22,2026-03-21,2026-03-22,0.37436766883542977
10207,RKDS_2026_OP_LOC18,Nimr Flowline,SWER149,PCP,8.0,92.7,CRITICAL,2026-03-25,2026-03-25,2026-03-25,0.8801689644731716
29389,RKDS_2026_OP_LOC15,Nimr Flowline,SWER149,PCP,14.0,92.7,CRITICAL,2026-03-25,2026-03-24,2026-03-25,0.8228118171293581
36752,RKDS_2026_OP_LOC21,Nimr Flowline,SWER149,PCP,7.0,92.3,CRITICAL,2026-03-27,2026-03-27,2026-03-27,1.158801980183504
37604,AL BURJ-281,Nimr Flowline,SWER102,OP,60.0,92.2,CRITICAL,2026-03-20,2026-03-20,2026-03-20,0.1815512906112204
37225,RAKID-238,Nimr Flowline,SWER149,PCP,14.0,91.2,CRITICAL,2026-03-24,2026-03-24,2026-03-24,0.7836782335756882
35492,QATA-194,Marmul Flowline,SWER126,PCP,72.0,89.3,CRITICAL,2026-03-20,2026-03-19,2026-03-20,0.07363842384028145
29395,RKDS_2026_OP_LOC13,Nimr Flowline,SWER149,PCP,9.0,88.8,CRITICAL,2026-03-25,2026-03-25,2026-03-25,0.8532798692400319
29396,RKDS_2026_OP_LOC14,Nimr Flowline,SWER149,PCP,10.0,88.8,CRITICAL,2026-03-24,2026-03-24,2026-03-24,0.771218454724985
25115,RASW_GH_WI_LOC5,Marmul Location,SWERIG81,UNKNOWN,0.0,88.6,HIGH_RISK,2026-04-08,2026-04-07,2026-04-08,2.7865233329522523
32609,RAHAB SW-22,Marmul Flowline,SWERIG81,PCP,72.0,88.2,HIGH_RISK,2026-03-20,2026-03-19,2026-03-20,0.12436177231015634
32449,QATA-193,Marmul Flowline,SWER126,WI,79.0,88.0,HIGH_RISK,2026-03-24,2026-03-23,2026-03-24,0.6590565312316148
10239,RKDS_2026_WI_LOC6,Nimr Flowline,SWER149,WI,2.0,87.6,HIGH_RISK,2026-04-04,2026-04-04,2026-04-04,2.351808016829226
37238,RKDS_2026_WI_LOC5,Nimr Flowline,SWER149,WI,0.0,87.6,HIGH_RISK,2026-04-04,2026-04-04,2026-04-04,2.3292681458884537
36755,RAKDS_APP_LOC3,Nimr Flowline,SWER149,PCP,0.0,87.2,HIGH_RISK,2026-04-03,2026-04-03,2026-04-03,2.1778183826328537
37236,RKDS_2026_WI_LOC3,Nimr Flowline,SWER149,WI,0.0,86.4,HIGH_RISK,2026-03-28,2026-03-28,2026-03-28,1.2767469756716758
31210,RKDS_2026_WI_LOC7,Nimr Flowline,SWER149,WI,2.0,85.8,HIGH_RISK,2026-04-04,2026-04-04,2026-04-04,2.3393134944115803
37695,RASW_AK_OP_LOC1,Marmul Location,SWERIG81,PCP,20.0,85.4,HIGH_RISK,2026-04-07,2026-04-07,2026-04-07,2.73173302230357
37237,RKDS_2026_WI_LOC4,Nimr Flowline,SWER149,WI,0.0,85.3,HIGH_RISK,2026-04-04,2026-04-04,2026-04-04,2.3460414782321255
28820,MMNW-B6-2PUD-OP-01,Marmul Location,SWER128,UNKNOWN,0.0,79.8,HIGH_RISK,2026-04-10,2026-04-10,2026-04-10,3.1817868348304756
37477,QAH_EXTENDED_BETA_HAIMA_OP1,Marmul Location,SWER126,ESP,0.0,79.8,HIGH_RISK,2026-04-06,2026-04-05,2026-04-06,2.520114535110096
33061,SAQR_WI_25_LOC1,Nimr Flowline,SWER149,WI,0.0,79.3,HIGH_RISK,2026-04-04,2026-04-04,2026-04-04,2.3126854954318548
35670,MMAK_P1_AREA1_WI_1,Marmul Location,SWER127,PCP,14.0,78.1,HIGH_RISK,2026-04-05,2026-04-04,2026-04-05,2.4067564255208937
36754,RAKDS_APP_LOC2,Nimr Location,SWER137,PCP,8.0,77.2,HIGH_RISK,2026-04-05,2026-04-05,2026-04-05,2.4640484079571
37607,KMW_AK_APP2,Nimr Location,SWER103,PCP,14.0,77.0,HIGH_RISK,2026-04-05,2026-04-05,2026-04-05,2.481887247202362
33140,MISBAH_LG3_OP_LOC4,Nimr Flowline,SWER149,PCP,0.0,75.5,HIGH_RISK,2026-03-28,2026-03-27,2026-03-28,1.21545618027266
29198,XXHSAK-95U_HZ_500M_18,Marmul Flowline,SWER129,UNKNOWN,0.0,74.3,HIGH_RISK,2026-04-08,2026-04-08,2026-04-08,2.9221505194856237
33240,MISBAH_LG3_OP_LOC6,Nimr Flowline,SWER149,PCP,0.0,73.6,HIGH_RISK,2026-04-01,2026-03-31,2026-04-01,1.8246778771435963
29029,MM-AK-P9-INFILL-OP-67,Marmul Location,SWER127,PCP,10.0,71.3,HIGH_RISK,2026-04-06,2026-04-06,2026-04-06,2.5822579973176856
33785,MMNW-B7-2PUD-OP-01,Marmul Location,SWER127,PCP,10.0,71.2,HIGH_RISK,2026-04-06,2026-04-06,2026-04-06,2.602119472226356
34568,NIMRB_1609240004_OP5,Nimr Location,SWER102,PCP,0.0,70.7,HIGH_RISK,2026-04-07,2026-04-07,2026-04-07,2.7207421534450074
34566,NIMRB_1609240004_OP4,Nimr Location,SWER102,PCP,0.0,70.7,HIGH_RISK,2026-04-07,2026-04-07,2026-04-07,2.711954166496431
31735,GROWTH NMA-IRS_1,Nimr Location,SWER103,PCP,0.0,69.9,HIGH_RISK,2026-04-05,2026-04-05,2026-04-05,2.446644309456529
31486,BRNW EXT 6,BRNW EXT 6,SWERIG75,PI,19.0,69.7,HIGH_RISK,2026-04-07,2026-04-07,2026-04-07,2.7340415022698217
35489,ZMD_LG2_NORTH FLANK_OP2,Marmul Location,SWER128,ESP,10.0,69.6,HIGH_RISK,2026-04-11,2026-04-10,2026-04-11,3.232048862196266
32559,MM_GNR_LG1_DB_OP_2,Marmul Flowline,SWER126,ESP,40.0,69.5,HIGH_RISK,2026-04-02,2026-04-01,2026-04-02,1.9794380707616488
30423,NM-A_PI23,Nimr Flowline,SWER104,PI,13.0,69.1,HIGH_RISK,2026-04-08,2026-04-07,2026-04-08,2.8288416708651796
29010,23_MMHE_WF_PHASE2_PREDG1_OP_1,Marmul Flowline,SWER127,PCP,25.0,68.0,HIGH_RISK,2026-04-05,2026-04-05,2026-04-05,2.4791940323895987
36066,NME_E804_APR1,Nimr Location,SWER104,PCP,0.0,67.6,HIGH_RISK,2026-04-05,2026-04-04,2026-04-05,2.4057070153151727
33092,HSAK-95U_HZ_500M_13,Marmul Flowline,SWER126,UNKNOWN,0.0,67.0,HIGH_RISK,2026-04-11,2026-04-11,2026-04-11,3.3444370790225655
33135,WAHA_GH_WI_LOC1,Nimr Location,SWER133,WI,29.0,67.0,HIGH_RISK,2026-04-04,2026-04-04,2026-04-04,2.306299114868435
27134,NM-A_PI16,Nimr Flowline,SWER104,PI,7.0,66.5,HIGH_RISK,2026-04-05,2026-04-05,2026-04-05,2.450600969958478
37621,TL_N2_AK_CR_OP_07',Marmul Location,SWER128,UNKNOWN,0.0,66.0,HIGH_RISK,2026-04-07,2026-04-06,2026-04-07,2.6900206143305114
36578,THULAILAT_NE_OP_26_LOC3,Marmul Flowline,SWER133,BP,57.0,66.0,HIGH_RISK,2026-03-25,2026-03-24,2026-03-25,0.8351262499816658
36065,NIMRE_2409200041_OP1,Nimr Location,SWER104,PCP,0.0,65.9,HIGH_RISK,2026-04-03,2026-04-03,2026-04-03,2.214227193023304
31008,NME_E1_13_PI_2109220030,Nimr Flowline,SWER103,PI,28.0,65.4,HIGH_RISK,2026-04-09,2026-04-09,2026-04-09,3.0377515861546738
29037,23_MMHE_WF_PHASE2_PREDG1_OP_2,Marmul Flowline,SWER127,PCP,26.0,65.1,WATCH,2026-03-23,2026-03-23,2026-03-23,0.6419780962142665
32517,MM-AK-P9-INFILL-OP-78,Marmul Location,SWER127,PCP,10.0,64.6,WATCH,2026-04-06,2026-04-06,2026-04-06,2.621990361390331
29119,MM-AK-P9-INFILL-WI-120,Marmul Location,SWER127,WI,10.0,64.1,WATCH,2026-04-08,2026-04-08,2026-04-08,2.858474818408778
29120,MM-AK-P9-INFILL-WI-84,Marmul Location,SWER127,WI,10.0,64.1,WATCH,2026-04-08,2026-04-08,2026-04-08,2.858474818408778
32561,MM_GNR_LG1_BB_OP_3 B,Marmul Flowline,SWER126,ESP,30.0,64.0,WATCH,2026-04-03,2026-04-03,2026-04-03,2.2093802026514657
33244,QATA_SOUTH_EF_2026_LOC1,Marmul Location,SWER133,WI,28.0,63.6,WATCH,2026-03-30,2026-03-29,2026-03-30,1.5336041528479871
32565,MM-AK-P9-INFILL-OP-68,Marmul Location,SWER127,PCP,10.0,63.5,WATCH,2026-04-07,2026-04-06,2026-04-07,2.6649280958267103
32566,MM-AK-P9-INFILL-OP-65,Marmul Location,SWER127,PCP,10.0,63.5,WATCH,2026-04-07,2026-04-06,2026-04-07,2.6649280958267103
29031,MM-AK-P9-INFILL-OP-70,Marmul Location,SWER127,PCP,10.0,63.5,WATCH,2026-04-06,2026-04-06,2026-04-06,2.6207887527887843
32516,MM-AK-P9-INFILL-OP-64,Marmul Location,SWER127,PCP,10.0,63.5,WATCH,2026-04-06,2026-04-06,2026-04-06,2.6207887527887843
32567,MM-AK-P9-INFILL-OP-66,Marmul Location,SWER127,PCP,10.0,63.5,WATCH,2026-04-06,2026-04-06,2026-04-06,2.6207887527887843
35673,MMNW-B4&10-INFILL-OP-03,Marmul Location,SWER126,UNKNOWN,0.0,62.9,WATCH,2026-04-11,2026-04-10,2026-04-11,3.225892117486743
31489,NME_E1_14_PI_2109220030,Nimr Flowline,SWER103,PI,28.0,62.1,WATCH,2026-04-09,2026-04-09,2026-04-09,3.018621168680662
29107,RA-USI-205,Marmul Location,SWER129,UNKNOWN,0.0,59.8,WATCH,2026-04-10,2026-04-09,2026-04-10,3.1049692612707256
35488,ZMD_LG2_NORTH FLANK_OP1,Marmul Location,SWER128,ESP,10.0,59.7,WATCH,2026-04-10,2026-04-10,2026-04-10,3.1975106623845297
35487,ZMD_LG1_SOUTH FLANK_OP6,Marmul Location,SWER128,ESP,10.0,59.7,WATCH,2026-04-10,2026-04-09,2026-04-10,3.1186120444443572
34422,AL BURJ_26_MC_OP2,Nimr Location,SWER101,ESP,63.0,59.3,WATCH,2026-03-22,2026-03-22,2026-03-22,0.45188451666598417
33761,RASW_AK5U_400M_OP_LOC1,Marmul Flowline,SWER133,UNKNOWN,0.0,56.8,WATCH,2026-04-05,2026-04-05,2026-04-05,2.417968402323586
30759,ALBRG_1405250004_OP5,Nimr Flowline,SWER101,OP,30.0,56.4,WATCH,2026-04-08,2026-04-08,2026-04-08,2.8593947918115132
32428,DB_I9_SPOT_EXP_CR_OP5,Marmul Flowline,SWER127,UNKNOWN,0.0,56.2,WATCH,2026-04-09,2026-04-08,2026-04-09,2.9592491001572063
36925,IHSN_2502190007_APP3,Nimr Flowline,SWER102,PCP,63.0,55.6,WATCH,2026-04-02,2026-04-02,2026-04-02,1.9871581640721097
35534,TME_NB_I9_OP_6_CREST,Marmul Flowline,SWER129,PCP,0.0,55.3,WATCH,2026-04-06,2026-04-06,2026-04-06,2.605053478304773
33132,WAHA_IRAD_WI_LOC3,Nimr Flowline,SWER133,WI,44.0,54.8,WATCH,2026-04-06,2026-04-06,2026-04-06,2.5916930448789586
35847,QAHARIR_QAH_2PUD_AK_OP3,Marmul Location,SWER126,UNKNOWN,0.0,54.7,WATCH,2026-04-11,2026-04-10,2026-04-11,3.225892117486743
27128,NM-A_PI2,NM-A_PI2,SWER104,UNKNOWN,19.0,54.4,WATCH,2026-04-09,2026-04-08,2026-04-09,2.9715031476283196
35486,ZMD_LG1_SOUTH FLANK_OP2,Marmul Location,SWER128,ESP,18.0,54.1,WATCH,2026-04-06,2026-04-06,2026-04-06,2.5889315518230984
35592,TME_NB_I9_OP_1_FLANK,Marmul Flowline,SWER129,PCP,10.0,53.2,WATCH,2026-04-08,2026-04-07,2026-04-08,2.811156157444401
35494,I5_2_OP_147,Marmul Flowline,SWER126,PCP,61.0,52.7,WATCH,2026-03-27,2026-03-26,2026-03-27,1.0964181788597451
27150,NIMRE_6368431_OP1,Nimr Flowline,SWER104,PCP,3.0,52.2,WATCH,2026-04-04,2026-04-03,2026-04-04,2.2349767089777206
31722,NIMRG_1409230007_P23,NIMRG_1409230007_P23,SWER101,UNKNOWN,0.0,52.1,WATCH,2026-04-09,2026-04-09,2026-04-09,3.0505051543683206
35846,QAHARIR_QAH_2PUD_AK_OP4,Marmul Flowline,SWER126,UNKNOWN,10.0,51.2,WATCH,2026-04-09,2026-04-09,2026-04-09,3.057140847212386
31083,NIMRE_2309210072_OP2,NIMRE_2309210072_OP2,SWER104,PCP,3.0,51.0,WATCH,2026-04-04,2026-04-03,2026-04-04,2.246505179711259
31478,NME_E1_2_PI_2109220030,NME_E1_2_PI_2109220030,SWER103,PI,0.0,50.3,WATCH,2026-04-09,2026-04-08,2026-04-09,2.957483166890336
27130,NM-A_PI26,NM-A_PI26,SWER104,PI,0.0,50.3,WATCH,2026-04-08,2026-04-08,2026-04-08,2.844753891798882
27139,NM-A_PI10,NM-A_PI10,SWER104,PI,0.0,50.3,WATCH,2026-04-08,2026-04-08,2026-04-08,2.844753891798882
30421,NM-A_PI21,NM-A_PI21,SWER104,PI,0.0,50.3,WATCH,2026-04-08,2026-04-08,2026-04-08,2.844753891798882
30424,NM-A_PI24,NM-A_PI24,SWER104,PI,0.0,50.3,WATCH,2026-04-08,2026-04-08,2026-04-08,2.844753891798882
30425,NM-A_PI25,NM-A_PI25,SWER104,PI,0.0,50.3,WATCH,2026-04-08,2026-04-08,2026-04-08,2.844753891798882
28793,30-MMHE_FURTHERDEVT_NCCR_OP1,Marmul Flowline,SWER127,PCP,26.0,49.7,WATCH,2026-03-30,2026-03-29,2026-03-30,1.5545705737170068
31337,ALBRG_1405250004_OP7,Nimr Flowline,SWER101,OP,0.0,49.0,WATCH,2026-04-12,2026-04-12,2026-04-12,3.465296306462964
31338,ALBRG_1405250004_OP8,Nimr Flowline,SWER101,OP,0.0,48.9,WATCH,2026-04-12,2026-04-12,2026-04-12,3.4842871152793027
34561,NIMRB_1609240004_OP6,Nimr Location,SWER102,PCP,0.0,48.3,WATCH,2026-04-07,2026-04-07,2026-04-07,2.7790435655599985
31082,NIMRE_2309210072_OP1,Nimr Location,SWER104,PCP,8.0,48.1,WATCH,2026-03-27,2026-03-27,2026-03-27,1.207839586222046
31247,ALBRG_1405250004_OP6,Nimr Flowline,SWER101,OP,11.0,48.0,WATCH,2026-04-13,2026-04-12,2026-04-13,3.543495849420852
33093,TM_WEST_I9_200M_OP_13,Marmul Flowline,SWER126,UNKNOWN,0.0,47.9,WATCH,2026-04-11,2026-04-10,2026-04-11,3.2593275165511773
33137,WAHA_IRAD_WI_LOC8,Nimr Flowline,SWER137,No Artificial Lift,45.0,46.7,WATCH,2026-04-09,2026-04-08,2026-04-09,2.9658637145333637
34565,NIMRB_1609240004_OP3,Nimr Location,SWER102,PCP,10.0,46.3,WATCH,2026-04-07,2026-04-07,2026-04-07,2.75630236741374
36034,TME_AK_HZ_OP_2,Marmul Flowline,SWER129,PCP,0.0,45.7,WATCH,2026-04-07,2026-04-06,2026-04-07,2.6459275111086176
37606,KMW_AK_APP1,Nimr Location,SWER103,PCP,49.0,43.4,WATCH,2026-03-28,2026-03-28,2026-03-28,1.2904082789805424
32560,MM_GNR_LG2_AB_OP_4,Marmul Flowline,SWER126,ESP,48.0,42.6,WATCH,2026-04-05,2026-04-04,2026-04-05,2.406037007764354
29191,MM_GNR_LG2_AB_OP_2,Marmul Location,SWER126,ESP,52.0,42.6,WATCH,2026-04-04,2026-04-04,2026-04-04,2.3440267335393488
35842,TME_AK_HZ_WI_1,Marmul Flowline,SWER128,WI,0.0,42.3,WATCH,2026-04-11,2026-04-10,2026-04-11,3.2594344554150645
33774,RA_LG.2_WI_134,Marmul Location,SWER129,UNKNOWN,0.0,41.9,WATCH,2026-04-10,2026-04-10,2026-04-10,3.1345745694391436
25029,DB_I5_SPOT_EXP_UND_WI1,Marmul Flowline,SWER126,UNKNOWN,0.0,40.8,WATCH,2026-04-10,2026-04-10,2026-04-10,3.2097585205144954
28990,DB_I5_SPOT_EXP_UND_WI9,Marmul Flowline,SWER126,UNKNOWN,0.0,40.8,WATCH,2026-04-10,2026-04-10,2026-04-10,3.2097585205144954
35493,HSAK-95U_HZ_500M_18,Marmul Flowline,SWER126,PCP,70.0,38.6,WATCH,2026-03-23,2026-03-22,2026-03-23,0.5452800130145902
29224,MDNE_200M_APP_SW_OP1,Marmul Flowline,SWER128,PCP,0.0,38.0,WATCH,2026-04-10,2026-04-09,2026-04-10,3.12526343252968
35671,TM_WEST_AK_DEV_OP_2,Marmul Flowline,SWER128,PCP,0.0,34.0,WATCH,2026-04-09,2026-04-09,2026-04-09,3.0534556757263553
33766,TME_AK_HZ_OP_3,Marmul Location,SWER128,PCP,0.0,34.0,WATCH,2026-04-09,2026-04-09,2026-04-09,3.026247314471828
32563,MDNE_LG2_HZ_APP_OP1,Marmul Flowline,SWER128,PCP,0.0,33.5,WATCH,2026-04-09,2026-04-09,2026-04-09,3.0136267881003227
31827,KHALEEL EAST_GHARIF_APP,KHALEEL EAST_GHARIF_APP,SWER103,PCP,0.0,33.5,WATCH,2026-04-06,2026-04-05,2026-04-06,2.5398232207987235
37619,RA_LG.2_WI_126,Marmul Flowline,SWER128,WI,0.0,33.3,WATCH,2026-04-11,2026-04-10,2026-04-11,3.2568591267640445
35500,MDNE_200M_SE_OP2,Marmul Flowline,SWER129,PCP,61.0,27.5,WATCH,2026-03-28,2026-03-27,2026-03-28,1.232404261885739
37620,TL_SB_AK_CR_OP_01',Marmul Flowline,SWER128,PCP,63.0,27.4,HEALTHY,2026-03-21,2026-03-21,2026-03-21,0.34824546572766824
24665,ALBRG_1405250004_OP4,Nimr Location,SWER101,OP,30.0,26.1,HEALTHY,2026-04-08,2026-04-07,2026-04-08,2.8184176898961617
34357,ALBRG_1405250004_OP3,Nimr Flowline,SWER101,OP,4.0,22.8,HEALTHY,2026-03-29,2026-03-29,2026-03-29,1.4244995155570468
33154,THULAILAT_NE_OP_26_LOC1,Marmul Flowline,SWER133,BP,78.0,20.9,HEALTHY,2026-03-20,2026-03-20,2026-03-20,0.1760260803600702
33127,QAHARIR EAST_WI_23_LOC1,Marmul Flowline,SWER133,WI,66.0,19.3,HEALTHY,2026-03-30,2026-03-30,2026-03-30,1.5949636521708435
34421,NIMRE_1509220020_OP2,Nimr Location,SWER104,PCP,83.0,19.0,HEALTHY,2026-03-20,2026-03-20,2026-03-20,0.1557366615821194
23552,RASW_GH_WI_LOC4,Marmul Flowline,SWERIG81,WI,61.0,18.1,HEALTHY,2026-03-28,2026-03-28,2026-03-28,1.341494223061008
33153,TUQAA_PH1_OP_LOC12,Nimr Location,SWERIG81,PCP,2.0,18.0,HEALTHY,2026-04-07,2026-04-07,2026-04-07,2.7734810720817986
33760,RASW_GH_WI_LOC2,Marmul Flowline,SWERIG81,WI,75.0,18.0,HEALTHY,2026-03-21,2026-03-20,2026-03-21,0.2683633720615597
37797,AL BURJ_26_MC_OP3,Nimr Location,SWER101,ESP,59.0,17.1,HEALTHY,2026-03-27,2026-03-26,2026-03-27,1.1167009870162112
34424,NIMR-1694,Nimr Flowline,SWER104,PCP,85.0,16.6,HEALTHY,2026-03-20,2026-03-20,2026-03-20,0.1366612753364811
29013,30-MMHE_FURTHERDEVT_NCCR_OP3,Marmul Flowline,SWER127,PCP,62.0,16.1,HEALTHY,2026-03-20,2026-03-20,2026-03-20,0.1415228140648262
35608,MDNE_200M_SE_OP6,Marmul Flowline,SWER129,PCP,64.0,14.0,HEALTHY,2026-03-24,2026-03-23,2026-03-24,0.6619441112239182
33128,QAHARIR EAST_WI_23_LOC2,Marmul Location,SWER133,WI,76.0,13.7,HEALTHY,2026-03-26,2026-03-25,2026-03-26,0.9641883207403754
36064,NMR A_6515383_WSW_4,Nimr Location,SWER104,WSW,63.0,13.4,HEALTHY,2026-04-06,2026-04-05,2026-04-06,2.517572976050488
37622,TL_SB_AK_CR_OP_02',Marmul Location,SWER128,PCP,52.0,12.9,HEALTHY,2026-03-28,2026-03-27,2026-03-28,1.2374347113799855
36513,SAQRW_OP_28_LOC7,Nimr Location,SWER137,BP,51.0,12.6,HEALTHY,2026-04-03,2026-04-02,2026-04-03,2.08089092078888
36106,AMIN_1673188_OP31,Nimr Flowline,SWER103,ESP,13.0,12.6,HEALTHY,2026-03-22,2026-03-22,2026-03-22,0.4681222312962833
29008,MDNE_200M_SE_OP1,Marmul Location,SWER129,PCP,71.0,11.4,HEALTHY,2026-03-29,2026-03-29,2026-03-29,1.4895421915504161
34356,ALBRG_1405250004_OP2,Nimr Location,SWER101,OP,14.0,10.7,HEALTHY,2026-03-22,2026-03-22,2026-03-22,0.47183005534451694
35607,MDNE_200M_SE_OP5,Marmul Location,SWER129,PCP,62.0,9.8,HEALTHY,2026-03-21,2026-03-21,2026-03-21,0.33195499069554846
37617,RAHAB-254,Marmul Flowline,SWER128,PCP,73.0,9.6,HEALTHY,2026-03-19,2026-03-19,2026-03-19,0.027868136687444242
36926,IHSN_2502190007_APP2,Nimr Flowline,SWER102,PCP,63.0,9.4,HEALTHY,2026-04-01,2026-03-31,2026-04-01,1.831225981001288
36927,IHSN_2502190007_APP1,Nimr Flowline,SWER102,PCP,63.0,8.7,HEALTHY,2026-03-26,2026-03-26,2026-03-26,1.0649698012697508
32610,RAHAB SOUTH WEST_RASW_GH_WI_LO,Marmul Location,SWERIG81,WI,84.0,7.8,HEALTHY,2026-03-21,2026-03-20,2026-03-21,0.2608897459601975
36753,RAKDS_APP_LOC1,Nimr Flowline,SWER137,PCP,0.0,6.3,HEALTHY,2026-03-29,2026-03-29,2026-03-29,1.4716945285184027
36737,SAQRW_OP_26_LOC3,Nimr Location,SWER137,OP,6.0,4.3,HEALTHY,2026-03-23,2026-03-23,2026-03-23,0.5891013965365124
36738,SAQRW_OP_27_LOC1,Nimr Flowline,SWER137,OP,81.0,3.9,HEALTHY,2026-03-20,2026-03-20,2026-03-20,0.19711268483601654
33152,TUQAA_PH1_OP_LOC11,Nimr Location,SWERIG81,PCP,85.0,3.0,HEALTHY,2026-03-24,2026-03-24,2026-03-24,0.7306790991288197
31339,AL BURJ-280,Nimr Flowline,SWER101,OP,23.0,2.7,HEALTHY,2026-03-22,2026-03-21,2026-03-22,0.4005765026078886
37605,ALBRG_1405250004_OP15,Nimr Flowline,SWER102,OP,83.0,2.5,HEALTHY,2026-03-20,2026-03-19,2026-03-20,0.10336669168774502
35572,MDNE_200M_SE_OP8,Marmul Location,SWER129,PCP,80.0,1.7,HEALTHY,2026-03-19,2026-03-19,2026-03-19,0.0694497158388237
36074,AMIN_AN_CS_6,Nimr Flowline,SWER103,ESP,14.0,1.6,HEALTHY,2026-03-23,2026-03-23,2026-03-23,0.5568468175809514
30429,NMR A_6515383_WSW_3,Nimr Location,SWER104,WSW,65.0,1.4,HEALTHY,2026-04-05,2026-04-04,2026-04-05,2.3795076700937274
36736,SAQR WEST-17,Nimr Flowline,SWER137,OP,85.0,0.5,HEALTHY,2026-03-20,2026-03-20,2026-03-20,0.1583972371472353
