Well_ID,project_id,Cum_Prior_Plan_frac,W1_Plan_frac,W2_Plan_frac,W3_Plan_frac,W4_Plan_frac,W5_Plan_frac,CurrentMonthPlanFrac,CumCurrentMonthPlanFrac,Latest_Target_End,CreatedOn
10207,278c5587-bba7-46ea-9c6a-d79aa8bd2a69,0.05734944,0.01177941,0.01677941,0.48980603,0.14303572,0.07069444,0.73209502,0.78944446,2026-05-11,2026-03-17 15:33:36.353
10239,278c5587-bba7-46ea-9c6a-d79aa8bd2a69,0.0,0.0,0.0,0.17230953,0.26980159,0.12988095,0.57199208,0.57199208,2026-06-14,2026-03-17 15:33:36.353
10475,6d07e3a5-d89b-47ac-9163-8a71e8ade03d,0.19757478,0.04300214,0.02147436,0.00897436,0.00897436,0.0,0.08242521,0.28,2026-03-28,2026-03-17 15:33:36.353
10495,b824c9d0-374f-494f-a1de-4daf2441051e,0.0,0.0,0.0,0.0,0.0,0.0,0.0,0.0,2026-06-01,2026-03-17 15:33:36.353
10630,6d07e3a5-d89b-47ac-9163-8a71e8ade03d,0.26257478,0.04300214,0.02147436,0.00897436,0.00897436,0.0,0.08242521,0.345,2026-03-28,2026-03-17 15:33:36.353
1090,84ebfdb6-8f5d-4379-92cc-72498bd11146,0.56455298,0.13699919,0.09012273,0.04165845,0.05525194,0.01929264,0.34332495,0.90787793,2026-04-29,2026-03-17 15:33:36.353
11354,b824c9d0-374f-494f-a1de-4daf2441051e,0.01232143,0.0,0.11679366,0.12535566,0.09337054,0.02714286,0.3626627,0.37498413,2026-05-17,2026-03-17 15:33:36.353
11371,b824c9d0-374f-494f-a1de-4daf2441051e,0.09598622,0.00623026,0.08357916,0.08466468,0.2365107,0.10111318,0.51209799,0.60808421,2026-06-03,2026-03-17 15:33:36.353
1151,84ebfdb6-8f5d-4379-92cc-72498bd11146,0.6475776,0.05590189,0.03224804,0.00592593,0.06298646,0.01891968,0.175982,0.8235596,2026-05-05,2026-03-17 15:33:36.353
11763,6d07e3a5-d89b-47ac-9163-8a71e8ade03d,0.22757478,0.04300214,0.02147436,0.00897436,0.00897436,0.0,0.08242521,0.30999999,2026-03-28,2026-03-17 15:33:36.353
12072,b824c9d0-374f-494f-a1de-4daf2441051e,0.0,0.0,0.045,0.34000001,0.12391968,0.01891968,0.52783937,0.52783937,2026-05-03,2026-03-17 15:33:36.353
12345,25482266-1cfe-469a-be26-3f0d69bf61c4,0.0,0.0,0.0,0.20775171,0.19376276,0.13282009,0.53433456,0.53433456,2026-06-05,2026-03-17 15:33:36.353
12798,6d07e3a5-d89b-47ac-9163-8a71e8ade03d,0.27698529,0.0353224,0.01730769,0.00897436,0.00641026,0.0,0.06801471,0.345,2026-03-26,2026-03-17 15:33:36.353
13398,84ebfdb6-8f5d-4379-92cc-72498bd11146,0.0,0.0,0.0,0.0,0.0,0.0,0.0,0.0,2026-04-23,2026-03-17 15:33:36.353
13616,7d73c8fe-b31b-4f9b-b616-855cc7388837,0.51875,0.00833333,0.32291667,0.04049447,0.04724355,0.02024724,0.43923526,0.95798526,2026-04-21,2026-03-17 15:33:36.353
13840,6d07e3a5-d89b-47ac-9163-8a71e8ade03d,0.22757478,0.04300214,0.02147436,0.00897436,0.00897436,0.0,0.08242521,0.30999999,2026-03-28,2026-03-17 15:33:36.353
16427,b824c9d0-374f-494f-a1de-4daf2441051e,0.0,0.0,0.0,0.0,0.0,0.0,0.0,0.0,2026-06-10,2026-03-17 15:33:36.353
16707,84ebfdb6-8f5d-4379-92cc-72498bd11146,0.65822346,0.00673077,0.07873626,0.02797619,0.00083333,0.00035714,0.1146337,0.77285716,2026-07-31,2026-03-17 15:33:36.353
17527,7d73c8fe-b31b-4f9b-b616-855cc7388837,0.8563403,0.0443821,0.0443821,0.02967621,0.01337719,0.00394737,0.13576497,0.99210527,2026-04-06,2026-03-17 15:33:36.353
18473,ab623768-6e41-4a27-bea0-d509f828d32a,0.0,0.0,0.0,0.69666668,0.05929487,0.02398352,0.77994507,0.77994507,2026-04-16,2026-03-17 15:33:36.353
18649,7d73c8fe-b31b-4f9b-b616-855cc7388837,0.93599113,0.03380292,0.01573227,0.00921053,0.00526316,0.0,0.06400887,1.0,2026-03-25,2026-03-17 15:33:36.353
19912,84ebfdb6-8f5d-4379-92cc-72498bd11146,0.58152189,0.10340971,0.04145516,0.01493243,0.0514586,0.03483535,0.24609125,0.82761314,2026-05-07,2026-03-17 15:33:36.353
21335,39bb315b-6e9f-4433-b3ba-eaabbb34fd2d,0.0,0.0,0.25322619,0.19325824,0.32722029,0.04987068,0.82357541,0.82357541,2026-09-13,2026-03-17 15:33:36.353
23552,4f48fbf3-d6c1-472a-ba5f-48bb8efbb48f,0.57119049,0.005,0.05707143,0.04721429,0.01666667,0.0,0.12595238,0.69714287,2027-10-12,2026-03-17 15:33:36.353
23552,c247e7b4-0751-414a-b59b-701b8bf05443,0.57684211,0.00122807,0.00122807,0.00122807,0.00122807,0.00052632,0.0054386,0.58228071,2026-05-27,2026-03-17 15:33:36.353
24665,278c5587-bba7-46ea-9c6a-d79aa8bd2a69,0.0,0.0,0.0,0.0,0.0,0.0,0.0,0.0,2026-06-30,2026-03-17 15:33:36.353
24665,8c9c6b42-7a12-4eb3-935b-fc0437e7f33f,0.0,0.0,0.05666667,0.06222222,0.05111111,0.01,0.18,0.18,2026-06-15,2026-03-17 15:33:36.353
24986,f102ddd1-cc28-4441-befc-0c01ecc795bf,0.0,0.0,0.31538462,0.40390803,0.04501615,0.01929264,0.78360144,0.78360144,2026-04-25,2026-03-17 15:33:36.353
25029,4f48fbf3-d6c1-472a-ba5f-48bb8efbb48f,0.0,0.0,0.0,0.0,0.0,0.0,0.0,0.0,2027-12-29,2026-03-17 15:33:36.353
25029,c247e7b4-0751-414a-b59b-701b8bf05443,0.0,0.0,0.0,0.0,0.0,0.0,0.0,0.0,2027-12-12,2026-03-17 15:33:36.353
25092,278c5587-bba7-46ea-9c6a-d79aa8bd2a69,0.07300746,0.03490938,0.03319509,0.42280847,0.15664218,0.00428097,0.65183608,0.72484354,2026-07-14,2026-03-17 15:33:36.353
25115,c247e7b4-0751-414a-b59b-701b8bf05443,0.0,0.0,0.15,0.09545455,0.37676768,0.00833333,0.63055557,0.63055557,2027-10-21,2026-03-17 15:33:36.353
27131,278c5587-bba7-46ea-9c6a-d79aa8bd2a69,0.32081189,0.01216912,0.01216912,0.06391064,0.13290938,0.02854765,0.24970591,0.5705178,2026-07-18,2026-03-17 15:33:36.353
27132,278c5587-bba7-46ea-9c6a-d79aa8bd2a69,0.1373957,0.00384286,0.00384286,0.21168175,0.2162506,0.00553651,0.44115457,0.57855028,2026-05-27,2026-03-17 15:33:36.353
27134,278c5587-bba7-46ea-9c6a-d79aa8bd2a69,0.05248102,0.02406552,0.02406552,0.09489885,0.32703076,0.0516369,0.52169756,0.57417858,2027-02-13,2026-03-17 15:33:36.353
27150,278c5587-bba7-46ea-9c6a-d79aa8bd2a69,0.0,0.00777778,0.00777778,0.18420635,0.38386906,0.00982143,0.59345239,0.59345239,2026-07-12,2026-03-17 15:33:36.353
27365,278c5587-bba7-46ea-9c6a-d79aa8bd2a69,0.11189801,0.04248323,0.05235027,0.41076106,0.00841976,0.01477514,0.52878946,0.64068747,2026-05-19,2026-03-17 15:33:36.353
27365,8c9c6b42-7a12-4eb3-935b-fc0437e7f33f,0.66714285,0.0,0.0,0.29364011,0.01614011,0.00576923,0.31554945,0.9826923,2026-04-09,2026-03-17 15:33:36.353
27625,4f48fbf3-d6c1-472a-ba5f-48bb8efbb48f,0.10873016,0.01266934,0.03421201,0.01432313,0.03182313,0.00399563,0.09702323,0.20575339,2026-06-22,2026-03-17 15:33:36.353
27630,4f48fbf3-d6c1-472a-ba5f-48bb8efbb48f,0.59895834,0.00083333,0.04526786,0.04619048,0.02875,0.0,0.12104167,0.72000001,2026-05-14,2026-03-17 15:33:36.353
27778,4f48fbf3-d6c1-472a-ba5f-48bb8efbb48f,0.80296297,0.00457672,0.00457672,0.00457672,0.00457672,0.00196145,0.02026833,0.8232313,2026-05-31,2026-03-17 15:33:36.353
27780,4f48fbf3-d6c1-472a-ba5f-48bb8efbb48f,0.56271602,0.01619127,0.02970972,0.0361371,0.12532786,0.0190602,0.22642615,0.78914217,2026-05-12,2026-03-17 15:33:36.353
27781,4f48fbf3-d6c1-472a-ba5f-48bb8efbb48f,0.76253472,0.03559028,0.00267361,0.00267361,0.00267361,0.00114583,0.04475695,0.80729167,2026-05-27,2026-03-17 15:33:36.353
27784,4f48fbf3-d6c1-472a-ba5f-48bb8efbb48f,0.47875001,0.0,0.02690476,0.05259148,0.00146053,9.023e-05,0.08104699,0.559797,2026-06-17,2026-03-17 15:33:36.353
27786,4f48fbf3-d6c1-472a-ba5f-48bb8efbb48f,0.55000001,0.0,0.0,0.0,0.0,0.0,0.0,0.55000001,2026-06-05,2026-03-17 15:33:36.353
27788,4f48fbf3-d6c1-472a-ba5f-48bb8efbb48f,0.53895834,0.0,0.034375,0.05654167,0.045125,0.0,0.13604167,0.67500001,2026-06-11,2026-03-17 15:33:36.353
27789,4f48fbf3-d6c1-472a-ba5f-48bb8efbb48f,0.51562501,0.01166667,0.06979167,0.13479166,0.07704468,0.01891968,0.31221436,0.82783937,2026-05-03,2026-03-17 15:33:36.353
27790,4f48fbf3-d6c1-472a-ba5f-48bb8efbb48f,0.54187501,0.0,0.0,0.0,0.0,0.0,0.0,0.54187501,2026-06-08,2026-03-17 15:33:36.353
27792,4f48fbf3-d6c1-472a-ba5f-48bb8efbb48f,0.40265874,0.05301852,0.12364815,0.10400794,0.0,0.0,0.2806746,0.68333334,2026-05-22,2026-03-17 15:33:36.353
27796,4f48fbf3-d6c1-472a-ba5f-48bb8efbb48f,0.64034314,0.00051471,0.03384804,0.01958675,0.04501615,0.01929264,0.11825829,0.75860143,2026-04-25,2026-03-17 15:33:36.353
27800,4f48fbf3-d6c1-472a-ba5f-48bb8efbb48f,0.59404763,0.0,0.04157143,0.03771429,0.04041667,0.0,0.11970238,0.71375001,2026-07-06,2026-03-17 15:33:36.353
27804,4f48fbf3-d6c1-472a-ba5f-48bb8efbb48f,0.64990476,0.01225,0.01046429,0.03581044,0.04300214,0.01842949,0.11995635,0.76986111,2026-04-26,2026-03-17 15:33:36.353
27805,4f48fbf3-d6c1-472a-ba5f-48bb8efbb48f,0.01482143,0.02969684,0.00162791,0.00162791,0.00162791,0.00069767,0.03527824,0.05009967,2026-06-30,2026-03-17 15:33:36.353
27812,4f48fbf3-d6c1-472a-ba5f-48bb8efbb48f,0.51017858,0.01,0.05552381,0.08471429,0.05333333,0.0,0.20357143,0.71375001,2026-07-12,2026-03-17 15:33:36.353
27819,4f48fbf3-d6c1-472a-ba5f-48bb8efbb48f,0.56166667,0.0,0.10833333,0.02957265,0.04300214,0.01842949,0.19933761,0.76100428,2026-04-25,2026-03-17 15:33:36.353
27924,4f48fbf3-d6c1-472a-ba5f-48bb8efbb48f,0.53895834,0.0,0.04610119,0.04619048,0.04375,0.0,0.13604167,0.67500001,2026-06-17,2026-03-17 15:33:36.353
27926,4f48fbf3-d6c1-472a-ba5f-48bb8efbb48f,0.81969263,0.00382514,0.00273224,0.04843822,0.04630292,0.01984411,0.12114262,0.94083525,2026-04-22,2026-03-17 15:33:36.353
27927,4f48fbf3-d6c1-472a-ba5f-48bb8efbb48f,0.59119049,0.0,0.0,0.0,0.0,0.0,0.0,0.59119049,2026-07-23,2026-03-17 15:33:36.353
27929,4f48fbf3-d6c1-472a-ba5f-48bb8efbb48f,0.69785715,0.13714286,0.0,0.015,0.0,0.0,0.15214285,0.85,2026-05-27,2026-03-17 15:33:36.353
27934,4f48fbf3-d6c1-472a-ba5f-48bb8efbb48f,0.69,0.0,0.0,0.02645881,0.04630292,0.01984411,0.09260584,0.78260584,2026-04-24,2026-03-17 15:33:36.353
27935,4f48fbf3-d6c1-472a-ba5f-48bb8efbb48f,0.66725,0.0,0.004,0.02304264,0.04501615,0.01929264,0.09135143,0.75860143,2026-04-25,2026-03-17 15:33:36.353
27939,4f48fbf3-d6c1-472a-ba5f-48bb8efbb48f,0.63294345,0.00140625,0.03973958,0.00765979,0.04724355,0.02024724,0.11629641,0.74923987,2026-04-26,2026-03-17 15:33:36.353
27940,4f48fbf3-d6c1-472a-ba5f-48bb8efbb48f,0.26750572,0.0099399,0.265178,0.19393888,0.05735718,0.01891968,0.54533365,0.81283937,2026-05-03,2026-03-17 15:33:36.353
27941,4f48fbf3-d6c1-472a-ba5f-48bb8efbb48f,0.4644643,0.00785714,0.14327016,0.12740221,0.05287173,0.01936635,0.35076759,0.81523189,2026-05-02,2026-03-17 15:33:36.353
27948,4f48fbf3-d6c1-472a-ba5f-48bb8efbb48f,0.8475,0.0,0.0,0.0,0.0,0.0,0.0,0.8475,2026-05-31,2026-03-17 15:33:36.353
27949,4f48fbf3-d6c1-472a-ba5f-48bb8efbb48f,0.15515239,0.0337453,0.18615601,0.2855713,0.08583333,0.01854167,0.60984762,0.76500001,2026-05-19,2026-03-17 15:33:36.353
27953,4f48fbf3-d6c1-472a-ba5f-48bb8efbb48f,0.83007665,0.00210112,0.00188607,0.04689866,0.04664334,0.01671911,0.1142483,0.94432495,2026-04-21,2026-03-17 15:33:36.353
27955,4f48fbf3-d6c1-472a-ba5f-48bb8efbb48f,0.25043253,0.02368737,0.01868737,0.01868737,0.01868737,0.00800887,0.08775837,0.3381909,2026-06-14,2026-03-17 15:33:36.353
28069,4f48fbf3-d6c1-472a-ba5f-48bb8efbb48f,0.33986773,0.1211078,0.17700959,0.13130804,0.01752232,0.02427827,0.47122603,0.81109375,2026-05-12,2026-03-17 15:33:36.353
28070,4f48fbf3-d6c1-472a-ba5f-48bb8efbb48f,0.37880953,0.05666667,0.06861905,0.13011712,0.00846235,0.00014458,0.26400976,0.64281929,2026-06-06,2026-03-17 15:33:36.353
28087,4f48fbf3-d6c1-472a-ba5f-48bb8efbb48f,0.16740148,0.00948276,0.06495895,0.38916873,0.09419643,0.036875,0.59468187,0.76208334,2026-09-10,2026-03-17 15:33:36.353
28089,4f48fbf3-d6c1-472a-ba5f-48bb8efbb48f,0.00833333,0.01343938,0.00050287,0.00050287,0.00050287,0.00021552,0.01516352,0.02349685,2026-09-16,2026-03-17 15:33:36.353
28090,4f48fbf3-d6c1-472a-ba5f-48bb8efbb48f,0.0,0.0,0.0,0.0,0.0,0.0,0.0,0.0,2026-09-21,2026-03-17 15:33:36.353
28092,4f48fbf3-d6c1-472a-ba5f-48bb8efbb48f,0.0,0.0,0.0,0.0,0.0,0.0,0.0,0.0,2026-10-03,2026-03-17 15:33:36.353
28093,4f48fbf3-d6c1-472a-ba5f-48bb8efbb48f,0.13192709,0.00300781,0.09253162,0.11724105,0.02735631,0.00335875,0.24349554,0.37542263,2026-09-27,2026-03-17 15:33:36.353
28094,4f48fbf3-d6c1-472a-ba5f-48bb8efbb48f,0.04761905,0.0,0.0,0.0,0.0,0.0,0.0,0.04761905,2026-06-13,2026-03-17 15:33:36.353
28095,4f48fbf3-d6c1-472a-ba5f-48bb8efbb48f,0.0,0.0,0.08417989,0.30620787,0.29961225,0.02375,0.71375001,0.71375001,2026-10-18,2026-03-17 15:33:36.353
28096,4f48fbf3-d6c1-472a-ba5f-48bb8efbb48f,0.0,0.0,0.0,0.0,0.0,0.0,0.0,0.0,2026-10-13,2026-03-17 15:33:36.353
28097,4f48fbf3-d6c1-472a-ba5f-48bb8efbb48f,0.16374244,0.04899471,0.06201635,0.31271419,0.12968831,0.00237941,0.55579297,0.71953541,2026-06-25,2026-03-17 15:33:36.353
28098,4f48fbf3-d6c1-472a-ba5f-48bb8efbb48f,0.73826966,0.01774437,0.0616943,0.05853098,0.04123932,0.01767399,0.19688297,0.93515263,2026-04-25,2026-03-17 15:33:36.353
28099,4f48fbf3-d6c1-472a-ba5f-48bb8efbb48f,0.02166667,0.0,0.12309524,0.56857143,0.13666667,0.01891968,0.84725302,0.86891969,2026-05-06,2026-03-17 15:33:36.353
28100,4f48fbf3-d6c1-472a-ba5f-48bb8efbb48f,0.19321064,0.00898799,0.09946418,0.11336593,0.20050493,0.00036946,0.42269249,0.61590313,2026-08-02,2026-03-17 15:33:36.353
28101,4f48fbf3-d6c1-472a-ba5f-48bb8efbb48f,0.05833969,0.01438139,0.07632752,0.37714634,0.09785065,0.01010776,0.57581365,0.63415333,2026-08-08,2026-03-17 15:33:36.353
28102,4f48fbf3-d6c1-472a-ba5f-48bb8efbb48f,0.13177808,0.01910256,0.10957876,0.41570972,0.06716423,0.0,0.61155526,0.74333334,2026-08-10,2026-03-17 15:33:36.353
28103,4f48fbf3-d6c1-472a-ba5f-48bb8efbb48f,0.25661905,0.0,0.08647619,0.11699405,0.28324406,0.0,0.4867143,0.74333334,2026-08-14,2026-03-17 15:33:36.353
28104,4f48fbf3-d6c1-472a-ba5f-48bb8efbb48f,0.22189115,0.10741948,0.14038622,0.16881446,0.0526671,0.04162735,0.51091461,0.73280576,2026-05-24,2026-03-17 15:33:36.353
28105,4f48fbf3-d6c1-472a-ba5f-48bb8efbb48f,0.73855091,0.01949984,0.01641355,0.02753203,0.04724355,0.02024724,0.1309362,0.86948711,2026-04-23,2026-03-17 15:33:36.353
28106,4f48fbf3-d6c1-472a-ba5f-48bb8efbb48f,0.17261905,0.03928572,0.15305952,0.33055159,0.02384921,0.00119048,0.54793651,0.72055556,2026-06-08,2026-03-17 15:33:36.353
28107,4f48fbf3-d6c1-472a-ba5f-48bb8efbb48f,0.07691297,0.068428,0.07630133,0.06519022,0.02074578,0.00889105,0.23955639,0.31646936,2026-06-14,2026-03-17 15:33:36.353
28108,4f48fbf3-d6c1-472a-ba5f-48bb8efbb48f,0.26610528,0.06551751,0.24826748,0.19257572,0.07514714,0.01891968,0.60042753,0.86653281,2026-05-04,2026-03-17 15:33:36.353
28126,4f48fbf3-d6c1-472a-ba5f-48bb8efbb48f,0.20271672,0.12605676,0.08678,0.32395843,0.10367328,0.01914191,0.65961037,0.8623271,2026-05-06,2026-03-17 15:33:36.353
28128,4f48fbf3-d6c1-472a-ba5f-48bb8efbb48f,0.0,0.12639452,0.05915274,0.00248607,0.00248607,0.00106546,0.19158486,0.19158486,2026-11-07,2026-03-17 15:33:36.353
28129,4f48fbf3-d6c1-472a-ba5f-48bb8efbb48f,0.0,0.004,0.0,0.0,0.09999999,0.0,0.10399999,0.10399999,2026-06-19,2026-03-17 15:33:36.353
28130,4f48fbf3-d6c1-472a-ba5f-48bb8efbb48f,0.0,0.04159664,0.10876397,0.32111874,0.30372899,0.06125,0.83645834,0.83645834,2026-05-10,2026-03-17 15:33:36.353
28131,4f48fbf3-d6c1-472a-ba5f-48bb8efbb48f,0.35783928,0.00729167,0.26773718,0.10336585,0.05758536,0.01942219,0.45540225,0.81324153,2026-05-03,2026-03-17 15:33:36.353
28132,4f48fbf3-d6c1-472a-ba5f-48bb8efbb48f,0.41582989,0.00056452,0.27096915,0.15548752,0.0456119,0.01954796,0.49218104,0.90801092,2026-04-28,2026-03-17 15:33:36.353
28133,4f48fbf3-d6c1-472a-ba5f-48bb8efbb48f,0.82331659,0.00634152,0.00501932,0.03339609,0.04630292,0.01984411,0.11090396,0.93422055,2026-04-23,2026-03-17 15:33:36.353
28134,4f48fbf3-d6c1-472a-ba5f-48bb8efbb48f,0.75714226,0.00754099,0.0850569,0.03809922,0.04414593,0.01891968,0.19376273,0.95090499,2026-04-23,2026-03-17 15:33:36.353
28135,4f48fbf3-d6c1-472a-ba5f-48bb8efbb48f,0.20824792,0.00145503,0.00239954,0.00255695,0.00255695,0.00109584,0.01006431,0.21831223,2026-11-01,2026-03-17 15:33:36.353
28136,4f48fbf3-d6c1-472a-ba5f-48bb8efbb48f,0.0,0.0,0.0,0.0,0.0,0.0,0.0,0.0,2026-10-28,2026-03-17 15:33:36.353
28137,4f48fbf3-d6c1-472a-ba5f-48bb8efbb48f,0.19,0.01,0.0,0.0,0.0,0.0,0.01,0.2,2026-10-22,2026-03-17 15:33:36.353
28138,4f48fbf3-d6c1-472a-ba5f-48bb8efbb48f,0.51666668,0.0,0.03591667,0.14991667,0.0,0.0,0.18583334,0.70250002,2026-08-19,2026-03-17 15:33:36.353
28139,4f48fbf3-d6c1-472a-ba5f-48bb8efbb48f,0.00833333,0.0,0.0,0.0,0.0,0.0,0.0,0.00833333,2026-08-28,2026-03-17 15:33:36.353
28140,4f48fbf3-d6c1-472a-ba5f-48bb8efbb48f,0.59004763,0.0,0.0,0.0,0.0,0.0,0.0,0.59004763,2026-09-01,2026-03-17 15:33:36.353
28141,4f48fbf3-d6c1-472a-ba5f-48bb8efbb48f,0.1271337,0.00192308,0.00192308,0.00192308,0.00192308,0.00082418,0.00851648,0.13565019,2026-09-06,2026-03-17 15:33:36.353
28145,4f48fbf3-d6c1-472a-ba5f-48bb8efbb48f,0.0,0.0,0.0,0.0,0.0,0.0,0.0,0.0,2026-10-09,2026-03-17 15:33:36.353
28147,4f48fbf3-d6c1-472a-ba5f-48bb8efbb48f,0.00982143,0.03484738,0.0376221,0.00428877,0.00428877,0.00183804,0.08288505,0.09270648,2026-07-20,2026-03-17 15:33:36.353
28340,4f48fbf3-d6c1-472a-ba5f-48bb8efbb48f,0.82163117,0.00036842,0.00036842,0.040392,0.04414593,0.01891968,0.10419445,0.92582562,2026-04-23,2026-03-17 15:33:36.353
28340,c247e7b4-0751-414a-b59b-701b8bf05443,0.96666669,0.0,0.0,0.0,0.0,0.0,0.0,0.96666669,2026-02-04,2026-03-17 15:33:36.353
28353,278c5587-bba7-46ea-9c6a-d79aa8bd2a69,0.20972777,0.06943234,0.05376567,0.23091053,0.13975744,0.03140625,0.52527223,0.735,2026-06-04,2026-03-17 15:33:36.353
28364,4f48fbf3-d6c1-472a-ba5f-48bb8efbb48f,0.35859356,0.38043433,0.02439377,0.01314377,0.01314377,0.00563304,0.43674869,0.79534224,2026-05-31,2026-03-17 15:33:36.353
28637,4f48fbf3-d6c1-472a-ba5f-48bb8efbb48f,0.0,0.01033256,0.02576475,0.02747283,0.28744612,0.18876946,0.53978572,0.53978572,2026-07-17,2026-03-17 15:33:36.353
28638,4f48fbf3-d6c1-472a-ba5f-48bb8efbb48f,0.62558333,0.0,0.06233333,0.02916667,0.03345846,0.0127709,0.13772936,0.7633127,2026-04-29,2026-03-17 15:33:36.353
28640,4f48fbf3-d6c1-472a-ba5f-48bb8efbb48f,0.77125001,0.0,0.0,0.02304264,0.04501615,0.01929264,0.08735143,0.85860143,2026-04-25,2026-03-17 15:33:36.353
28793,4f48fbf3-d6c1-472a-ba5f-48bb8efbb48f,0.00833333,0.0,0.0,0.0,0.0,0.0,0.0,0.00833333,2026-06-30,2026-03-17 15:33:36.353
28793,c247e7b4-0751-414a-b59b-701b8bf05443,0.0,0.01481482,0.20149411,0.10149411,0.07024411,0.23486953,0.62291668,0.62291668,2026-06-10,2026-03-17 15:33:36.353
28820,c247e7b4-0751-414a-b59b-701b8bf05443,0.0,0.0,0.16875,0.09375,0.05730676,0.01859903,0.3384058,0.3384058,2026-04-27,2026-03-17 15:33:36.353
28840,4f48fbf3-d6c1-472a-ba5f-48bb8efbb48f,0.80628952,0.00655333,0.00655333,0.00514488,0.00228265,0.00023936,0.02077355,0.82706307,2026-05-09,2026-03-17 15:33:36.353
28840,c247e7b4-0751-414a-b59b-701b8bf05443,0.77727274,0.0,0.15555556,0.06296296,0.01296296,0.00555556,0.23703704,1.0,2026-04-07,2026-03-17 15:33:36.353
28990,4f48fbf3-d6c1-472a-ba5f-48bb8efbb48f,0.0,0.0,0.0,0.0,0.0,0.0,0.0,0.0,2027-12-18,2026-03-17 15:33:36.353
28990,c247e7b4-0751-414a-b59b-701b8bf05443,0.0,0.0,0.0,0.0,0.0,0.0,0.0,0.0,2027-12-01,2026-03-17 15:33:36.353
29008,4f48fbf3-d6c1-472a-ba5f-48bb8efbb48f,0.61305557,0.0,0.05409722,0.040625,0.0,0.0,0.09472222,0.70777779,2026-06-22,2026-03-17 15:33:36.353
29008,c247e7b4-0751-414a-b59b-701b8bf05443,0.47868025,0.00351056,0.01714692,0.03532874,0.03532874,0.01514089,0.10645585,0.5851361,2026-06-06,2026-03-17 15:33:36.353
29010,4f48fbf3-d6c1-472a-ba5f-48bb8efbb48f,0.0,0.0122644,0.00511655,0.00511655,0.00511655,0.00219281,0.02980686,0.02980686,2026-07-16,2026-03-17 15:33:36.353
29010,c247e7b4-0751-414a-b59b-701b8bf05443,0.1,0.0,0.14285714,0.33214286,0.27500001,0.0,0.75000002,0.85000002,2026-06-27,2026-03-17 15:33:36.353
29012,4f48fbf3-d6c1-472a-ba5f-48bb8efbb48f,0.0,0.00869478,0.00042169,0.00042169,0.00042169,0.00018072,0.01014056,0.01014056,2026-08-11,2026-03-17 15:33:36.353
29012,c247e7b4-0751-414a-b59b-701b8bf05443,0.87310608,0.00224359,0.05192308,0.05925926,0.01296296,0.00555556,0.13194445,1.0,2026-04-12,2026-03-17 15:33:36.353
29013,4f48fbf3-d6c1-472a-ba5f-48bb8efbb48f,0.00833333,0.0026744,0.00471522,0.00471522,0.00471522,0.00202081,0.01884087,0.0271742,2026-07-08,2026-03-17 15:33:36.353
29013,c247e7b4-0751-414a-b59b-701b8bf05443,0.28278008,0.20542256,0.31905893,0.08814539,0.01671682,0.0010419,0.63038561,0.9131657,2026-07-02,2026-03-17 15:33:36.353
29029,c247e7b4-0751-414a-b59b-701b8bf05443,0.0,0.0,0.0,0.17,0.055,0.015,0.24,0.24,2026-09-07,2026-03-17 15:33:36.353
29031,c247e7b4-0751-414a-b59b-701b8bf05443,0.0,0.0,0.0,0.0,0.0,0.0,0.0,0.0,2026-09-16,2026-03-17 15:33:36.353
29037,4f48fbf3-d6c1-472a-ba5f-48bb8efbb48f,0.03224959,0.01631773,0.00060345,0.00060345,0.00060345,0.00025862,0.0183867,0.05063629,2026-06-17,2026-03-17 15:33:36.353
29037,c247e7b4-0751-414a-b59b-701b8bf05443,0.0,0.10092593,0.14814815,0.06481482,0.53611112,0.0,0.85000002,0.85000002,2026-05-24,2026-03-17 15:33:36.353
29107,4f48fbf3-d6c1-472a-ba5f-48bb8efbb48f,0.0,0.0,0.0,0.0,0.0,0.0,0.0,0.0,2027-08-21,2026-03-17 15:33:36.353
29107,c247e7b4-0751-414a-b59b-701b8bf05443,0.0,0.0,0.0,0.0,0.0,0.0,0.0,0.0,2027-07-20,2026-03-17 15:33:36.353
29119,c247e7b4-0751-414a-b59b-701b8bf05443,0.0,0.0,0.0,0.0,0.0,0.0,0.0,0.0,2026-10-27,2026-03-17 15:33:36.353
29120,c247e7b4-0751-414a-b59b-701b8bf05443,0.0,0.0,0.0,0.0,0.0,0.0,0.0,0.0,2026-11-05,2026-03-17 15:33:36.353
2918,6d07e3a5-d89b-47ac-9163-8a71e8ade03d,0.28329185,0.03238122,0.01522436,0.00897436,0.00512821,0.0,0.06170815,0.345,2026-03-25,2026-03-17 15:33:36.353
29191,4f48fbf3-d6c1-472a-ba5f-48bb8efbb48f,0.04880953,0.00674587,0.01099518,0.01099518,0.01099518,0.00471222,0.04444363,0.09325316,2026-07-20,2026-03-17 15:33:36.353
29191,c247e7b4-0751-414a-b59b-701b8bf05443,0.40833334,0.00343137,0.23259804,0.20563726,0.0,0.0,0.44166668,0.85000002,2026-07-04,2026-03-17 15:33:36.353
29198,4f48fbf3-d6c1-472a-ba5f-48bb8efbb48f,0.0,0.0,0.05833333,0.04166666,0.0,0.0,0.09999999,0.09999999,2031-06-12,2026-03-17 15:33:36.353
29198,c247e7b4-0751-414a-b59b-701b8bf05443,0.0,0.0,0.05555556,0.06296296,0.01296296,0.00555556,0.13703704,0.13703704,2031-02-26,2026-03-17 15:33:36.353
29213,4f48fbf3-d6c1-472a-ba5f-48bb8efbb48f,0.53333334,0.0,0.0115,0.06954167,0.020625,0.0,0.10166667,0.63500001,2026-11-19,2026-03-17 15:33:36.353
29224,4f48fbf3-d6c1-472a-ba5f-48bb8efbb48f,0.0,0.0,0.0,0.0,0.0,0.0,0.0,0.0,2026-09-15,2026-03-17 15:33:36.353
29224,c247e7b4-0751-414a-b59b-701b8bf05443,0.0,0.0,0.0,0.0,0.0,0.0,0.0,0.0,2026-08-30,2026-03-17 15:33:36.353
29389,278c5587-bba7-46ea-9c6a-d79aa8bd2a69,0.13686379,0.03630326,0.02819873,0.42138023,0.06127531,0.04605892,0.59321645,0.73008024,2026-05-25,2026-03-17 15:33:36.353
29390,278c5587-bba7-46ea-9c6a-d79aa8bd2a69,0.18901619,0.13461373,0.0678795,0.29065489,0.01759013,0.00222944,0.51296769,0.70198389,2026-07-28,2026-03-17 15:33:36.353
29393,278c5587-bba7-46ea-9c6a-d79aa8bd2a69,0.1930328,0.07004666,0.06418952,0.3861923,0.01704269,0.00196429,0.53943546,0.73246826,2026-06-07,2026-03-17 15:33:36.353
29395,278c5587-bba7-46ea-9c6a-d79aa8bd2a69,0.04087075,0.04119048,0.00785714,0.4870737,0.13303572,0.0,0.66915704,0.71002779,2026-05-17,2026-03-17 15:33:36.353
29396,278c5587-bba7-46ea-9c6a-d79aa8bd2a69,0.07469111,0.03369782,0.06389888,0.45019368,0.11129629,0.0,0.65908667,0.73377778,2026-05-24,2026-03-17 15:33:36.353
30326,278c5587-bba7-46ea-9c6a-d79aa8bd2a69,0.0,0.0,0.0,0.0,0.0,0.0,0.0,0.0,2026-05-16,2026-03-17 15:33:36.353
30355,278c5587-bba7-46ea-9c6a-d79aa8bd2a69,0.04489807,0.02644517,0.02309223,0.23535677,0.06686975,0.09745799,0.44922191,0.49411998,2026-06-28,2026-03-17 15:33:36.353
30355,8c9c6b42-7a12-4eb3-935b-fc0437e7f33f,0.85,0.0,0.0,0.11346154,0.01346154,0.00576923,0.13269231,0.98269231,2026-04-09,2026-03-17 15:33:36.353
30356,278c5587-bba7-46ea-9c6a-d79aa8bd2a69,0.02957547,0.01087487,0.01172306,0.11172305,0.01172306,0.00502417,0.15106821,0.18064368,2026-06-25,2026-03-17 15:33:36.353
30356,8c9c6b42-7a12-4eb3-935b-fc0437e7f33f,0.80665362,0.00958904,0.00958904,0.13527941,0.01296296,0.00555556,0.17297601,0.97962963,2026-04-11,2026-03-17 15:33:36.353
30416,278c5587-bba7-46ea-9c6a-d79aa8bd2a69,0.20112848,0.00902005,0.00902005,0.10037117,0.21175718,0.03809422,0.36826267,0.56939115,2026-06-21,2026-03-17 15:33:36.353
30419,278c5587-bba7-46ea-9c6a-d79aa8bd2a69,0.16953994,0.00669463,0.00669463,0.17061799,0.24124853,0.00123316,0.42648893,0.59602888,2026-05-22,2026-03-17 15:33:36.353
30422,278c5587-bba7-46ea-9c6a-d79aa8bd2a69,0.08099059,0.01796937,0.01796937,0.17738311,0.28127365,0.02576313,0.52035863,0.60134922,2026-05-16,2026-03-17 15:33:36.353
30423,278c5587-bba7-46ea-9c6a-d79aa8bd2a69,0.13749622,0.00419392,0.00419392,0.22993063,0.19311388,0.01799513,0.44942749,0.58692371,2026-12-14,2026-03-17 15:33:36.353
30429,8c9c6b42-7a12-4eb3-935b-fc0437e7f33f,0.62500001,0.025,0.0,0.3,0.00384615,0.00576923,0.33461539,0.9596154,2026-04-21,2026-03-17 15:33:36.353
30430,278c5587-bba7-46ea-9c6a-d79aa8bd2a69,0.20318033,0.00592912,0.00592912,0.07840737,0.26597458,0.01836811,0.3746083,0.57778863,2026-05-24,2026-03-17 15:33:36.353
30749,8c9c6b42-7a12-4eb3-935b-fc0437e7f33f,0.85000001,0.0,0.0,0.1,0.01346154,0.00576923,0.11923077,0.96923078,2026-04-16,2026-03-17 15:33:36.353
30750,278c5587-bba7-46ea-9c6a-d79aa8bd2a69,0.52646385,0.02168695,0.02168695,0.19652389,0.03814329,0.00128921,0.27933028,0.80579413,2026-05-25,2026-03-17 15:33:36.353
30750,8c9c6b42-7a12-4eb3-935b-fc0437e7f33f,0.85000001,0.0,0.0,0.1,0.01346154,0.00576923,0.11923077,0.96923078,2026-04-16,2026-03-17 15:33:36.353
30759,278c5587-bba7-46ea-9c6a-d79aa8bd2a69,0.0,0.0,0.0,0.0,0.0,0.0,0.0,0.0,2026-07-13,2026-03-17 15:33:36.353
30759,8c9c6b42-7a12-4eb3-935b-fc0437e7f33f,0.0,0.0,0.08333333,0.16212121,0.33209648,0.05918367,0.6367347,0.6367347,2026-06-28,2026-03-17 15:33:36.353
30789,278c5587-bba7-46ea-9c6a-d79aa8bd2a69,0.83333334,0.0,0.0,0.0,0.0,0.0,0.0,0.83333334,2025-11-05,2026-03-17 15:33:36.353
30853,8c9c6b42-7a12-4eb3-935b-fc0437e7f33f,0.85000001,0.0,0.0,0.1,0.01346154,0.00576923,0.11923077,0.96923078,2026-04-16,2026-03-17 15:33:36.353
30854,278c5587-bba7-46ea-9c6a-d79aa8bd2a69,0.26177209,0.09488652,0.11170999,0.09966229,0.03299563,0.01414098,0.35339541,0.6151675,2026-05-24,2026-03-17 15:33:36.353
30854,8c9c6b42-7a12-4eb3-935b-fc0437e7f33f,0.66714285,0.0,0.0,0.29364011,0.01614011,0.00576923,0.31554945,0.9826923,2026-04-09,2026-03-17 15:33:36.353
31008,278c5587-bba7-46ea-9c6a-d79aa8bd2a69,0.22697361,0.01584924,0.02102166,0.08031054,0.11523284,0.00932853,0.24174281,0.46871642,2026-10-30,2026-03-17 15:33:36.353
31010,278c5587-bba7-46ea-9c6a-d79aa8bd2a69,0.29045834,0.1113899,0.01956755,0.18477257,0.1256759,0.00243253,0.44383845,0.7342968,2026-07-29,2026-03-17 15:33:36.353
31010,8c9c6b42-7a12-4eb3-935b-fc0437e7f33f,0.72000001,0.0,0.0,0.24346154,0.01346154,0.00576923,0.26269231,0.98269232,2026-04-09,2026-03-17 15:33:36.353
31082,8c9c6b42-7a12-4eb3-935b-fc0437e7f33f,0.0,0.0,0.0,0.18472222,0.43289683,0.19249999,0.81011904,0.81011904,2026-06-07,2026-03-17 15:33:36.353
31138,4f48fbf3-d6c1-472a-ba5f-48bb8efbb48f,0.58745513,0.10311826,0.0952443,0.04585203,0.04724355,0.02024724,0.31170537,0.8991605,2026-04-26,2026-03-17 15:33:36.353
31138,c247e7b4-0751-414a-b59b-701b8bf05443,0.80342146,0.00772638,0.05551884,0.05740741,0.01296296,0.00555556,0.13917115,0.94259261,2026-04-13,2026-03-17 15:33:36.353
31210,278c5587-bba7-46ea-9c6a-d79aa8bd2a69,0.0,0.0,0.0,0.19309524,0.52565477,0.0,0.71875001,0.71875001,2026-06-09,2026-03-17 15:33:36.353
31243,278c5587-bba7-46ea-9c6a-d79aa8bd2a69,0.3716161,0.11285706,0.02739221,0.23899011,0.01666615,0.00628549,0.40219102,0.77380712,2026-06-02,2026-03-17 15:33:36.353
31243,8c9c6b42-7a12-4eb3-935b-fc0437e7f33f,0.83437501,0.00729167,0.00729167,0.10104167,0.01346154,0.00576923,0.13485577,0.96923078,2026-04-16,2026-03-17 15:33:36.353
31247,278c5587-bba7-46ea-9c6a-d79aa8bd2a69,0.0,0.0,0.0,0.0,0.0,0.0,0.0,0.0,2026-07-24,2026-03-17 15:33:36.353
31247,8c9c6b42-7a12-4eb3-935b-fc0437e7f33f,0.0,0.0,0.0,0.25,0.32755102,0.05918367,0.6367347,0.6367347,2026-07-10,2026-03-17 15:33:36.353
31337,278c5587-bba7-46ea-9c6a-d79aa8bd2a69,0.0,0.0,0.0,0.0,0.0,0.0,0.0,0.0,2026-08-07,2026-03-17 15:33:36.353
31337,8c9c6b42-7a12-4eb3-935b-fc0437e7f33f,0.0,0.0,0.0,0.24545455,0.33209648,0.05918367,0.6367347,0.6367347,2026-07-23,2026-03-17 15:33:36.353
31338,278c5587-bba7-46ea-9c6a-d79aa8bd2a69,0.0,0.0,0.0,0.0,0.0,0.0,0.0,0.0,2026-08-20,2026-03-17 15:33:36.353
31338,8c9c6b42-7a12-4eb3-935b-fc0437e7f33f,0.0,0.0,0.0,0.24545455,0.23209648,0.15918368,0.6367347,0.6367347,2026-08-05,2026-03-17 15:33:36.353
31339,278c5587-bba7-46ea-9c6a-d79aa8bd2a69,0.07492728,0.02669504,0.02715541,0.3612818,0.15494048,0.09678572,0.66685844,0.74178572,2026-05-22,2026-03-17 15:33:36.353
31339,8c9c6b42-7a12-4eb3-935b-fc0437e7f33f,0.83500001,0.0,0.0,0.1,0.0,0.0,0.1,0.93500001,2026-05-08,2026-03-17 15:33:36.353
31340,278c5587-bba7-46ea-9c6a-d79aa8bd2a69,0.43993156,0.01869977,0.04815883,0.27497885,0.08242242,0.01919142,0.44345129,0.88338285,2026-05-03,2026-03-17 15:33:36.353
31340,8c9c6b42-7a12-4eb3-935b-fc0437e7f33f,0.81871291,0.00898417,0.00898417,0.10898417,0.01729107,0.00627428,0.15051787,0.96923078,2026-04-16,2026-03-17 15:33:36.353
31377,8c9c6b42-7a12-4eb3-935b-fc0437e7f33f,0.83409091,0.00742424,0.00742424,0.10106061,0.01346154,0.00576923,0.13513986,0.96923078,2026-04-16,2026-03-17 15:33:36.353
31382,278c5587-bba7-46ea-9c6a-d79aa8bd2a69,0.1645384,0.08123994,0.14254021,0.21239366,0.01961861,0.0522175,0.50800992,0.67254832,2026-06-21,2026-03-17 15:33:36.353
31382,8c9c6b42-7a12-4eb3-935b-fc0437e7f33f,0.85,0.0,0.0,0.11346154,0.01346154,0.00576923,0.13269231,0.98269231,2026-04-09,2026-03-17 15:33:36.353
31475,278c5587-bba7-46ea-9c6a-d79aa8bd2a69,0.21994028,0.00847762,0.00847762,0.10115619,0.2279483,0.02561905,0.37167878,0.59161906,2026-06-16,2026-03-17 15:33:36.353
31482,278c5587-bba7-46ea-9c6a-d79aa8bd2a69,0.21307263,0.00405318,0.00405318,0.05903523,0.21839744,0.0307395,0.31627853,0.52935116,2026-07-20,2026-03-17 15:33:36.353
31484,278c5587-bba7-46ea-9c6a-d79aa8bd2a69,0.17550445,0.01292839,0.01292839,0.04063672,0.22011358,0.0500141,0.33662119,0.51212564,2026-07-06,2026-03-17 15:33:36.353
31485,278c5587-bba7-46ea-9c6a-d79aa8bd2a69,0.13470268,0.01697968,0.01697968,0.08316024,0.1997277,0.02034248,0.33718978,0.47189246,2026-06-23,2026-03-17 15:33:36.353
31487,278c5587-bba7-46ea-9c6a-d79aa8bd2a69,0.13844612,0.02038012,0.02038012,0.12070209,0.21153723,0.02616785,0.39916741,0.53761352,2026-06-20,2026-03-17 15:33:36.353
31488,278c5587-bba7-46ea-9c6a-d79aa8bd2a69,0.20147317,0.01604072,0.01604072,0.07440976,0.12406404,0.06298098,0.29353622,0.49500939,2026-06-05,2026-03-17 15:33:36.353
31489,278c5587-bba7-46ea-9c6a-d79aa8bd2a69,0.25177517,0.01845023,0.01845023,0.04204537,0.17737425,0.03093254,0.28725262,0.53902779,2026-11-08,2026-03-17 15:33:36.353
31491,278c5587-bba7-46ea-9c6a-d79aa8bd2a69,0.01666667,0.02384723,0.03201358,0.28731757,0.28641403,0.00346315,0.63305556,0.64972223,2026-06-11,2026-03-17 15:33:36.353
31735,8c9c6b42-7a12-4eb3-935b-fc0437e7f33f,0.0,0.0,0.0,0.35891609,0.34555802,0.0649529,0.76942701,0.76942701,2026-04-09,2026-03-17 15:33:36.353
31830,278c5587-bba7-46ea-9c6a-d79aa8bd2a69,0.34816388,0.02817272,0.02595049,0.31548031,0.1165401,0.01266449,0.49880811,0.84697198,2026-05-10,2026-03-17 15:33:36.353
32257,a4f2f41b-f539-4ad4-b275-95b53c5c9c7d,0.0,0.0625,0.70416668,0.11455027,0.05462963,0.0234127,0.95925928,0.95925928,2026-04-13,2026-03-17 15:33:36.353
32258,c247e7b4-0751-414a-b59b-701b8bf05443,0.87727275,0.0,0.05555556,0.06296296,0.01296296,0.00555556,0.13703704,1.0,2026-04-07,2026-03-17 15:33:36.353
32361,c247e7b4-0751-414a-b59b-701b8bf05443,0.75000002,0.0,0.15576923,0.06346154,0.01346154,0.00576923,0.23846154,0.98846156,2026-04-06,2026-03-17 15:33:36.353
32428,4f48fbf3-d6c1-472a-ba5f-48bb8efbb48f,0.0,0.0,0.0,0.0,0.0,0.0,0.0,0.0,2028-03-23,2026-03-17 15:33:36.353
32428,c247e7b4-0751-414a-b59b-701b8bf05443,0.0,0.0,0.0,0.0,0.0,0.0,0.0,0.0,2028-03-07,2026-03-17 15:33:36.353
32429,4f48fbf3-d6c1-472a-ba5f-48bb8efbb48f,0.83738769,0.00178167,0.03249596,0.00495389,0.03133446,0.01342905,0.08399504,0.92138272,2026-04-26,2026-03-17 15:33:36.353
32429,c247e7b4-0751-414a-b59b-701b8bf05443,0.80000001,0.0,0.06666667,0.05740741,0.01296296,0.00555556,0.1425926,0.9425926,2026-04-13,2026-03-17 15:33:36.353
32430,4f48fbf3-d6c1-472a-ba5f-48bb8efbb48f,0.80194061,0.00982359,0.00982359,0.03362858,0.04630292,0.01984411,0.11942279,0.9213634,2026-04-23,2026-03-17 15:33:36.353
32430,c247e7b4-0751-414a-b59b-701b8bf05443,0.96666669,0.0,0.0,0.0,0.0,0.0,0.0,0.96666669,2026-02-13,2026-03-17 15:33:36.353
32449,4f48fbf3-d6c1-472a-ba5f-48bb8efbb48f,0.63935448,0.05095657,0.06730801,0.07009615,0.04300214,0.01842949,0.24979236,0.88914684,2026-04-26,2026-03-17 15:33:36.353
32449,c247e7b4-0751-414a-b59b-701b8bf05443,0.54392362,0.00121528,0.0704072,0.09599642,0.04599642,0.01971275,0.23332808,0.7772517,2026-04-14,2026-03-17 15:33:36.353
32516,c247e7b4-0751-414a-b59b-701b8bf05443,0.0,0.0,0.0,0.0,0.0,0.0,0.0,0.0,2026-10-11,2026-03-17 15:33:36.353
32517,c247e7b4-0751-414a-b59b-701b8bf05443,0.0,0.0,0.0,0.0,0.0,0.0,0.0,0.0,2026-10-19,2026-03-17 15:33:36.353
32559,4f48fbf3-d6c1-472a-ba5f-48bb8efbb48f,0.01815476,0.19041667,0.16258333,0.32165775,0.0421875,0.0,0.71684525,0.73500001,2026-07-03,2026-03-17 15:33:36.353
32559,c247e7b4-0751-414a-b59b-701b8bf05443,0.2,0.2,0.225,0.22500001,0.0,0.0,0.65000002,0.85000002,2026-06-17,2026-03-17 15:33:36.353
32560,4f48fbf3-d6c1-472a-ba5f-48bb8efbb48f,0.04333633,0.01672377,0.01780167,0.01780167,0.01780167,0.00762929,0.07775806,0.12109439,2026-08-06,2026-03-17 15:33:36.353
32560,c247e7b4-0751-414a-b59b-701b8bf05443,0.47018996,0.00707721,0.29773285,0.075,0.0,0.0,0.37981006,0.85000002,2026-07-21,2026-03-17 15:33:36.353
32561,4f48fbf3-d6c1-472a-ba5f-48bb8efbb48f,0.05144501,0.00831078,0.00808766,0.00808766,0.00808766,0.00346614,0.0360399,0.08748491,2026-09-01,2026-03-17 15:33:36.353
32561,c247e7b4-0751-414a-b59b-701b8bf05443,0.27111112,0.01555556,0.33833334,0.19583334,0.02916667,0.0,0.5788889,0.85000002,2026-06-05,2026-03-17 15:33:36.353
32563,4f48fbf3-d6c1-472a-ba5f-48bb8efbb48f,0.0,0.0,0.03623809,0.16356548,0.2280449,0.10649647,0.53434493,0.53434493,2026-10-12,2026-03-17 15:33:36.353
32563,c247e7b4-0751-414a-b59b-701b8bf05443,0.0,0.0,0.0,0.0,0.0,0.0,0.0,0.0,2026-09-26,2026-03-17 15:33:36.353
32565,c247e7b4-0751-414a-b59b-701b8bf05443,0.0,0.0,0.0,0.0,0.0,0.0,0.0,0.0,2026-08-13,2026-03-17 15:33:36.353
32566,c247e7b4-0751-414a-b59b-701b8bf05443,0.0,0.0,0.0,0.0,0.0,0.0,0.0,0.0,2026-08-22,2026-03-17 15:33:36.353
32567,c247e7b4-0751-414a-b59b-701b8bf05443,0.0,0.0,0.0,0.0,0.0,0.0,0.0,0.0,2026-08-30,2026-03-17 15:33:36.353
32588,c247e7b4-0751-414a-b59b-701b8bf05443,1.0,0.0,0.0,0.0,0.0,0.0,0.0,1.0,2026-02-19,2026-03-17 15:33:36.353
32590,4f48fbf3-d6c1-472a-ba5f-48bb8efbb48f,0.80057461,0.01413033,0.01126551,0.03901178,0.04414593,0.01891968,0.12747323,0.92804784,2026-04-23,2026-03-17 15:33:36.353
32590,c247e7b4-0751-414a-b59b-701b8bf05443,0.87727275,0.0,0.05555556,0.06296296,0.01296296,0.00555556,0.13703704,1.0,2026-04-07,2026-03-17 15:33:36.353
32603,4f48fbf3-d6c1-472a-ba5f-48bb8efbb48f,0.74901961,0.0005719,0.0004085,0.04630292,0.04630292,0.01671911,0.11030534,0.85932495,2026-04-21,2026-03-17 15:33:36.353
32608,4f48fbf3-d6c1-472a-ba5f-48bb8efbb48f,0.28301684,0.1790442,0.24301669,0.06728339,0.05486609,0.01891968,0.56313004,0.84614688,2026-05-05,2026-03-17 15:33:36.353
32608,c247e7b4-0751-414a-b59b-701b8bf05443,0.8376428,0.01645851,0.07084411,0.06611612,0.01611612,0.00690691,0.17644176,1.0,2026-04-07,2026-03-17 15:33:36.353
32609,4f48fbf3-d6c1-472a-ba5f-48bb8efbb48f,0.65111112,0.01458333,0.01784524,0.13187698,0.06832872,0.02024724,0.25288152,0.90399263,2026-04-29,2026-03-17 15:33:36.353
32609,c247e7b4-0751-414a-b59b-701b8bf05443,0.55460318,0.0206339,0.17896724,0.06785613,0.02526353,0.01082723,0.30354803,0.85815122,2026-05-17,2026-03-17 15:33:36.353
32610,4f48fbf3-d6c1-472a-ba5f-48bb8efbb48f,0.60708335,0.02375,0.02558036,0.04276042,0.00796875,0.0,0.10005952,0.70714287,2026-05-30,2026-03-17 15:33:36.353
32610,c247e7b4-0751-414a-b59b-701b8bf05443,0.71354168,0.10182292,0.00130208,0.0,0.0,0.0,0.103125,0.81666668,2026-05-13,2026-03-17 15:33:36.353
33061,278c5587-bba7-46ea-9c6a-d79aa8bd2a69,0.0,0.0,0.0,0.23420635,0.41412699,0.04354167,0.69187501,0.69187501,2026-07-22,2026-03-17 15:33:36.353
33092,4f48fbf3-d6c1-472a-ba5f-48bb8efbb48f,0.0,0.0,0.0,0.0,0.0,0.0,0.0,0.0,2029-03-08,2026-03-17 15:33:36.353
33092,c247e7b4-0751-414a-b59b-701b8bf05443,0.0,0.0,0.0,0.0,0.0,0.0,0.0,0.0,2029-02-21,2026-03-17 15:33:36.353
33093,4f48fbf3-d6c1-472a-ba5f-48bb8efbb48f,0.0025,0.0,0.03623809,0.16356548,0.2280449,0.10649647,0.53434493,0.53684493,2029-09-29,2026-03-17 15:33:36.353
33093,c247e7b4-0751-414a-b59b-701b8bf05443,0.0,0.0,0.11363637,0.03181818,0.03181818,0.01363636,0.19090909,0.19090909,2029-09-13,2026-03-17 15:33:36.353
33096,4f48fbf3-d6c1-472a-ba5f-48bb8efbb48f,0.83500001,0.0,0.0,0.02645881,0.04630292,0.01984411,0.09260584,0.92760585,2026-04-24,2026-03-17 15:33:36.353
33097,4f48fbf3-d6c1-472a-ba5f-48bb8efbb48f,0.78907802,0.00049645,0.04042553,0.04468822,0.04630292,0.01984411,0.15175723,0.94083525,2026-04-22,2026-03-17 15:33:36.353
33105,4f48fbf3-d6c1-472a-ba5f-48bb8efbb48f,0.49011228,0.00435539,0.05131967,0.0260089,0.18661187,0.01635407,0.2846499,0.77476218,2026-05-18,2026-03-17 15:33:36.353
33127,4f48fbf3-d6c1-472a-ba5f-48bb8efbb48f,0.61833334,0.00030882,0.02272946,0.00273032,0.00297187,0.00127366,0.03001413,0.64834747,2026-07-31,2026-03-17 15:33:36.353
33127,c247e7b4-0751-414a-b59b-701b8bf05443,0.57727274,0.0,0.22,0.07,0.01,0.0,0.3,0.87727275,2026-07-19,2026-03-17 15:33:36.353
33128,4f48fbf3-d6c1-472a-ba5f-48bb8efbb48f,0.60833334,0.0,0.04,0.06041667,0.00125,0.0,0.10166667,0.71000001,2026-08-14,2026-03-17 15:33:36.353
33128,c247e7b4-0751-414a-b59b-701b8bf05443,0.67727274,0.0,0.2,0.0,0.0,0.0,0.2,0.87727275,2026-08-02,2026-03-17 15:33:36.353
33132,278c5587-bba7-46ea-9c6a-d79aa8bd2a69,0.44502407,0.00111625,0.00111625,0.15153292,0.07319959,0.03726411,0.26422912,0.70925319,2027-02-03,2026-03-17 15:33:36.353
33132,8c9c6b42-7a12-4eb3-935b-fc0437e7f33f,0.0,0.0,0.0,0.24166667,0.22210885,0.16989796,0.63367348,0.63367348,2027-01-17,2026-03-17 15:33:36.353
33135,278c5587-bba7-46ea-9c6a-d79aa8bd2a69,0.27238096,0.0,0.0,0.19599065,0.0516284,0.12416667,0.37178572,0.64416668,2027-01-20,2026-03-17 15:33:36.353
33135,8c9c6b42-7a12-4eb3-935b-fc0437e7f33f,0.0,0.0,0.0,0.23571429,0.05,0.34183674,0.62755103,0.62755103,2027-01-03,2026-03-17 15:33:36.353
33137,278c5587-bba7-46ea-9c6a-d79aa8bd2a69,0.44166668,0.0,0.0,0.20666667,0.08595238,0.0,0.29261905,0.73428573,2027-11-03,2026-03-17 15:33:36.353
33140,278c5587-bba7-46ea-9c6a-d79aa8bd2a69,0.0,0.0,0.0,0.250625,0.3681875,0.00859375,0.62740626,0.62740626,2026-07-04,2026-03-17 15:33:36.353
33141,25482266-1cfe-469a-be26-3f0d69bf61c4,0.0255,0.0,0.0,0.21344444,0.20668254,0.16765476,0.58778174,0.61328174,2027-03-19,2026-03-17 15:33:36.353
33143,8c9c6b42-7a12-4eb3-935b-fc0437e7f33f,0.75000001,0.0,0.0,0.2,0.01346154,0.00576923,0.21923077,0.96923078,2026-04-16,2026-03-17 15:33:36.353
33145,8c9c6b42-7a12-4eb3-935b-fc0437e7f33f,0.65000001,0.0,0.0,0.3,0.01346154,0.00576923,0.31923077,0.96923078,2026-04-16,2026-03-17 15:33:36.353
33151,25482266-1cfe-469a-be26-3f0d69bf61c4,0.07477309,0.02652572,0.02719611,0.25011108,0.0215399,0.00923139,0.33460419,0.40937728,2026-09-11,2026-03-17 15:33:36.353
33151,8c9c6b42-7a12-4eb3-935b-fc0437e7f33f,0.85000001,0.0,0.0,0.1,0.01346154,0.00576923,0.11923077,0.96923078,2026-04-16,2026-03-17 15:33:36.353
33152,25482266-1cfe-469a-be26-3f0d69bf61c4,0.07708537,0.02951749,0.02951749,0.15097064,0.02161379,0.20714767,0.43876709,0.51585245,2026-10-05,2026-03-17 15:33:36.353
33152,8c9c6b42-7a12-4eb3-935b-fc0437e7f33f,0.85000001,0.0,0.0,0.0,0.0,0.0,0.0,0.85000001,2026-09-23,2026-03-17 15:33:36.353
33153,25482266-1cfe-469a-be26-3f0d69bf61c4,0.02144068,0.00652542,0.00652542,0.10939899,0.00773232,0.00331385,0.133496,0.15493668,2026-09-13,2026-03-17 15:33:36.353
33153,8c9c6b42-7a12-4eb3-935b-fc0437e7f33f,0.62500001,0.0,0.0,0.225,0.0,0.0,0.225,0.85000001,2026-09-30,2026-03-17 15:33:36.353
33154,4f48fbf3-d6c1-472a-ba5f-48bb8efbb48f,0.0,0.00833333,0.077947,0.280847,0.06945652,0.15758282,0.59416667,0.59416667,2026-05-22,2026-03-17 15:33:36.353
33154,c247e7b4-0751-414a-b59b-701b8bf05443,0.27327995,0.38061023,0.10061022,0.09549962,0.02857143,0.04285714,0.64814865,0.92142859,2026-05-13,2026-03-17 15:33:36.353
33217,278c5587-bba7-46ea-9c6a-d79aa8bd2a69,0.07516312,0.03794019,0.07155459,0.26803218,0.11081863,0.0069978,0.49534339,0.57050651,2026-06-15,2026-03-17 15:33:36.353
33240,278c5587-bba7-46ea-9c6a-d79aa8bd2a69,0.0,0.0,0.0,0.07298611,0.0,0.0,0.07298611,0.07298611,2026-05-28,2026-03-17 15:33:36.353
33241,8c9c6b42-7a12-4eb3-935b-fc0437e7f33f,0.85000001,0.0,0.0,0.1,0.01346154,0.00576923,0.11923077,0.96923078,2026-04-16,2026-03-17 15:33:36.353
33244,c247e7b4-0751-414a-b59b-701b8bf05443,0.0,0.01142857,0.16098039,0.08450981,0.09450981,0.04857143,0.40000001,0.40000001,2026-06-17,2026-03-17 15:33:36.353
33760,4f48fbf3-d6c1-472a-ba5f-48bb8efbb48f,0.62504049,0.01327955,0.05038236,0.01641429,0.03571667,0.0,0.11579286,0.74083334,2026-05-14,2026-03-17 15:33:36.353
33760,c247e7b4-0751-414a-b59b-701b8bf05443,0.64311825,0.00144628,0.00838253,0.08214286,0.06785714,0.01071429,0.1705431,0.81366135,2026-05-22,2026-03-17 15:33:36.353
33761,4f48fbf3-d6c1-472a-ba5f-48bb8efbb48f,0.57833335,0.0,0.02339286,0.07541667,0.0,0.0,0.09880952,0.67714287,2028-05-02,2026-03-17 15:33:36.353
33761,c247e7b4-0751-414a-b59b-701b8bf05443,0.40000001,0.0,0.17604972,0.08760646,0.03760646,0.01611705,0.31737968,0.71737969,2026-04-26,2026-03-17 15:33:36.353
33766,c247e7b4-0751-414a-b59b-701b8bf05443,0.0,0.0,0.0,0.0,0.0,0.0,0.0,0.0,2026-11-22,2026-03-17 15:33:36.353
33774,4f48fbf3-d6c1-472a-ba5f-48bb8efbb48f,0.0,0.0,0.0,0.0,0.0,0.0,0.0,0.0,2027-09-26,2026-03-17 15:33:36.353
33774,c247e7b4-0751-414a-b59b-701b8bf05443,0.0,0.0,0.0,0.0,0.0,0.0,0.0,0.0,2027-08-24,2026-03-17 15:33:36.353
33776,4f48fbf3-d6c1-472a-ba5f-48bb8efbb48f,0.0,0.0,0.07451746,0.14225053,0.26791116,0.09418844,0.57886758,0.57886758,2027-08-13,2026-03-17 15:33:36.353
33777,4f48fbf3-d6c1-472a-ba5f-48bb8efbb48f,0.0,0.0,0.0,0.0,0.0,0.0,0.0,0.0,2027-09-08,2026-03-17 15:33:36.353
33785,c247e7b4-0751-414a-b59b-701b8bf05443,0.0,0.0,0.0,0.0,0.0,0.0,0.0,0.0,2026-08-02,2026-03-17 15:33:36.353
34073,4f48fbf3-d6c1-472a-ba5f-48bb8efbb48f,0.0,0.0,0.0,0.0,0.0,0.0,0.0,0.0,2026-06-16,2026-03-17 15:33:36.353
34074,4f48fbf3-d6c1-472a-ba5f-48bb8efbb48f,0.0,0.0,0.07708333,0.31443453,0.30035715,0.03520833,0.72708334,0.72708334,2026-06-03,2026-03-17 15:33:36.353
34075,4f48fbf3-d6c1-472a-ba5f-48bb8efbb48f,0.0,0.0,0.0,0.14141666,0.3807262,0.11785715,0.64000001,0.64000001,2026-06-08,2026-03-17 15:33:36.353
34356,278c5587-bba7-46ea-9c6a-d79aa8bd2a69,0.01647017,0.01602392,0.01846578,0.01846578,0.01846578,0.00791391,0.07933517,0.09580534,2026-07-16,2026-03-17 15:33:36.353
34356,8c9c6b42-7a12-4eb3-935b-fc0437e7f33f,0.44805556,0.12768518,0.24185185,0.03240741,0.0,0.0,0.40194444,0.85,2026-05-21,2026-03-17 15:33:36.353
34357,278c5587-bba7-46ea-9c6a-d79aa8bd2a69,0.0,0.0,0.00125786,0.00220126,0.00220126,0.0009434,0.00660377,0.00660377,2026-07-01,2026-03-17 15:33:36.353
34357,8c9c6b42-7a12-4eb3-935b-fc0437e7f33f,0.36216578,0.07126708,0.11626708,0.30030006,0.0,0.0,0.48783422,0.85,2026-06-02,2026-03-17 15:33:36.353
34421,8c9c6b42-7a12-4eb3-935b-fc0437e7f33f,0.19833334,0.16966667,0.128,0.16917857,0.18482142,0.0,0.65166667,0.85,2026-05-27,2026-03-17 15:33:36.353
34422,8c9c6b42-7a12-4eb3-935b-fc0437e7f33f,0.12105263,0.08059211,0.08059211,0.46081872,0.22546296,0.00555556,0.85302144,0.97407408,2026-04-14,2026-03-17 15:33:36.353
34424,278c5587-bba7-46ea-9c6a-d79aa8bd2a69,0.0,0.0,0.0,0.0,0.0,0.0,0.0,0.0,2026-06-25,2026-03-17 15:33:36.353
34424,8c9c6b42-7a12-4eb3-935b-fc0437e7f33f,0.37857143,0.08285714,0.2697619,0.11880952,0.0,0.0,0.47142857,0.84999999,2026-05-16,2026-03-17 15:33:36.353
34561,8c9c6b42-7a12-4eb3-935b-fc0437e7f33f,0.0,0.0,0.0,0.24545455,0.33209648,0.05918367,0.6367347,0.6367347,2026-07-30,2026-03-17 15:33:36.353
34565,8c9c6b42-7a12-4eb3-935b-fc0437e7f33f,0.0,0.0,0.0,0.24545455,0.33209648,0.05918367,0.6367347,0.6367347,2026-07-13,2026-03-17 15:33:36.353
34566,8c9c6b42-7a12-4eb3-935b-fc0437e7f33f,0.0,0.0,0.0,0.24545455,0.33209648,0.05918367,0.6367347,0.6367347,2026-10-07,2026-03-17 15:33:36.353
34568,8c9c6b42-7a12-4eb3-935b-fc0437e7f33f,0.0,0.0,0.0,0.24545455,0.23209648,0.15918368,0.6367347,0.6367347,2026-10-18,2026-03-17 15:33:36.353
34877,4f48fbf3-d6c1-472a-ba5f-48bb8efbb48f,0.0,0.0,0.0,0.0,0.0,0.0,0.0,0.0,2026-07-14,2026-03-17 15:33:36.353
34879,4f48fbf3-d6c1-472a-ba5f-48bb8efbb48f,0.0,0.0,0.0,0.0,0.0,0.0,0.0,0.0,2026-06-16,2026-03-17 15:33:36.353
34880,4f48fbf3-d6c1-472a-ba5f-48bb8efbb48f,0.0,0.0,0.0,0.0,0.0,0.0,0.0,0.0,2026-08-18,2026-03-17 15:33:36.353
34881,4f48fbf3-d6c1-472a-ba5f-48bb8efbb48f,0.0,0.0,0.0,0.0,0.0,0.0,0.0,0.0,2026-08-24,2026-03-17 15:33:36.353
34888,4f48fbf3-d6c1-472a-ba5f-48bb8efbb48f,0.0,0.0,0.0,0.0,0.0,0.0,0.0,0.0,2026-07-01,2026-03-17 15:33:36.353
34889,4f48fbf3-d6c1-472a-ba5f-48bb8efbb48f,0.0,0.0,0.0,0.08766666,0.34935715,0.18988096,0.62690477,0.62690477,2026-06-21,2026-03-17 15:33:36.353
34892,4f48fbf3-d6c1-472a-ba5f-48bb8efbb48f,0.0,0.0,0.0,0.0,0.0,0.0,0.0,0.0,2026-06-30,2026-03-17 15:33:36.353
34894,4f48fbf3-d6c1-472a-ba5f-48bb8efbb48f,0.0,0.0,0.0,0.0,0.0,0.0,0.0,0.0,2026-07-07,2026-03-17 15:33:36.353
34913,4f48fbf3-d6c1-472a-ba5f-48bb8efbb48f,0.0,0.0,0.0,0.0,0.0,0.0,0.0,0.0,2026-06-21,2026-03-17 15:33:36.353
35231,278c5587-bba7-46ea-9c6a-d79aa8bd2a69,0.19997574,0.0292461,0.03861118,0.26438449,0.13692867,0.00586038,0.47503082,0.67500656,2026-05-25,2026-03-17 15:33:36.353
35231,8c9c6b42-7a12-4eb3-935b-fc0437e7f33f,0.81973685,0.00921053,0.00921053,0.12267207,0.01609312,0.00576923,0.16295547,0.98269232,2026-04-09,2026-03-17 15:33:36.353
35486,c247e7b4-0751-414a-b59b-701b8bf05443,0.1,0.00512821,0.00897436,0.00897436,0.00897436,0.00384615,0.03589744,0.13589744,2029-09-11,2026-03-17 15:33:36.353
35487,c247e7b4-0751-414a-b59b-701b8bf05443,0.1,0.0,0.0,0.0,0.0,0.0,0.0,0.1,2029-09-28,2026-03-17 15:33:36.353
35488,c247e7b4-0751-414a-b59b-701b8bf05443,0.1,0.0,0.0,0.0,0.0,0.0,0.0,0.1,2029-10-15,2026-03-17 15:33:36.353
35489,c247e7b4-0751-414a-b59b-701b8bf05443,0.1,0.0,0.0,0.0,0.0,0.0,0.0,0.1,2029-11-01,2026-03-17 15:33:36.353
35492,4f48fbf3-d6c1-472a-ba5f-48bb8efbb48f,0.60139167,0.01795104,0.06745294,0.13955587,0.04501615,0.01929264,0.28926864,0.89066031,2026-04-27,2026-03-17 15:33:36.353
35492,c247e7b4-0751-414a-b59b-701b8bf05443,0.66158717,0.02057897,0.07431535,0.10277778,0.05833333,0.025,0.28100543,0.9425926,2026-04-13,2026-03-17 15:33:36.353
35493,4f48fbf3-d6c1-472a-ba5f-48bb8efbb48f,0.48135331,0.0247685,0.00810183,0.00810183,0.00810183,0.00347221,0.05254622,0.53389953,2026-06-05,2026-03-17 15:33:36.353
35493,c247e7b4-0751-414a-b59b-701b8bf05443,0.4669697,0.06878788,0.00212121,0.00212121,0.10212121,0.00090909,0.17606061,0.64303031,2026-07-13,2026-03-17 15:33:36.353
35494,4f48fbf3-d6c1-472a-ba5f-48bb8efbb48f,0.007125,0.04447421,0.08268452,0.16674689,0.34730273,0.04916667,0.69037501,0.69750001,2029-12-08,2026-03-17 15:33:36.353
35494,c247e7b4-0751-414a-b59b-701b8bf05443,0.327,0.16966667,0.10055556,0.21944445,0.0,0.0,0.48966668,0.81666668,2026-05-16,2026-03-17 15:33:36.353
35495,4f48fbf3-d6c1-472a-ba5f-48bb8efbb48f,0.82236508,0.00038889,0.00669545,0.04414593,0.04414593,0.01597851,0.1113547,0.93371979,2026-04-21,2026-03-17 15:33:36.353
35495,c247e7b4-0751-414a-b59b-701b8bf05443,0.81666668,0.0,0.05,0.05740741,0.01296296,0.00555556,0.12592593,0.9425926,2026-04-13,2026-03-17 15:33:36.353
35500,4f48fbf3-d6c1-472a-ba5f-48bb8efbb48f,0.49666668,0.00088235,0.05284314,0.03805147,0.01655637,0.0,0.10833333,0.60500001,2027-08-17,2026-03-17 15:33:36.353
35500,c247e7b4-0751-414a-b59b-701b8bf05443,0.4826087,0.01786259,0.07400951,0.06687135,0.04432585,0.01675523,0.21982453,0.70243323,2026-05-24,2026-03-17 15:33:36.353
35529,4f48fbf3-d6c1-472a-ba5f-48bb8efbb48f,0.47004763,0.0,0.28822618,0.02436508,0.08155857,0.01933635,0.41348619,0.88353381,2026-05-03,2026-03-17 15:33:36.353
35534,4f48fbf3-d6c1-472a-ba5f-48bb8efbb48f,0.00833333,0.0,0.10125,0.11541667,0.25202382,0.10476191,0.57345239,0.58178572,2026-07-06,2026-03-17 15:33:36.353
35534,c247e7b4-0751-414a-b59b-701b8bf05443,0.0,0.0,0.11363637,0.03181818,0.03181818,0.01363636,0.19090909,0.19090909,2026-06-30,2026-03-17 15:33:36.353
35572,4f48fbf3-d6c1-472a-ba5f-48bb8efbb48f,0.60561906,0.01651191,0.04838492,0.04080357,0.10860119,0.01261312,0.22691471,0.83253376,2026-05-07,2026-03-17 15:33:36.353
35572,c247e7b4-0751-414a-b59b-701b8bf05443,0.5557497,0.22845142,0.10675116,0.08632047,0.00925926,0.00555556,0.43633786,0.99208756,2026-04-19,2026-03-17 15:33:36.353
35592,4f48fbf3-d6c1-472a-ba5f-48bb8efbb48f,0.00833333,0.0,0.0,0.0,0.0,0.0,0.0,0.00833333,2026-08-03,2026-03-17 15:33:36.353
35592,c247e7b4-0751-414a-b59b-701b8bf05443,0.1,0.0,0.0,0.02608696,0.03043478,0.01304348,0.06956522,0.16956522,2026-07-27,2026-03-17 15:33:36.353
35607,4f48fbf3-d6c1-472a-ba5f-48bb8efbb48f,0.6264881,0.00458333,0.04863095,0.05863095,0.0,0.0,0.11184524,0.73833334,2026-05-19,2026-03-17 15:33:36.353
35607,c247e7b4-0751-414a-b59b-701b8bf05443,0.46685411,0.14452954,0.12786287,0.13802623,0.1,0.0,0.51041864,0.97727275,2026-04-29,2026-03-17 15:33:36.353
35608,4f48fbf3-d6c1-472a-ba5f-48bb8efbb48f,0.57933334,0.0,0.04625,0.01875,0.0,0.0,0.065,0.64433334,2026-05-31,2026-03-17 15:33:36.353
35608,c247e7b4-0751-414a-b59b-701b8bf05443,0.62954513,0.01270129,0.11150068,0.0543648,0.06916084,0.0,0.24772761,0.87727275,2026-05-12,2026-03-17 15:33:36.353
35670,4f48fbf3-d6c1-472a-ba5f-48bb8efbb48f,0.0,0.0,0.03223809,0.16256548,0.2280449,0.10649647,0.52934493,0.52934493,2026-07-31,2026-03-17 15:33:36.353
35670,c247e7b4-0751-414a-b59b-701b8bf05443,0.01666667,0.0,0.14090909,0.03181818,0.03181818,0.01363636,0.21818182,0.23484849,2026-07-14,2026-03-17 15:33:36.353
35671,4f48fbf3-d6c1-472a-ba5f-48bb8efbb48f,0.0,0.0,0.0,0.0,0.0,0.0,0.0,0.0,2027-03-03,2026-03-17 15:33:36.353
35671,c247e7b4-0751-414a-b59b-701b8bf05443,0.0,0.0,0.0,0.0,0.0,0.0,0.0,0.0,2027-02-15,2026-03-17 15:33:36.353
35673,4f48fbf3-d6c1-472a-ba5f-48bb8efbb48f,0.0,0.0,0.0,0.0,0.0,0.0,0.0,0.0,2027-05-30,2026-03-17 15:33:36.353
35673,c247e7b4-0751-414a-b59b-701b8bf05443,0.0,0.0,0.0,0.0,0.0,0.0,0.0,0.0,2027-05-13,2026-03-17 15:33:36.353
35797,278c5587-bba7-46ea-9c6a-d79aa8bd2a69,0.73469025,0.00247317,0.00247317,0.03997317,0.03997317,0.00293493,0.08782763,0.82251787,2026-05-16,2026-03-17 15:33:36.353
35842,4f48fbf3-d6c1-472a-ba5f-48bb8efbb48f,0.0,0.0,0.0,0.0,0.0,0.0,0.0,0.0,2026-12-26,2026-03-17 15:33:36.353
35842,c247e7b4-0751-414a-b59b-701b8bf05443,0.0,0.0,0.0,0.0,0.0,0.0,0.0,0.0,2026-12-09,2026-03-17 15:33:36.353
35846,4f48fbf3-d6c1-472a-ba5f-48bb8efbb48f,0.43500001,0.0,0.1575,0.03457317,0.00056911,0.0002439,0.19288618,0.62788619,2028-03-26,2026-03-17 15:33:36.353
35846,c247e7b4-0751-414a-b59b-701b8bf05443,0.1,0.0,0.0,0.0,0.0,0.0,0.0,0.1,2028-03-11,2026-03-17 15:33:36.353
35847,c247e7b4-0751-414a-b59b-701b8bf05443,0.0,0.0,0.0,0.0,0.0,0.0,0.0,0.0,2028-03-28,2026-03-17 15:33:36.353
35856,4f48fbf3-d6c1-472a-ba5f-48bb8efbb48f,0.76083801,0.01107571,0.06734555,0.04858011,0.04414593,0.01891968,0.19006697,0.95090498,2026-04-23,2026-03-17 15:33:36.353
36011,278c5587-bba7-46ea-9c6a-d79aa8bd2a69,0.20748876,0.04567357,0.04567357,0.43263482,0.01105945,0.00134691,0.53638832,0.74387709,2026-06-08,2026-03-17 15:33:36.353
36034,4f48fbf3-d6c1-472a-ba5f-48bb8efbb48f,0.00833333,0.0,0.0,0.0,0.0,0.0,0.0,0.00833333,2026-07-23,2026-03-17 15:33:36.353
36034,c247e7b4-0751-414a-b59b-701b8bf05443,0.0,0.0,0.11363637,0.03181818,0.03181818,0.01363636,0.19090909,0.19090909,2026-07-15,2026-03-17 15:33:36.353
36064,8c9c6b42-7a12-4eb3-935b-fc0437e7f33f,0.63958334,0.00486111,0.00486111,0.20069445,0.05,0.05,0.31041667,0.95000001,2026-05-05,2026-03-17 15:33:36.353
36065,8c9c6b42-7a12-4eb3-935b-fc0437e7f33f,0.0,0.0,0.0,0.23571429,0.05,0.29183674,0.57755103,0.57755103,2026-07-06,2026-03-17 15:33:36.353
36066,8c9c6b42-7a12-4eb3-935b-fc0437e7f33f,0.0,0.0,0.0,0.23571429,0.05,0.19183674,0.47755103,0.47755103,2026-07-23,2026-03-17 15:33:36.353
36072,278c5587-bba7-46ea-9c6a-d79aa8bd2a69,0.21506583,0.12271168,0.12503534,0.21145365,0.0697703,0.01037684,0.5393478,0.75441362,2026-06-17,2026-03-17 15:33:36.353
36072,8c9c6b42-7a12-4eb3-935b-fc0437e7f33f,0.8375,0.0,0.0,0.21346154,0.01346154,0.00576923,0.23269231,1.0,2026-04-09,2026-03-17 15:33:36.353
36073,278c5587-bba7-46ea-9c6a-d79aa8bd2a69,0.07622257,0.02276767,0.04066006,0.42064452,0.16737187,0.0,0.65144411,0.72766668,2028-04-02,2026-03-17 15:33:36.353
36073,8c9c6b42-7a12-4eb3-935b-fc0437e7f33f,0.6031746,0.23253968,0.01111111,0.1031746,0.0,0.0,0.3468254,0.95,2028-03-17,2026-03-17 15:33:36.353
36074,278c5587-bba7-46ea-9c6a-d79aa8bd2a69,0.07824557,0.02931152,0.03033716,0.2784281,0.19813004,0.0,0.53620682,0.61445239,2027-01-11,2026-03-17 15:33:36.353
36074,8c9c6b42-7a12-4eb3-935b-fc0437e7f33f,0.62857143,0.0,0.0,0.26428572,0.05714286,0.00576923,0.32719781,0.95576923,2026-04-23,2026-03-17 15:33:36.353
36093,278c5587-bba7-46ea-9c6a-d79aa8bd2a69,0.14392653,0.03129776,0.02902503,0.49978025,0.01154855,0.00494938,0.57660097,0.72052749,2026-06-05,2026-03-17 15:33:36.353
36106,278c5587-bba7-46ea-9c6a-d79aa8bd2a69,0.05529275,0.0499909,0.04821168,0.29971735,0.26659686,0.0,0.66451678,0.71980954,2026-05-27,2026-03-17 15:33:36.353
36106,8c9c6b42-7a12-4eb3-935b-fc0437e7f33f,0.44140868,0.06400929,0.08900929,0.25557276,0.0,0.05,0.45859134,0.90000001,2026-05-05,2026-03-17 15:33:36.353
36108,8c9c6b42-7a12-4eb3-935b-fc0437e7f33f,0.05,0.0,0.0,0.0,0.0,0.0,0.0,0.05,2026-01-27,2026-03-17 15:33:36.353
36109,8c9c6b42-7a12-4eb3-935b-fc0437e7f33f,0.85000001,0.0,0.0,0.1,0.01346154,0.00576923,0.11923077,0.96923078,2026-04-16,2026-03-17 15:33:36.353
36124,278c5587-bba7-46ea-9c6a-d79aa8bd2a69,0.11778908,0.0226378,0.02450447,0.47041216,0.08137078,0.00119048,0.60011569,0.71790477,2026-06-23,2026-03-17 15:33:36.353
36125,278c5587-bba7-46ea-9c6a-d79aa8bd2a69,0.12125944,0.03173354,0.03173354,0.52118618,0.1400873,0.01919142,0.74393199,0.86519143,2026-05-06,2026-03-17 15:33:36.353
36343,8c9c6b42-7a12-4eb3-935b-fc0437e7f33f,0.69130041,0.01716507,0.01716507,0.25068813,0.04560439,0.00576923,0.3363919,1.0,2026-04-09,2026-03-17 15:33:36.353
36345,278c5587-bba7-46ea-9c6a-d79aa8bd2a69,0.33354637,0.02377332,0.02420067,0.32272724,0.0064576,0.00245345,0.37961227,0.71315864,2026-05-22,2026-03-17 15:33:36.353
36345,8c9c6b42-7a12-4eb3-935b-fc0437e7f33f,0.85000002,0.0,0.0,0.1,0.01346154,0.00576923,0.11923077,0.96923079,2026-04-16,2026-03-17 15:33:36.353
36494,278c5587-bba7-46ea-9c6a-d79aa8bd2a69,0.69018331,0.0045194,0.0045194,0.01760512,0.0031194,0.00133689,0.03110022,0.72128353,2026-06-13,2026-03-17 15:33:36.353
36513,278c5587-bba7-46ea-9c6a-d79aa8bd2a69,0.0,0.0,0.0,0.0,0.0,0.0,0.0,0.0,2026-06-24,2026-03-17 15:33:36.353
36513,8c9c6b42-7a12-4eb3-935b-fc0437e7f33f,0.01153846,0.13406594,0.05192308,0.05192308,0.03269231,0.01071429,0.28131869,0.29285715,2026-05-20,2026-03-17 15:33:36.353
36578,4f48fbf3-d6c1-472a-ba5f-48bb8efbb48f,0.0,0.0125,0.06014285,0.16689456,0.34629593,0.09166667,0.67750001,0.67750001,2026-06-13,2026-03-17 15:33:36.353
36578,c247e7b4-0751-414a-b59b-701b8bf05443,0.1,0.0,0.75000002,0.0,0.0,0.0,0.75000002,0.85000002,2026-06-04,2026-03-17 15:33:36.353
36735,278c5587-bba7-46ea-9c6a-d79aa8bd2a69,0.0,0.00539683,0.01296296,0.05582011,0.01296296,0.00555556,0.09269841,0.09269841,2026-06-18,2026-03-17 15:33:36.353
36735,8c9c6b42-7a12-4eb3-935b-fc0437e7f33f,0.8159091,0.01590909,0.01590909,0.11573427,0.01346154,0.00576923,0.16678322,0.98269232,2026-04-09,2026-03-17 15:33:36.353
36736,278c5587-bba7-46ea-9c6a-d79aa8bd2a69,0.03422734,0.01276442,0.01276442,0.05562157,0.01276442,0.00547047,0.09938531,0.13361265,2026-06-16,2026-03-17 15:33:36.353
36736,8c9c6b42-7a12-4eb3-935b-fc0437e7f33f,0.68717392,0.01521739,0.01521739,0.22632851,0.03013688,0.00555556,0.29245572,0.97962964,2026-04-11,2026-03-17 15:33:36.353
36737,278c5587-bba7-46ea-9c6a-d79aa8bd2a69,0.0,0.00245536,0.00864583,0.00864583,0.00864583,0.0465625,0.07495536,0.07495536,2026-06-10,2026-03-17 15:33:36.353
36737,8c9c6b42-7a12-4eb3-935b-fc0437e7f33f,0.47208902,0.24717933,0.03217933,0.13217933,0.04237299,0.01976923,0.47368022,0.94576924,2026-04-23,2026-03-17 15:33:36.353
36738,278c5587-bba7-46ea-9c6a-d79aa8bd2a69,0.0,0.00170807,0.00889493,0.00889493,0.00889493,0.00381211,0.03220497,0.03220497,2026-06-13,2026-03-17 15:33:36.353
36738,8c9c6b42-7a12-4eb3-935b-fc0437e7f33f,0.2831579,0.27385965,0.02885965,0.16412281,0.11666667,0.05,0.63350878,0.91666667,2026-05-07,2026-03-17 15:33:36.353
36751,278c5587-bba7-46ea-9c6a-d79aa8bd2a69,0.04617348,0.02279127,0.02279127,0.02279127,0.02279127,0.05722495,0.14839001,0.19456349,2026-06-09,2026-03-17 15:33:36.353
36752,278c5587-bba7-46ea-9c6a-d79aa8bd2a69,0.07899516,0.00372285,0.00866729,0.39497683,0.00616729,0.00264313,0.41617739,0.49517255,2026-06-07,2026-03-17 15:33:36.353
36753,278c5587-bba7-46ea-9c6a-d79aa8bd2a69,0.0,0.0,0.0,0.0,0.0,0.0,0.0,0.0,2026-06-16,2026-03-17 15:33:36.353
36753,8c9c6b42-7a12-4eb3-935b-fc0437e7f33f,0.65000001,0.0,0.0,0.2,0.0,0.0,0.2,0.85000001,2026-05-27,2026-03-17 15:33:36.353
36754,278c5587-bba7-46ea-9c6a-d79aa8bd2a69,0.04997816,0.0087833,0.0087833,0.42283621,0.10461905,0.0,0.54502186,0.59500001,2026-06-23,2026-03-17 15:33:36.353
36754,8c9c6b42-7a12-4eb3-935b-fc0437e7f33f,0.0,0.0,0.0,0.32857143,0.05,0.1375,0.51607144,0.51607144,2026-06-06,2026-03-17 15:33:36.353
36755,278c5587-bba7-46ea-9c6a-d79aa8bd2a69,0.0,0.0,0.0,0.36985119,0.22514882,0.0,0.59500001,0.59500001,2026-06-23,2026-03-17 15:33:36.353
36925,278c5587-bba7-46ea-9c6a-d79aa8bd2a69,0.0,0.0,0.0,0.0,0.0,0.0,0.0,0.0,2026-07-10,2026-03-17 15:33:36.353
36925,8c9c6b42-7a12-4eb3-935b-fc0437e7f33f,0.02916667,0.13416667,0.06416667,0.0475,0.35561225,0.03418367,0.63562926,0.66479593,2030-06-27,2026-03-17 15:33:36.353
36926,278c5587-bba7-46ea-9c6a-d79aa8bd2a69,0.0,0.0,0.0,0.0,0.0,0.0,0.0,0.0,2026-06-23,2026-03-17 15:33:36.353
36926,8c9c6b42-7a12-4eb3-935b-fc0437e7f33f,0.18194445,0.28472223,0.07202381,0.31130952,0.0,0.0,0.66805555,0.85,2030-06-14,2026-03-17 15:33:36.353
36927,278c5587-bba7-46ea-9c6a-d79aa8bd2a69,0.0,0.0,0.00125786,0.00220126,0.00220126,0.0009434,0.00660377,0.00660377,2026-07-04,2026-03-17 15:33:36.353
36927,8c9c6b42-7a12-4eb3-935b-fc0437e7f33f,0.24090909,0.36099567,0.02333333,0.22476191,0.0,0.0,0.60909091,0.85,2030-06-01,2026-03-17 15:33:36.353
37133,278c5587-bba7-46ea-9c6a-d79aa8bd2a69,0.0,0.0,0.0,0.51535714,0.29556548,0.03800595,0.84892858,0.84892858,2026-05-10,2026-03-17 15:33:36.353
37225,278c5587-bba7-46ea-9c6a-d79aa8bd2a69,0.07552169,0.02926087,0.05377281,0.35648114,0.11150439,0.00257185,0.55359105,0.62911274,2026-06-05,2026-03-17 15:33:36.353
37236,278c5587-bba7-46ea-9c6a-d79aa8bd2a69,0.0,0.0,0.0,0.20760582,0.27125813,0.13094558,0.60980953,0.60980953,2026-06-01,2026-03-17 15:33:36.353
37237,278c5587-bba7-46ea-9c6a-d79aa8bd2a69,0.0,0.0,0.0,0.17869899,0.3821252,0.05906594,0.61989012,0.61989012,2026-06-06,2026-03-17 15:33:36.353
37238,278c5587-bba7-46ea-9c6a-d79aa8bd2a69,0.0,0.0,0.0,0.21169898,0.3491252,0.05906594,0.61989012,0.61989012,2026-06-18,2026-03-17 15:33:36.353
37477,c247e7b4-0751-414a-b59b-701b8bf05443,0.0,0.0,0.125,0.05833333,0.10238095,0.28720239,0.57291668,0.57291668,2026-08-10,2026-03-17 15:33:36.353
37603,278c5587-bba7-46ea-9c6a-d79aa8bd2a69,0.14358617,0.11444773,0.03780696,0.28456139,0.10102633,0.0002381,0.5380805,0.68166668,2026-06-11,2026-03-17 15:33:36.353
37603,8c9c6b42-7a12-4eb3-935b-fc0437e7f33f,0.75000002,0.0,0.0,0.2,0.01346154,0.00576923,0.21923077,0.96923079,2026-04-16,2026-03-17 15:33:36.353
37604,278c5587-bba7-46ea-9c6a-d79aa8bd2a69,0.0,0.0,0.01110482,0.03389808,0.03389808,0.00534408,0.08424507,0.08424507,2026-06-15,2026-03-17 15:33:36.353
37604,8c9c6b42-7a12-4eb3-935b-fc0437e7f33f,0.175,0.215,0.0,0.56192308,0.01346154,0.00576923,0.79615386,0.97115386,2026-04-15,2026-03-17 15:33:36.353
37605,278c5587-bba7-46ea-9c6a-d79aa8bd2a69,0.05774728,0.03083319,0.01162579,0.00987141,0.00987141,0.0042306,0.0664324,0.12417968,2026-06-14,2026-03-17 15:33:36.353
37605,8c9c6b42-7a12-4eb3-935b-fc0437e7f33f,0.62,0.0,0.0,0.27285715,0.05714286,0.0,0.33,0.95000001,2026-04-28,2026-03-17 15:33:36.353
37606,8c9c6b42-7a12-4eb3-935b-fc0437e7f33f,0.04827586,0.1508046,0.0708046,0.3122578,0.26785714,0.0,0.80172414,0.85,2026-05-21,2026-03-17 15:33:36.353
37607,8c9c6b42-7a12-4eb3-935b-fc0437e7f33f,0.0,0.0,0.0,0.23571429,0.05,0.29183674,0.57755103,0.57755103,2026-06-07,2026-03-17 15:33:36.353
37616,4f48fbf3-d6c1-472a-ba5f-48bb8efbb48f,0.48637821,0.03794365,0.16128097,0.03089636,0.11719215,0.01956263,0.36687576,0.85325397,2026-05-09,2026-03-17 15:33:36.353
37616,c247e7b4-0751-414a-b59b-701b8bf05443,0.70807189,0.01697002,0.07252558,0.17993299,0.02023198,0.00804973,0.2977103,1.0,2026-04-11,2026-03-17 15:33:36.353
37617,4f48fbf3-d6c1-472a-ba5f-48bb8efbb48f,0.41035715,0.00214286,0.04867063,0.03208333,0.18916666,0.02011312,0.29217661,0.70253376,2026-05-07,2026-03-17 15:33:36.353
37617,c247e7b4-0751-414a-b59b-701b8bf05443,0.19345239,0.37473485,0.25647728,0.06462121,0.02808275,0.01203546,0.73595156,0.92940395,2026-04-25,2026-03-17 15:33:36.353
37619,4f48fbf3-d6c1-472a-ba5f-48bb8efbb48f,0.0,0.0,0.0,0.0,0.0,0.0,0.0,0.0,2026-08-26,2026-03-17 15:33:36.353
37619,c247e7b4-0751-414a-b59b-701b8bf05443,0.0,0.0,0.11363637,0.03181818,0.03181818,0.01363636,0.19090909,0.19090909,2026-08-09,2026-03-17 15:33:36.353
37620,4f48fbf3-d6c1-472a-ba5f-48bb8efbb48f,0.01126455,0.03068533,0.02308511,0.01308511,0.01308511,0.0056079,0.08554856,0.09681311,2026-07-06,2026-03-17 15:33:36.353
37620,c247e7b4-0751-414a-b59b-701b8bf05443,0.45498367,0.02544935,0.369567,0.0,0.06666667,0.03333333,0.49501635,0.95000002,2026-05-06,2026-03-17 15:33:36.353
37621,c247e7b4-0751-414a-b59b-701b8bf05443,0.0,0.0,0.15,0.12142857,0.3702381,0.16944445,0.81111113,0.81111113,2027-04-20,2026-03-17 15:33:36.353
37622,4f48fbf3-d6c1-472a-ba5f-48bb8efbb48f,0.01552868,0.01357249,0.00751535,0.10604709,0.15986868,0.16861389,0.4556175,0.47114619,2026-06-08,2026-03-17 15:33:36.353
37622,c247e7b4-0751-414a-b59b-701b8bf05443,0.47380954,0.025,0.35119048,0.0,0.0,0.0,0.37619048,0.85000002,2026-05-21,2026-03-17 15:33:36.353
37624,4f48fbf3-d6c1-472a-ba5f-48bb8efbb48f,0.62248424,0.02879039,0.03816539,0.06277831,0.06701068,0.00935073,0.20609551,0.82857975,2026-05-27,2026-03-17 15:33:36.353
37624,c247e7b4-0751-414a-b59b-701b8bf05443,0.85732509,0.00785136,0.06340691,0.06720791,0.01296296,0.00555556,0.15698469,1.0,2026-04-07,2026-03-17 15:33:36.353
37625,4f48fbf3-d6c1-472a-ba5f-48bb8efbb48f,0.73540235,0.03479547,0.00748344,0.00541577,0.00541577,0.00232104,0.0554315,0.79083384,2026-07-03,2026-03-17 15:33:36.353
37625,c247e7b4-0751-414a-b59b-701b8bf05443,0.8341927,0.02048083,0.07261427,0.06850347,0.01296296,0.00555556,0.18011708,1.0,2026-04-07,2026-03-17 15:33:36.353
37695,c247e7b4-0751-414a-b59b-701b8bf05443,0.0,0.0,0.13,0.07555556,0.03888889,0.01666667,0.26111112,0.26111112,2026-06-14,2026-03-17 15:33:36.353
37797,8c9c6b42-7a12-4eb3-935b-fc0437e7f33f,0.05438597,0.17493735,0.06541353,0.40050126,0.2547619,0.00185185,0.89746589,0.95185185,2026-04-26,2026-03-17 15:33:36.353
5087,6d07e3a5-d89b-47ac-9163-8a71e8ade03d,0.28959841,0.02944005,0.01314103,0.00897436,0.00384615,0.0,0.05540158,0.345,2026-03-24,2026-03-17 15:33:36.353
5676,b824c9d0-374f-494f-a1de-4daf2441051e,0.0,0.0,0.0,0.0,0.0,0.0,0.0,0.0,2026-05-30,2026-03-17 15:33:36.353
628,b824c9d0-374f-494f-a1de-4daf2441051e,0.0144186,0.00325581,0.09346844,0.22219048,0.39291667,0.03505656,0.74688797,0.76130657,2026-05-08,2026-03-17 15:33:36.353
6581,b824c9d0-374f-494f-a1de-4daf2441051e,0.0,0.0,0.0,0.0,0.0,0.0,0.0,0.0,2026-05-26,2026-03-17 15:33:36.353
664,84ebfdb6-8f5d-4379-92cc-72498bd11146,0.50805472,0.00585106,0.21763678,0.06845745,0.07558857,0.01919142,0.38672528,0.89478,2026-05-02,2026-03-17 15:33:36.353
685,84ebfdb6-8f5d-4379-92cc-72498bd11146,0.0,0.0,0.23542858,0.4048393,0.18734527,0.01891968,0.84653283,0.84653283,2026-05-04,2026-03-17 15:33:36.353
726,f102ddd1-cc28-4441-befc-0c01ecc795bf,0.0,0.0,0.28247864,0.336814,0.04501615,0.01929264,0.68360143,0.68360143,2026-04-25,2026-03-17 15:33:36.353
729,b824c9d0-374f-494f-a1de-4daf2441051e,0.15318734,0.03906909,0.30368694,0.33593164,0.0502794,0.01929264,0.7482597,0.90144704,2026-04-30,2026-03-17 15:33:36.353
7384,b824c9d0-374f-494f-a1de-4daf2441051e,0.0,0.0,0.045,0.27500001,0.19678266,0.01767399,0.53445666,0.53445666,2026-05-07,2026-03-17 15:33:36.353
7583,f102ddd1-cc28-4441-befc-0c01ecc795bf,0.0,0.0,0.38205129,0.33724136,0.04501615,0.01929264,0.78360143,0.78360143,2026-04-25,2026-03-17 15:33:36.353
782,84ebfdb6-8f5d-4379-92cc-72498bd11146,0.0,0.0,0.0,0.0,0.0,0.0,0.0,0.0,2026-05-02,2026-03-17 15:33:36.353
787,84ebfdb6-8f5d-4379-92cc-72498bd11146,0.0,0.0,0.24044231,0.29157968,0.25797803,0.01891968,0.8089197,0.8089197,2026-05-06,2026-03-17 15:33:36.353
8495,6d07e3a5-d89b-47ac-9163-8a71e8ade03d,0.28329185,0.03238122,0.01522436,0.00897436,0.00512821,0.0,0.06170815,0.345,2026-03-25,2026-03-17 15:33:36.353
8571,a4f2f41b-f539-4ad4-b275-95b53c5c9c7d,0.74215313,0.09775917,0.03385756,0.05546296,0.04474868,0.01305556,0.24488393,0.98703706,2026-04-07,2026-03-17 15:33:36.353
8572,a4f2f41b-f539-4ad4-b275-95b53c5c9c7d,0.04166667,0.04166667,0.695,0.1028836,0.05462963,0.0234127,0.9175926,0.95925927,2026-04-13,2026-03-17 15:33:36.353
8615,b824c9d0-374f-494f-a1de-4daf2441051e,0.01085714,0.07914637,0.2676981,0.2286126,0.06529294,0.03839286,0.67914287,0.69000001,2026-05-14,2026-03-17 15:33:36.353
900,f102ddd1-cc28-4441-befc-0c01ecc795bf,0.55208334,0.0,0.06683635,0.04414593,0.04414593,0.01009615,0.16522436,0.7173077,2026-04-19,2026-03-17 15:33:36.353
