pdo_well_id,well_name_after_spud,rig_no,incomplete_prob_w4,completion_prob_w4,incomplete_prob_w8,completion_prob_w8,incomplete_prob_w12,completion_prob_w12,incomplete_prob_w16,completion_prob_w16,incomplete_prob_w20,completion_prob_w20,incomplete_prob_w24,completion_prob_w24,incomplete_prob_w26,completion_prob_w26
10205,RKDS_2026_OP_LOC3,SWER149,0.5216682776672589,0.4783317223327411,0.39167019324665214,0.6083298067533478,0.39167019324665214,0.6083298067533478,0.39167019324665214,0.6083298067533478,0.39167019324665214,0.6083298067533478,0.39167019324665214,0.6083298067533478,0.39167019324665214,0.6083298067533478
10206,RAKID-220,SWER149,0.5903078931168105,0.40969210688318947,0.468004390049402,0.531995609950598,0.468004390049402,0.531995609950598,0.468004390049402,0.531995609950598,0.468004390049402,0.531995609950598,0.468004390049402,0.531995609950598,0.468004390049402,0.531995609950598
10207,RKDS_2026_OP_LOC18,SWER149,0.929113639840434,0.07088636015956595,0.8995073629509337,0.1004926370490663,0.8995073629509337,0.1004926370490663,0.8995073629509337,0.1004926370490663,0.8995073629509337,0.1004926370490663,0.8995073629509337,0.1004926370490663,0.8995073629509337,0.1004926370490663
10208,RKDS_2026_OP_LOC5,SWER149,0.7179828273639575,0.28201717263604253,0.6204965194466496,0.37950348055335037,0.6204965194466496,0.37950348055335037,0.6204965194466496,0.37950348055335037,0.6204965194466496,0.37950348055335037,0.6204965194466496,0.37950348055335037,0.6204965194466496,0.37950348055335037
10239,RKDS_2026_WI_LOC6,SWER149,0.9452922433346653,0.05470775666533467,0.9221554899252665,0.07784451007473348,0.9221554899252665,0.07784451007473348,0.9221554899252665,0.07784451007473348,0.9221554899252665,0.07784451007473348,0.9221554899252665,0.07784451007473348,0.9221554899252665,0.07784451007473348
23552,RASW_GH_WI_LOC4,SWERIG81,0.41676110899749036,0.5832388910025097,0.2834432482242057,0.7165567517757943,0.2834432482242057,0.7165567517757943,0.2834432482242057,0.7165567517757943,0.2834432482242057,0.7165567517757943,0.2834432482242057,0.7165567517757943,0.2834432482242057,0.7165567517757943
24665,ALBRG_1405250004_OP4,SWER101,0.8706243312552191,0.1293756687447809,0.8190854589604416,0.1809145410395584,0.8190854589604416,0.1809145410395584,0.8190854589604416,0.1809145410395584,0.8190854589604416,0.1809145410395584,0.8190854589604416,0.1809145410395584,0.8190854589604416,0.1809145410395584
25029,DB_I5_SPOT_EXP_UND_WI1,SWER126,0.9604149892946527,0.03958501070534726,0.9434805412494537,0.056519458750546314,0.9434805412494537,0.056519458750546314,0.9434805412494537,0.056519458750546314,0.9434805412494537,0.056519458750546314,0.9434805412494537,0.056519458750546314,0.9434805412494537,0.056519458750546314
25091,RKDS_2026_OP_LOC8,SWER149,0.46809462938110014,0.5319053706188999,0.33506710177140114,0.6649328982285989,0.33506710177140114,0.6649328982285989,0.33506710177140114,0.6649328982285989,0.33506710177140114,0.6649328982285989,0.33506710177140114,0.6649328982285989,0.33506710177140114,0.6649328982285989
25092,RAKID-236,SWER149,0.9067481264806884,0.09325187351931163,0.8684836101318235,0.1315163898681765,0.8684836101318235,0.1315163898681765,0.8684836101318235,0.1315163898681765,0.8684836101318235,0.1315163898681765,0.8684836101318235,0.1315163898681765,0.8684836101318235,0.1315163898681765
25115,RASW_GH_WI_LOC5,SWERIG81,0.9622565186495562,0.03774348135044381,0.946087501666069,0.05391249833393097,0.946087501666069,0.05391249833393097,0.946087501666069,0.05391249833393097,0.946087501666069,0.05391249833393097,0.946087501666069,0.05391249833393097,0.946087501666069,0.05391249833393097
26881,RAKID_SOUTH_RKDS_2026_OP_LOC7,SWER149,0.6539979965375932,0.34600200346240684,0.5424339545910496,0.4575660454089504,0.5424339545910496,0.4575660454089504,0.5424339545910496,0.4575660454089504,0.5424339545910496,0.4575660454089504,0.5424339545910496,0.4575660454089504,0.5424339545910496,0.4575660454089504
27128,NM-A_PI2,SWER104,0.921282793399175,0.07871720660082504,0.8886071506844543,0.11139284931554572,0.8886071506844543,0.11139284931554572,0.8886071506844543,0.11139284931554572,0.8886071506844543,0.11139284931554572,0.8886071506844543,0.11139284931554572,0.8886071506844543,0.11139284931554572
27129,NM-A_PI1,SWER103,1.0837226655681629e-06,0.9999989162773344,2.5561827847005396e-09,0.9999999974438172,2.5561827847005396e-09,0.9999999974438172,2.5561827847005396e-09,0.9999999974438172,2.5561827847005396e-09,0.9999999974438172,2.5561827847005396e-09,0.9999999974438172,2.5561827847005396e-09,0.9999999974438172
27130,NM-A_PI26,SWER104,0.950066534549135,0.04993346545086497,0.928871754365939,0.07112824563406095,0.928871754365939,0.07112824563406095,0.928871754365939,0.07112824563406095,0.928871754365939,0.07112824563406095,0.928871754365939,0.07112824563406095,0.928871754365939,0.07112824563406095
27131,NIMR-1673,SWER137,0.24583354905829077,0.7541664509417092,0.13250993406825606,0.8674900659317439,0.13250993406825606,0.8674900659317439,0.13250993406825606,0.8674900659317439,0.13250993406825606,0.8674900659317439,0.13250993406825606,0.8674900659317439,0.13250993406825606,0.8674900659317439
27132,NM-A_PI14,SWER137,0.07493862042532762,0.9250613795746724,0.023936943435826467,0.9760630565641736,0.023936943435826467,0.9760630565641736,0.023936943435826467,0.9760630565641736,0.023936943435826467,0.9760630565641736,0.023936943435826467,0.9760630565641736,0.023936943435826467,0.9760630565641736
27133,NIMR-1678,SWER137,0.4420040030335972,0.5579959969664028,0.308499041944249,0.691500958055751,0.308499041944249,0.691500958055751,0.308499041944249,0.691500958055751,0.308499041944249,0.691500958055751,0.308499041944249,0.691500958055751,0.308499041944249,0.691500958055751
27134,NM-A_PI16,SWER104,0.9432937678483179,0.056706232151682134,0.9193485504542258,0.08065144954577419,0.9193485504542258,0.08065144954577419,0.9193485504542258,0.08065144954577419,0.9193485504542258,0.08065144954577419,0.9193485504542258,0.08065144954577419,0.9193485504542258,0.08065144954577419
27135,NIMR-1658,SWER137,0.1521923151336856,0.8478076848663144,0.0664166219068172,0.9335833780931828,0.0664166219068172,0.9335833780931828,0.0664166219068172,0.9335833780931828,0.0664166219068172,0.9335833780931828,0.0664166219068172,0.9335833780931828,0.0664166219068172,0.9335833780931828
27136,NIMR-1630,SWER103,0.00020756464857396022,0.999792435351426,4.954957378386608e-06,0.9999950450426216,4.954957378386608e-06,0.9999950450426216,4.954957378386608e-06,0.9999950450426216,4.954957378386608e-06,0.9999950450426216,4.954957378386608e-06,0.9999950450426216,4.954957378386608e-06,0.9999950450426216
27137,NIMR-1662,SWER137,0.14220619704364473,0.8577938029563552,0.06023107857668411,0.9397689214233159,0.06023107857668411,0.9397689214233159,0.06023107857668411,0.9397689214233159,0.06023107857668411,0.9397689214233159,0.06023107857668411,0.9397689214233159,0.06023107857668411,0.9397689214233159
27138,NM-A_PI4,SWER103,0.0004834214437122751,0.9995165785562877,1.6746881589854546e-05,0.9999832531184102,1.6746881589854546e-05,0.9999832531184102,1.6746881589854546e-05,0.9999832531184102,1.6746881589854546e-05,0.9999832531184102,1.6746881589854546e-05,0.9999832531184102,1.6746881589854546e-05,0.9999832531184102
27139,NM-A_PI10,SWER104,0.9508577817185604,0.04914221828143961,0.9299862850491408,0.07001371495085917,0.9299862850491408,0.07001371495085917,0.9299862850491408,0.07001371495085917,0.9299862850491408,0.07001371495085917,0.9299862850491408,0.07001371495085917,0.9299862850491408,0.07001371495085917
27140,NM-A_PI5,SWER103,6.673800669451329e-07,0.999999332619933,1.2714879766532463e-09,0.999999998728512,1.2714879766532463e-09,0.999999998728512,1.2714879766532463e-09,0.999999998728512,1.2714879766532463e-09,0.999999998728512,1.2714879766532463e-09,0.999999998728512,1.2714879766532463e-09,0.999999998728512
27150,NIMRE_6368431_OP1,SWER104,0.9404071744922745,0.05959282550772549,0.9152988361818538,0.08470116381814619,0.9152988361818538,0.08470116381814619,0.9152988361818538,0.08470116381814619,0.9152988361818538,0.08470116381814619,0.9152988361818538,0.08470116381814619,0.9152988361818538,0.08470116381814619
27365,AMIN-580,SWER103,0.5185805285071325,0.48141947149286746,0.388335165202772,0.611664834797228,0.388335165202772,0.611664834797228,0.388335165202772,0.611664834797228,0.388335165202772,0.611664834797228,0.388335165202772,0.611664834797228,0.388335165202772,0.611664834797228
28340,MMAK_P1_AREA1_OP_3,SWER127,0.3512210510958324,0.6487789489041675,0.22152922739701522,0.7784707726029848,0.22152922739701522,0.7784707726029848,0.22152922739701522,0.7784707726029848,0.22152922739701522,0.7784707726029848,0.22152922739701522,0.7784707726029848,0.22152922739701522,0.7784707726029848
28353,RAKID SOUTH_RKDS_2026_OP_LOC17,SWER149,0.8070412078612329,0.1929587921387671,0.7343241873495437,0.26567581265045626,0.7343241873495437,0.26567581265045626,0.7343241873495437,0.26567581265045626,0.7343241873495437,0.26567581265045626,0.7343241873495437,0.26567581265045626,0.7343241873495437,0.26567581265045626
28793,30-MMHE_FURTHERDEVT_NCCR_OP1,SWER127,0.8896027979407943,0.11039720205920567,0.8449276634258988,0.15507233657410124,0.8449276634258988,0.15507233657410124,0.8449276634258988,0.15507233657410124,0.8449276634258988,0.15507233657410124,0.8449276634258988,0.15507233657410124,0.8449276634258988,0.15507233657410124
28820,MMNW-B6-2PUD-OP-01,SWER128,0.9795672975011142,0.020432702498885846,0.970700641644991,0.029299358355008964,0.970700641644991,0.029299358355008964,0.970700641644991,0.029299358355008964,0.970700641644991,0.029299358355008964,0.970700641644991,0.029299358355008964,0.970700641644991,0.029299358355008964
28840,THAMOUD-102,SWER129,0.4045956299775153,0.5954043700224847,0.271602196338346,0.7283978036616541,0.271602196338346,0.7283978036616541,0.271602196338346,0.7283978036616541,0.271602196338346,0.7283978036616541,0.271602196338346,0.7283978036616541,0.271602196338346,0.7283978036616541
28860,TM_W_WI15,SWER129,0.11729375295096821,0.8827062470490318,0.04563899530736591,0.9543610046926341,0.04563899530736591,0.9543610046926341,0.04563899530736591,0.9543610046926341,0.04563899530736591,0.9543610046926341,0.04563899530736591,0.9543610046926341,0.04563899530736591,0.9543610046926341
28990,DB_I5_SPOT_EXP_UND_WI9,SWER126,0.9600638852671296,0.0399361147328704,0.9429837506724151,0.05701624932758487,0.9429837506724151,0.05701624932758487,0.9429837506724151,0.05701624932758487,0.9429837506724151,0.05701624932758487,0.9429837506724151,0.05701624932758487,0.9429837506724151,0.05701624932758487
29008,MDNE_200M_SE_OP1,SWER129,0.6761483195388267,0.3238516804611733,0.5690937163837594,0.4309062836162406,0.5690937163837594,0.4309062836162406,0.5690937163837594,0.4309062836162406,0.5690937163837594,0.4309062836162406,0.5690937163837594,0.4309062836162406,0.5690937163837594,0.4309062836162406
29010,23_MMHE_WF_PHASE2_PREDG1_OP_1,SWER127,0.8973602657100318,0.1026397342899682,0.8555611020190278,0.1444388979809722,0.8555611020190278,0.1444388979809722,0.8555611020190278,0.1444388979809722,0.8555611020190278,0.1444388979809722,0.8555611020190278,0.1444388979809722,0.8555611020190278,0.1444388979809722
29012,30-MMHE_FURTHERDEVT_NCCR_OP2,SWER127,0.572883531550497,0.427116468449503,0.4482356709240924,0.5517643290759076,0.4482356709240924,0.5517643290759076,0.4482356709240924,0.5517643290759076,0.4482356709240924,0.5517643290759076,0.4482356709240924,0.5517643290759076,0.4482356709240924,0.5517643290759076
29013,30-MMHE_FURTHERDEVT_NCCR_OP3,SWER127,0.7383004950325852,0.2616995049674148,0.645946163682196,0.35405383631780396,0.645946163682196,0.35405383631780396,0.645946163682196,0.35405383631780396,0.645946163682196,0.35405383631780396,0.645946163682196,0.35405383631780396,0.645946163682196,0.35405383631780396
29029,MM-AK-P9-INFILL-OP-67,SWER127,0.9275795727726942,0.0724204272273058,0.8973688064507933,0.10263119354920669,0.8973688064507933,0.10263119354920669,0.8973688064507933,0.10263119354920669,0.8973688064507933,0.10263119354920669,0.8973688064507933,0.10263119354920669,0.8973688064507933,0.10263119354920669
29031,MM-AK-P9-INFILL-OP-70,SWER127,0.9253222240904131,0.07467777590958691,0.8942247958186383,0.10577520418136166,0.8942247958186383,0.10577520418136166,0.8942247958186383,0.10577520418136166,0.8942247958186383,0.10577520418136166,0.8942247958186383,0.10577520418136166,0.8942247958186383,0.10577520418136166
29037,23_MMHE_WF_PHASE2_PREDG1_OP_2,SWER127,0.8912458446815771,0.10875415531842292,0.8471764505520855,0.15282354944791454,0.8471764505520855,0.15282354944791454,0.8471764505520855,0.15282354944791454,0.8471764505520855,0.15282354944791454,0.8471764505520855,0.15282354944791454,0.8471764505520855,0.15282354944791454
29107,RA-USI-205,SWER129,0.9558183100636163,0.04418168993638372,0.9369828616154613,0.0630171383845387,0.9369828616154613,0.0630171383845387,0.9369828616154613,0.0630171383845387,0.9369828616154613,0.0630171383845387,0.9369828616154613,0.0630171383845387,0.9369828616154613,0.0630171383845387
29119,MM-AK-P9-INFILL-WI-120,SWER127,0.9277546026165998,0.07224539738340019,0.8976127270248692,0.10238727297513084,0.8976127270248692,0.10238727297513084,0.8976127270248692,0.10238727297513084,0.8976127270248692,0.10238727297513084,0.8976127270248692,0.10238727297513084,0.8976127270248692,0.10238727297513084
29120,MM-AK-P9-INFILL-WI-84,SWER127,0.9282658373595836,0.07173416264041643,0.8983252968510047,0.1016747031489953,0.8983252968510047,0.1016747031489953,0.8983252968510047,0.1016747031489953,0.8983252968510047,0.1016747031489953,0.8983252968510047,0.1016747031489953,0.8983252968510047,0.1016747031489953
29191,MM_GNR_LG2_AB_OP_2,SWER126,0.8036069765024781,0.19639302349752186,0.7298272933081852,0.2701727066918148,0.7298272933081852,0.2701727066918148,0.7298272933081852,0.2701727066918148,0.7298272933081852,0.2701727066918148,0.7298272933081852,0.2701727066918148,0.7298272933081852,0.2701727066918148
29198,XXHSAK-95U_HZ_500M_18,SWER129,0.9862613480648743,0.01373865193512569,0.9802701755830483,0.019729824416951702,0.9802701755830483,0.019729824416951702,0.9802701755830483,0.019729824416951702,0.9802701755830483,0.019729824416951702,0.9802701755830483,0.019729824416951702,0.9802701755830483,0.019729824416951702
29216,MDNE_200M_SE_OP9,SWER128,0.1885404894131048,0.8114595105868951,0.09041820400191686,0.9095817959980832,0.09041820400191686,0.9095817959980832,0.09041820400191686,0.9095817959980832,0.09041820400191686,0.9095817959980832,0.09041820400191686,0.9095817959980832,0.09041820400191686,0.9095817959980832
29224,MDNE_200M_APP_SW_OP1,SWER128,0.940315273679312,0.059684726320688,0.9151699947710992,0.08483000522890083,0.9151699947710992,0.08483000522890083,0.9151699947710992,0.08483000522890083,0.9151699947710992,0.08483000522890083,0.9151699947710992,0.08483000522890083,0.9151699947710992,0.08483000522890083
29389,RKDS_2026_OP_LOC15,SWER149,0.91513624541856,0.08486375458144002,0.8800799351590068,0.11992006484099316,0.8800799351590068,0.11992006484099316,0.8800799351590068,0.11992006484099316,0.8800799351590068,0.11992006484099316,0.8800799351590068,0.11992006484099316,0.8800799351590068,0.11992006484099316
29390,RKDS_2026_WI_LOC8,SWER149,0.6483176879132616,0.3516823120867384,0.5356605344307597,0.46433946556924033,0.5356605344307597,0.46433946556924033,0.5356605344307597,0.46433946556924033,0.5356605344307597,0.46433946556924033,0.5356605344307597,0.46433946556924033,0.5356605344307597,0.46433946556924033
29391,RKDS_2026_OP_LOC16,SWER149,0.46755652302985534,0.5324434769701447,0.3345124061312395,0.6654875938687606,0.3345124061312395,0.6654875938687606,0.3345124061312395,0.6654875938687606,0.3345124061312395,0.6654875938687606,0.3345124061312395,0.6654875938687606,0.3345124061312395,0.6654875938687606
29392,RAKID-226,SWER149,0.394333576603948,0.605666423396052,0.26173484629184757,0.7382651537081524,0.26173484629184757,0.7382651537081524,0.26173484629184757,0.7382651537081524,0.26173484629184757,0.7382651537081524,0.26173484629184757,0.7382651537081524,0.26173484629184757,0.7382651537081524
29393,RKDS_2026_OP_LOC11,SWER149,0.8255121183525381,0.17448788164746187,0.7586548084300603,0.24134519156993972,0.7586548084300603,0.24134519156993972,0.7586548084300603,0.24134519156993972,0.7586548084300603,0.24134519156993972,0.7586548084300603,0.24134519156993972,0.7586548084300603,0.24134519156993972
29395,RKDS_2026_OP_LOC13,SWER149,0.9263652928444709,0.07363470715552911,0.8956771512629585,0.10432284873704145,0.8956771512629585,0.10432284873704145,0.8956771512629585,0.10432284873704145,0.8956771512629585,0.10432284873704145,0.8956771512629585,0.10432284873704145,0.8956771512629585,0.10432284873704145
29396,RKDS_2026_OP_LOC14,SWER149,0.9238245733570224,0.0761754266429776,0.8921407470692793,0.10785925293072074,0.8921407470692793,0.10785925293072074,0.8921407470692793,0.10785925293072074,0.8921407470692793,0.10785925293072074,0.8921407470692793,0.10785925293072074,0.8921407470692793,0.10785925293072074
30314,NIMR-1689,SWER102,0.00012655606466306803,0.999873443935337,2.429571041043715e-06,0.999997570428959,2.429571041043715e-06,0.999997570428959,2.429571041043715e-06,0.999997570428959,2.429571041043715e-06,0.999997570428959,2.429571041043715e-06,0.999997570428959,2.429571041043715e-06,0.999997570428959
30355,NIMR-1692,SWER104,0.8999322896351419,0.10006771036485806,0.8590956313347564,0.14090436866524358,0.8590956313347564,0.14090436866524358,0.8590956313347564,0.14090436866524358,0.8590956313347564,0.14090436866524358,0.8590956313347564,0.14090436866524358,0.8590956313347564,0.14090436866524358
30356,NIMR-1693,SWER104,0.5424248311930114,0.45757516880698856,0.4143135697342663,0.5856864302657336,0.4143135697342663,0.5856864302657336,0.4143135697342663,0.5856864302657336,0.4143135697342663,0.5856864302657336,0.4143135697342663,0.5856864302657336,0.4143135697342663,0.5856864302657336
30415,NIMR-1636,SWER103,0.0008568492961342076,0.9991431507038658,3.819435197479213e-05,0.9999618056480252,3.819435197479213e-05,0.9999618056480252,3.819435197479213e-05,0.9999618056480252,3.819435197479213e-05,0.9999618056480252,3.819435197479213e-05,0.9999618056480252,3.819435197479213e-05,0.9999618056480252
30416,NM-A_PI11,SWER102,0.4475540313535258,0.5524459686464742,0.3140942700352388,0.6859057299647612,0.3140942700352388,0.6859057299647612,0.3140942700352388,0.6859057299647612,0.3140942700352388,0.6859057299647612,0.3140942700352388,0.6859057299647612,0.3140942700352388,0.6859057299647612
30417,NIMR-1640,SWER103,0.00457236343044775,0.9954276365695522,0.0004261351881849319,0.9995738648118151,0.0004261351881849319,0.9995738648118151,0.0004261351881849319,0.9995738648118151,0.0004261351881849319,0.9995738648118151,0.0004261351881849319,0.9995738648118151,0.0004261351881849319,0.9995738648118151
30418,NIMR-1666,SWER137,0.17850026274912661,0.8214997372508734,0.08356462116062803,0.916435378839372,0.08356462116062803,0.916435378839372,0.08356462116062803,0.916435378839372,0.08356462116062803,0.916435378839372,0.08356462116062803,0.916435378839372,0.08356462116062803,0.916435378839372
30419,NIMR-1669,SWER137,0.26519438662547784,0.7348056133745222,0.1477993961562176,0.8522006038437824,0.1477993961562176,0.8522006038437824,0.1477993961562176,0.8522006038437824,0.1477993961562176,0.8522006038437824,0.1477993961562176,0.8522006038437824,0.1477993961562176,0.8522006038437824
30420,NM-A_PI8,SWER103,0.006726570377962097,0.9932734296220379,0.000743093142661511,0.9992569068573385,0.000743093142661511,0.9992569068573385,0.000743093142661511,0.9992569068573385,0.000743093142661511,0.9992569068573385,0.000743093142661511,0.9992569068573385,0.000743093142661511,0.9992569068573385
30421,NM-A_PI21,SWER104,0.9503845108986689,0.04961548910133107,0.9293195986664456,0.07068040133355435,0.9293195986664456,0.07068040133355435,0.9293195986664456,0.07068040133355435,0.9293195986664456,0.07068040133355435,0.9293195986664456,0.07068040133355435,0.9293195986664456,0.07068040133355435
30422,NIMR-1681,SWER137,0.6398628752595685,0.36013712474043147,0.5256270423369698,0.4743729576630302,0.5256270423369698,0.4743729576630302,0.5256270423369698,0.4743729576630302,0.5256270423369698,0.4743729576630302,0.5256270423369698,0.4743729576630302,0.5256270423369698,0.4743729576630302
30423,NM-A_PI23,SWER104,0.9298851343721473,0.07011486562785274,0.9005834480701009,0.09941655192989907,0.9005834480701009,0.09941655192989907,0.9005834480701009,0.09941655192989907,0.9005834480701009,0.09941655192989907,0.9005834480701009,0.09941655192989907,0.9005834480701009,0.09941655192989907
30424,NM-A_PI24,SWER104,0.9513266546599852,0.04867334534001477,0.9306469203753276,0.06935307962467241,0.9306469203753276,0.06935307962467241,0.9306469203753276,0.06935307962467241,0.9306469203753276,0.06935307962467241,0.9306469203753276,0.06935307962467241,0.9306469203753276,0.06935307962467241
30425,NM-A_PI25,SWER104,0.9497465746955412,0.050253425304458754,0.9284211830909244,0.07157881690907564,0.9284211830909244,0.07157881690907564,0.9284211830909244,0.07157881690907564,0.9284211830909244,0.07157881690907564,0.9284211830909244,0.07157881690907564,0.9284211830909244,0.07157881690907564
30426,NIMR-1646,SWER103,0.016730843820053975,0.983269156179946,0.002760987924398331,0.9972390120756016,0.002760987924398331,0.9972390120756016,0.002760987924398331,0.9972390120756016,0.002760987924398331,0.9972390120756016,0.002760987924398331,0.9972390120756016,0.002760987924398331,0.9972390120756016
30427,NMR A_6515383_WSW_1,SWER102,1.4372516187351e-06,0.9999985627483813,3.838948627699917e-09,0.9999999961610514,3.838948627699917e-09,0.9999999961610514,3.838948627699917e-09,0.9999999961610514,3.838948627699917e-09,0.9999999961610514,3.838948627699917e-09,0.9999999961610514,3.838948627699917e-09,0.9999999961610514
30429,NMR A_6515383_WSW_3,SWER104,0.43251926029393223,0.5674807397060677,0.299008606824817,0.700991393175183,0.299008606824817,0.700991393175183,0.299008606824817,0.700991393175183,0.299008606824817,0.700991393175183,0.299008606824817,0.700991393175183,0.299008606824817,0.700991393175183
30430,NIMR-1683,SWER102,0.5574286482226614,0.44257135177733864,0.4309214396590127,0.5690785603409874,0.4309214396590127,0.5690785603409874,0.4309214396590127,0.5690785603409874,0.4309214396590127,0.5690785603409874,0.4309214396590127,0.5690785603409874,0.4309214396590127,0.5690785603409874
30749,AL BURJ-275,SWER101,0.41345723150627955,0.5865427684937204,0.28021221549279435,0.7197877845072056,0.28021221549279435,0.7197877845072056,0.28021221549279435,0.7197877845072056,0.28021221549279435,0.7197877845072056,0.28021221549279435,0.7197877845072056,0.28021221549279435,0.7197877845072056
30750,ALBRG_1405250004_WI2,SWER101,0.008459045434874161,0.9915409545651258,0.001033732049335996,0.998966267950664,0.001033732049335996,0.998966267950664,0.001033732049335996,0.998966267950664,0.001033732049335996,0.998966267950664,0.001033732049335996,0.998966267950664,0.001033732049335996,0.998966267950664
30759,ALBRG_1405250004_OP5,SWER101,0.8803774430033552,0.11962255699664481,0.8323352183966062,0.16766478160339382,0.8323352183966062,0.16766478160339382,0.8323352183966062,0.16766478160339382,0.8323352183966062,0.16766478160339382,0.8323352183966062,0.16766478160339382,0.8323352183966062,0.16766478160339382
30789,NIMR-1659,SWER102,0.32537078783696416,0.6746292121630358,0.19842902961016778,0.8015709703898322,0.19842902961016778,0.8015709703898322,0.19842902961016778,0.8015709703898322,0.19842902961016778,0.8015709703898322,0.19842902961016778,0.8015709703898322,0.19842902961016778,0.8015709703898322
30853,AMIN_25869179_OP9,SWER103,0.27448212508288483,0.7255178749171152,0.1553127208958329,0.8446872791041671,0.1553127208958329,0.8446872791041671,0.1553127208958329,0.8446872791041671,0.1553127208958329,0.8446872791041671,0.1553127208958329,0.8446872791041671,0.1553127208958329,0.8446872791041671
30854,AMIN_25869179_OP10,SWER103,0.3412433607869067,0.6587566392130932,0.2125210123705354,0.7874789876294646,0.2125210123705354,0.7874789876294646,0.2125210123705354,0.7874789876294646,0.2125210123705354,0.7874789876294646,0.2125210123705354,0.7874789876294646,0.2125210123705354,0.7874789876294646
30863,AMIN-570,SWER101,0.5200036472485886,0.4799963527514114,0.38987116937392335,0.6101288306260766,0.38987116937392335,0.6101288306260766,0.38987116937392335,0.6101288306260766,0.38987116937392335,0.6101288306260766,0.38987116937392335,0.6101288306260766,0.38987116937392335,0.6101288306260766
30865,AMIN_1673188_OP15,SWER101,0.4626806935270705,0.5373193064729296,0.32949909548649614,0.6705009045135039,0.32949909548649614,0.6705009045135039,0.32949909548649614,0.6705009045135039,0.32949909548649614,0.6705009045135039,0.32949909548649614,0.6705009045135039,0.32949909548649614,0.6705009045135039
30867,AMIN-568,SWER101,0.46989383252420786,0.5301061674757921,0.33692381153738715,0.6630761884626128,0.33692381153738715,0.6630761884626128,0.33692381153738715,0.6630761884626128,0.33692381153738715,0.6630761884626128,0.33692381153738715,0.6630761884626128,0.33692381153738715,0.6630761884626128
30886,NIMR-1682,SWERIG82,7.032916681099422e-08,0.9999999296708332,4.9733514777211425e-11,0.9999999999502664,4.9733514777211425e-11,0.9999999999502664,4.9733514777211425e-11,0.9999999999502664,4.9733514777211425e-11,0.9999999999502664,4.9733514777211425e-11,0.9999999999502664,4.9733514777211425e-11,0.9999999999502664
30891,NIMR-1672,SWER102,0.36432265315559026,0.6356773468444097,0.2335298092586166,0.7664701907413833,0.2335298092586166,0.7664701907413833,0.2335298092586166,0.7664701907413833,0.2335298092586166,0.7664701907413833,0.2335298092586166,0.7664701907413833,0.2335298092586166,0.7664701907413833
30982,NME_E6_9_PI_2109220030,SWER102,0.0008573725707293962,0.9991426274292706,3.822795522138034e-05,0.9999617720447787,3.822795522138034e-05,0.9999617720447787,3.822795522138034e-05,0.9999617720447787,3.822795522138034e-05,0.9999617720447787,3.822795522138034e-05,0.9999617720447787,3.822795522138034e-05,0.9999617720447787
30984,NIMR-1627,SWER102,1.6550862783397517e-05,0.9999834491372166,1.2970162484020704e-07,0.9999998702983751,1.2970162484020704e-07,0.9999998702983751,1.2970162484020704e-07,0.9999998702983751,1.2970162484020704e-07,0.9999998702983751,1.2970162484020704e-07,0.9999998702983751,1.2970162484020704e-07,0.9999998702983751
30993,NME_E1_1_PI_2109220030,SWER104,0.013481038915901156,0.9865189610840989,0.0020228242475726576,0.9979771757524274,0.0020228242475726576,0.9979771757524274,0.0020228242475726576,0.9979771757524274,0.0020228242475726576,0.9979771757524274,0.0020228242475726576,0.9979771757524274,0.0020228242475726576,0.9979771757524274
30998,NIMR-1664,SWER103,0.23342438842106422,0.7665756115789357,0.12298314811187673,0.8770168518881233,0.12298314811187673,0.8770168518881233,0.12298314811187673,0.8770168518881233,0.12298314811187673,0.8770168518881233,0.12298314811187673,0.8770168518881233,0.12298314811187673,0.8770168518881233
31000,NIMR-1671,SWER103,0.3092794353841552,0.6907205646158447,0.1844487228666676,0.8155512771333324,0.1844487228666676,0.8155512771333324,0.1844487228666676,0.8155512771333324,0.1844487228666676,0.8155512771333324,0.1844487228666676,0.8155512771333324,0.1844487228666676,0.8155512771333324
31001,NIMR-1652,SWER102,0.06690783830659985,0.9330921616934001,0.020330926515335933,0.979669073484664,0.020330926515335933,0.979669073484664,0.020330926515335933,0.979669073484664,0.020330926515335933,0.979669073484664,0.020330926515335933,0.979669073484664,0.020330926515335933,0.979669073484664
31008,NME_E1_13_PI_2109220030,SWER103,0.886586641644865,0.113413358355135,0.8408043046749134,0.1591956953250866,0.8408043046749134,0.1591956953250866,0.8408043046749134,0.1591956953250866,0.8408043046749134,0.1591956953250866,0.8408043046749134,0.1591956953250866,0.8408043046749134,0.1591956953250866
31010,NME_E1_15_OP,SWER103,0.03530606190531632,0.9646939380946837,0.008095581398280625,0.9919044186017194,0.008095581398280625,0.9919044186017194,0.008095581398280625,0.9919044186017194,0.008095581398280625,0.9919044186017194,0.008095581398280625,0.9919044186017194,0.008095581398280625,0.9919044186017194
31082,NIMRE_2309210072_OP1,SWER104,0.9316332024527961,0.06836679754720387,0.9030231186194528,0.09697688138054716,0.9030231186194528,0.09697688138054716,0.9030231186194528,0.09697688138054716,0.9030231186194528,0.09697688138054716,0.9030231186194528,0.09697688138054716,0.9030231186194528,0.09697688138054716
31083,NIMRE_2309210072_OP2,SWER104,0.9366886297810897,0.06331137021891031,0.9100900103094488,0.0899099896905512,0.9100900103094488,0.0899099896905512,0.9100900103094488,0.0899099896905512,0.9100900103094488,0.0899099896905512,0.9100900103094488,0.0899099896905512,0.9100900103094488,0.0899099896905512
31138,MDSW_EF_26_LOC1,SWER133,0.08947280588199381,0.9105271941180062,0.030900274469438185,0.9690997255305618,0.030900274469438185,0.9690997255305618,0.030900274469438185,0.9690997255305618,0.030900274469438185,0.9690997255305618,0.030900274469438185,0.9690997255305618,0.030900274469438185,0.9690997255305618
31210,RKDS_2026_WI_LOC7,SWER149,0.9464428013418905,0.053557198658109484,0.9237726813840285,0.07622731861597154,0.9237726813840285,0.07622731861597154,0.9237726813840285,0.07622731861597154,0.9237726813840285,0.07622731861597154,0.9237726813840285,0.07622731861597154,0.9237726813840285,0.07622731861597154
31243,AL BURJ-277,SWER101,0.6968954360963416,0.30310456390365836,0.5944162071726385,0.40558379282736146,0.5944162071726385,0.40558379282736146,0.5944162071726385,0.40558379282736146,0.5944162071726385,0.40558379282736146,0.5944162071726385,0.40558379282736146,0.5944162071726385,0.40558379282736146
31247,ALBRG_1405250004_OP6,SWER101,0.9269979906008048,0.07300200939919521,0.8965584625109791,0.10344153748902085,0.8965584625109791,0.10344153748902085,0.8965584625109791,0.10344153748902085,0.8965584625109791,0.10344153748902085,0.8965584625109791,0.10344153748902085,0.8965584625109791,0.10344153748902085
31337,ALBRG_1405250004_OP7,SWER101,0.9456851351061246,0.05431486489387538,0.9227076299507625,0.0772923700492375,0.9227076299507625,0.0772923700492375,0.9227076299507625,0.0772923700492375,0.9227076299507625,0.0772923700492375,0.9227076299507625,0.0772923700492375,0.9227076299507625,0.0772923700492375
31338,ALBRG_1405250004_OP8,SWER101,0.9462448025691595,0.05375519743084045,0.9234943182486398,0.07650568175136019,0.9234943182486398,0.07650568175136019,0.9234943182486398,0.07650568175136019,0.9234943182486398,0.07650568175136019,0.9234943182486398,0.07650568175136019,0.9234943182486398,0.07650568175136019
31339,AL BURJ-280,SWER101,0.8989464977712155,0.10105350222878451,0.8577404088688061,0.1422595911311939,0.8577404088688061,0.1422595911311939,0.8577404088688061,0.1422595911311939,0.8577404088688061,0.1422595911311939,0.8577404088688061,0.1422595911311939,0.8577404088688061,0.1422595911311939
31340,ALBRG_1405250004_WI4,SWER101,0.6980526319350996,0.3019473680649004,0.5958384937473534,0.4041615062526466,0.5958384937473534,0.4041615062526466,0.5958384937473534,0.4041615062526466,0.5958384937473534,0.4041615062526466,0.5958384937473534,0.4041615062526466,0.5958384937473534,0.4041615062526466
31377,AMIN-576,SWER102,0.3032444720842768,0.6967555279157231,0.17928669243043627,0.8207133075695637,0.17928669243043627,0.8207133075695637,0.17928669243043627,0.8207133075695637,0.17928669243043627,0.8207133075695637,0.17928669243043627,0.8207133075695637,0.17928669243043627,0.8207133075695637
31378,AMIN-572,SWER101,0.5169882254651891,0.4830117745348109,0.3866187561840601,0.6133812438159398,0.3866187561840601,0.6133812438159398,0.3866187561840601,0.6133812438159398,0.3866187561840601,0.6133812438159398,0.3866187561840601,0.6133812438159398,0.3866187561840601,0.6133812438159398
31380,AMIN-567,SWER101,0.47592511074021665,0.5240748892597833,0.34317068597681677,0.6568293140231832,0.34317068597681677,0.6568293140231832,0.34317068597681677,0.6568293140231832,0.34317068597681677,0.6568293140231832,0.34317068597681677,0.6568293140231832,0.34317068597681677,0.6568293140231832
31382,AMIN-579,SWER103,0.6977746845046418,0.30222531549535825,0.5954967792113623,0.40450322078863765,0.5954967792113623,0.40450322078863765,0.5954967792113623,0.40450322078863765,0.5954967792113623,0.40450322078863765,0.5954967792113623,0.40450322078863765,0.5954967792113623,0.40450322078863765
31469,NIMR-1624,SWER102,7.321783985159749e-09,0.999999992678216,1.9115220481583558e-12,0.9999999999980885,1.9115220481583558e-12,0.9999999999980885,1.9115220481583558e-12,0.9999999999980885,1.9115220481583558e-12,0.9999999999980885,1.9115220481583558e-12,0.9999999999980885,1.9115220481583558e-12,0.9999999999980885
31470,NIMR-1621,SWER102,4.669200470143945e-09,0.9999999953307995,9.998896546518221e-13,0.9999999999990001,9.998896546518221e-13,0.9999999999990001,9.998896546518221e-13,0.9999999999990001,9.998896546518221e-13,0.9999999999990001,9.998896546518221e-13,0.9999999999990001,9.998896546518221e-13,0.9999999999990001
31471,NME_E6_12_PI_2109220030,SWER102,0.07026068823536222,0.9297393117646378,0.021814523199794912,0.9781854768002051,0.021814523199794912,0.9781854768002051,0.021814523199794912,0.9781854768002051,0.021814523199794912,0.9781854768002051,0.021814523199794912,0.9781854768002051,0.021814523199794912,0.9781854768002051
31472,NME_E6_14_PI_2109220030,SWER102,0.0004476574459370441,0.999552342554063,1.4991723146635632e-05,0.9999850082768533,1.4991723146635632e-05,0.9999850082768533,1.4991723146635632e-05,0.9999850082768533,1.4991723146635632e-05,0.9999850082768533,1.4991723146635632e-05,0.9999850082768533,1.4991723146635632e-05,0.9999850082768533
31473,NME_E6_15_PI_2109220030,SWER102,0.4234777685056829,0.576522231494317,0.29004660625863327,0.7099533937413667,0.29004660625863327,0.7099533937413667,0.29004660625863327,0.7099533937413667,0.29004660625863327,0.7099533937413667,0.29004660625863327,0.7099533937413667,0.29004660625863327,0.7099533937413667
31474,NME_E6_16_PI_2109220030,SWER102,0.0035420680850847836,0.9964579319149152,0.00029500179794444574,0.9997049982020556,0.00029500179794444574,0.9997049982020556,0.00029500179794444574,0.9997049982020556,0.00029500179794444574,0.9997049982020556,0.00029500179794444574,0.9997049982020556,0.00029500179794444574,0.9997049982020556
31475,NME_E6_17_PI_2109220030,SWER102,0.004875356439192458,0.9951246435608075,0.00046739759368633147,0.9995326024063137,0.00046739759368633147,0.9995326024063137,0.00046739759368633147,0.9995326024063137,0.00046739759368633147,0.9995326024063137,0.00046739759368633147,0.9995326024063137,0.00046739759368633147,0.9995326024063137
31476,NIMR-1629,SWER102,0.00010916274866119009,0.9998908372513388,1.9635429510086753e-06,0.999998036457049,1.9635429510086753e-06,0.999998036457049,1.9635429510086753e-06,0.999998036457049,1.9635429510086753e-06,0.999998036457049,1.9635429510086753e-06,0.999998036457049,1.9635429510086753e-06,0.999998036457049
31477,NME_E6_19_PI_2109220030,SWER102,2.9799890281646284e-10,0.9999999997020012,1.8992100857068085e-14,0.999999999999981,1.8992100857068085e-14,0.999999999999981,1.8992100857068085e-14,0.999999999999981,1.8992100857068085e-14,0.999999999999981,1.8992100857068085e-14,0.999999999999981,1.8992100857068085e-14,0.999999999999981
31478,NME_E1_2_PI_2109220030,SWER103,0.9473664626615801,0.05263353733841991,0.9250715801426933,0.0749284198573067,0.9250715801426933,0.0749284198573067,0.9250715801426933,0.0749284198573067,0.9250715801426933,0.0749284198573067,0.9250715801426933,0.0749284198573067,0.9250715801426933,0.0749284198573067
31479,NME_E1_3_PI_2109220030,SWER104,0.009705624942541803,0.9902943750574582,0.0012601028636051576,0.9987398971363949,0.0012601028636051576,0.9987398971363949,0.0012601028636051576,0.9987398971363949,0.0012601028636051576,0.9987398971363949,0.0012601028636051576,0.9987398971363949,0.0012601028636051576,0.9987398971363949
31480,NIMR-1631,SWER104,0.0005930463206406077,0.9994069536793594,2.2479791369304898e-05,0.9999775202086307,2.2479791369304898e-05,0.9999775202086307,2.2479791369304898e-05,0.9999775202086307,2.2479791369304898e-05,0.9999775202086307,2.2479791369304898e-05,0.9999775202086307,2.2479791369304898e-05,0.9999775202086307
31481,NME_E1_5_PI_2109220030,SWER104,0.0004974769915317236,0.9995025230084683,1.7452730011269958e-05,0.9999825472699887,1.7452730011269958e-05,0.9999825472699887,1.7452730011269958e-05,0.9999825472699887,1.7452730011269958e-05,0.9999825472699887,1.7452730011269958e-05,0.9999825472699887,1.7452730011269958e-05,0.9999825472699887
31482,NIMR-1668,SWER103,0.27354588505374866,0.7264541149462513,0.1545501993957637,0.8454498006042364,0.1545501993957637,0.8454498006042364,0.1545501993957637,0.8454498006042364,0.1545501993957637,0.8454498006042364,0.1545501993957637,0.8454498006042364,0.1545501993957637,0.8454498006042364
31483,NIMR-1650,SWER103,0.03763067403062526,0.9623693259693747,0.008874380558132623,0.9911256194418674,0.008874380558132623,0.9911256194418674,0.008874380558132623,0.9911256194418674,0.008874380558132623,0.9911256194418674,0.008874380558132623,0.9911256194418674,0.008874380558132623,0.9911256194418674
31484,NME_E1_10_PI_2109220030,SWER103,0.0475694155299224,0.9524305844700776,0.012438142604618497,0.9875618573953815,0.012438142604618497,0.9875618573953815,0.012438142604618497,0.9875618573953815,0.012438142604618497,0.9875618573953815,0.012438142604618497,0.9875618573953815,0.012438142604618497,0.9875618573953815
31485,NIMR-1675,SWER103,0.3681282129588684,0.6318717870411317,0.2370516454363131,0.7629483545636869,0.2370516454363131,0.7629483545636869,0.2370516454363131,0.7629483545636869,0.2370516454363131,0.7629483545636869,0.2370516454363131,0.7629483545636869,0.2370516454363131,0.7629483545636869
31486,BRNW EXT 6,SWERIG75,0.04642676152369046,0.9535732384763096,0.012010060576202903,0.9879899394237971,0.012010060576202903,0.9879899394237971,0.012010060576202903,0.9879899394237971,0.012010060576202903,0.9879899394237971,0.012010060576202903,0.9879899394237971,0.012010060576202903,0.9879899394237971
31487,NIMR-1648,SWER102,0.009030887850869595,0.9909691121491304,0.0011358732847833056,0.9988641267152167,0.0011358732847833056,0.9988641267152167,0.0011358732847833056,0.9988641267152167,0.0011358732847833056,0.9988641267152167,0.0011358732847833056,0.9988641267152167,0.0011358732847833056,0.9988641267152167
31488,NME_E1_12_PI_2109220030,SWER103,0.08381131285562397,0.9161886871443761,0.02812355507276301,0.971876444927237,0.02812355507276301,0.971876444927237,0.02812355507276301,0.971876444927237,0.02812355507276301,0.971876444927237,0.02812355507276301,0.971876444927237,0.02812355507276301,0.971876444927237
31489,NME_E1_14_PI_2109220030,SWER103,0.8883029494520889,0.11169705054791113,0.8431498965823908,0.1568501034176092,0.8431498965823908,0.1568501034176092,0.8431498965823908,0.1568501034176092,0.8431498965823908,0.1568501034176092,0.8431498965823908,0.1568501034176092,0.8431498965823908,0.1568501034176092
31491,NIMR-1691,SWER104,0.8618510785481193,0.13814892145188074,0.8072225591762072,0.19277744082379278,0.8072225591762072,0.19277744082379278,0.8072225591762072,0.19277744082379278,0.8072225591762072,0.19277744082379278,0.8072225591762072,0.19277744082379278,0.8072225591762072,0.19277744082379278
31722,NIMRG_1409230007_P23,SWER101,0.9641975062379576,0.035802493762042364,0.9488376397366584,0.051162360263341644,0.9488376397366584,0.051162360263341644,0.9488376397366584,0.051162360263341644,0.9488376397366584,0.051162360263341644,0.9488376397366584,0.051162360263341644,0.9488376397366584,0.051162360263341644
31733,NIMR-1687,SWERIG82,0.19111739204606876,0.8088826079539313,0.09220366219625356,0.9077963378037465,0.09220366219625356,0.9077963378037465,0.09220366219625356,0.9077963378037465,0.09220366219625356,0.9077963378037465,0.09220366219625356,0.9077963378037465,0.09220366219625356,0.9077963378037465
31734,NIMR-1677,SWER104,0.4916859459824727,0.5083140540175273,0.35965936772514395,0.640340632274856,0.35965936772514395,0.640340632274856,0.35965936772514395,0.640340632274856,0.35965936772514395,0.640340632274856,0.35965936772514395,0.640340632274856,0.35965936772514395,0.640340632274856
31735,GROWTH NMA-IRS_1,SWER103,0.9486721375215087,0.051327862478491304,0.9269086371173251,0.07309136288267493,0.9269086371173251,0.07309136288267493,0.9269086371173251,0.07309136288267493,0.9269086371173251,0.07309136288267493,0.9269086371173251,0.07309136288267493,0.9269086371173251,0.07309136288267493
31827,KHALEEL EAST_GHARIF_APP,SWER103,0.9418124705771801,0.058187529422819906,0.9172696979358363,0.08273030206416365,0.9172696979358363,0.08273030206416365,0.9172696979358363,0.08273030206416365,0.9172696979358363,0.08273030206416365,0.9172696979358363,0.08273030206416365,0.9172696979358363,0.08273030206416365
31830,NIMR-1684,SWER103,0.4869938673043746,0.5130061326956254,0.3547259026400368,0.6452740973599632,0.3547259026400368,0.6452740973599632,0.3547259026400368,0.6452740973599632,0.3547259026400368,0.6452740973599632,0.3547259026400368,0.6452740973599632,0.3547259026400368,0.6452740973599632
32258,MARMUL NW-62,SWERIG98,0.028169112167417968,0.971830887832582,0.005847553447310238,0.9941524465526898,0.005847553447310238,0.9941524465526898,0.005847553447310238,0.9941524465526898,0.005847553447310238,0.9941524465526898,0.005847553447310238,0.9941524465526898,0.005847553447310238,0.9941524465526898
32361,MARMUL NW-63,SWERIG98,0.559092390074284,0.440907609925716,0.4327753061616456,0.5672246938383544,0.4327753061616456,0.5672246938383544,0.4327753061616456,0.5672246938383544,0.4327753061616456,0.5672246938383544,0.4327753061616456,0.5672246938383544,0.4327753061616456,0.5672246938383544
32428,DB_I9_SPOT_EXP_CR_OP5,SWER127,0.9626395942762376,0.037360405723762424,0.9466300788459815,0.05336992115401851,0.9466300788459815,0.05336992115401851,0.9466300788459815,0.05336992115401851,0.9466300788459815,0.05336992115401851,0.9466300788459815,0.05336992115401851,0.9466300788459815,0.05336992115401851
32429,MARMUL-1682,SWER127,0.2866540442812877,0.7133459557187123,0.16532970671689978,0.8346702932831003,0.16532970671689978,0.8346702932831003,0.16532970671689978,0.8346702932831003,0.16532970671689978,0.8346702932831003,0.16532970671689978,0.8346702932831003,0.16532970671689978,0.8346702932831003
32430,MARMUL-1673,SWER127,0.2691375745082355,0.7308624254917645,0.15097532070533526,0.8490246792946647,0.15097532070533526,0.8490246792946647,0.15097532070533526,0.8490246792946647,0.15097532070533526,0.8490246792946647,0.15097532070533526,0.8490246792946647,0.15097532070533526,0.8490246792946647
32449,QATA-193,SWER126,0.48310007691794343,0.5168999230820566,0.350647651839305,0.649352348160695,0.350647651839305,0.649352348160695,0.350647651839305,0.649352348160695,0.350647651839305,0.649352348160695,0.350647651839305,0.649352348160695,0.350647651839305,0.649352348160695
32516,MM-AK-P9-INFILL-OP-64,SWER127,0.9267793731067273,0.07322062689327269,0.8962539110657872,0.10374608893421278,0.8962539110657872,0.10374608893421278,0.8962539110657872,0.10374608893421278,0.8962539110657872,0.10374608893421278,0.8962539110657872,0.10374608893421278,0.8962539110657872,0.10374608893421278
32517,MM-AK-P9-INFILL-OP-78,SWER127,0.9272398690244067,0.0727601309755933,0.8968954551336319,0.10310454486636811,0.8968954551336319,0.10310454486636811,0.8968954551336319,0.10310454486636811,0.8968954551336319,0.10310454486636811,0.8968954551336319,0.10310454486636811,0.8968954551336319,0.10310454486636811
32559,MM_GNR_LG1_DB_OP_2,SWER126,0.8516431718280705,0.14835682817192952,0.7934865860096973,0.20651341399030265,0.7934865860096973,0.20651341399030265,0.7934865860096973,0.20651341399030265,0.7934865860096973,0.20651341399030265,0.7934865860096973,0.20651341399030265,0.7934865860096973,0.20651341399030265
32560,MM_GNR_LG2_AB_OP_4,SWER126,0.8239095706434659,0.17609042935653407,0.7565342783263743,0.24346572167362568,0.7565342783263743,0.24346572167362568,0.7565342783263743,0.24346572167362568,0.7565342783263743,0.24346572167362568,0.7565342783263743,0.24346572167362568,0.7565342783263743,0.24346572167362568
32561,MM_GNR_LG1_BB_OP_3 B,SWER126,0.8833479031893151,0.11665209681068489,0.83638353036567,0.16361646963432996,0.83638353036567,0.16361646963432996,0.83638353036567,0.16361646963432996,0.83638353036567,0.16361646963432996,0.83638353036567,0.16361646963432996,0.83638353036567,0.16361646963432996
32563,MDNE_LG2_HZ_APP_OP1,SWER128,0.9415821271619357,0.05841787283806432,0.9169465633030109,0.08305343669698906,0.9169465633030109,0.08305343669698906,0.9169465633030109,0.08305343669698906,0.9169465633030109,0.08305343669698906,0.9169465633030109,0.08305343669698906,0.9169465633030109,0.08305343669698906
32565,MM-AK-P9-INFILL-OP-68,SWER127,0.9233561562667418,0.07664384373325817,0.8914892288213057,0.10851077117869434,0.8914892288213057,0.10851077117869434,0.8914892288213057,0.10851077117869434,0.8914892288213057,0.10851077117869434,0.8914892288213057,0.10851077117869434,0.8914892288213057,0.10851077117869434
32566,MM-AK-P9-INFILL-OP-65,SWER127,0.9238372845444457,0.07616271545555431,0.8921584290043918,0.1078415709956082,0.8921584290043918,0.1078415709956082,0.8921584290043918,0.1078415709956082,0.8921584290043918,0.1078415709956082,0.8921584290043918,0.1078415709956082,0.8921584290043918,0.1078415709956082
32567,MM-AK-P9-INFILL-OP-66,SWER127,0.9243750943601032,0.07562490563989677,0.8929066491186225,0.1070933508813775,0.8929066491186225,0.1070933508813775,0.8929066491186225,0.1070933508813775,0.8929066491186225,0.1070933508813775,0.8929066491186225,0.1070933508813775,0.8929066491186225,0.1070933508813775
32588,THAMOUD-100,SWER129,0.22389142686431693,0.776108573135683,0.11581393465250968,0.8841860653474903,0.11581393465250968,0.8841860653474903,0.11581393465250968,0.8841860653474903,0.11581393465250968,0.8841860653474903,0.11581393465250968,0.8841860653474903,0.11581393465250968,0.8841860653474903
32590,THAMOUD-101,SWER129,0.32054423683488614,0.6794557631651139,0.19420295665430018,0.8057970433456998,0.19420295665430018,0.8057970433456998,0.19420295665430018,0.8057970433456998,0.19420295665430018,0.8057970433456998,0.19420295665430018,0.8057970433456998,0.19420295665430018,0.8057970433456998
32608,RAHAB SW-21,SWERIG81,0.5692137680787336,0.4307862319212664,0.44410554963146875,0.5558944503685312,0.44410554963146875,0.5558944503685312,0.44410554963146875,0.5558944503685312,0.44410554963146875,0.5558944503685312,0.44410554963146875,0.5558944503685312,0.44410554963146875,0.5558944503685312
32609,RAHAB SW-22,SWERIG81,0.6686413412358695,0.3313586587641305,0.5600146733746733,0.43998532662532674,0.5600146733746733,0.43998532662532674,0.5600146733746733,0.43998532662532674,0.5600146733746733,0.43998532662532674,0.5600146733746733,0.43998532662532674,0.5600146733746733,0.43998532662532674
32610,RAHAB SOUTH WEST_RASW_GH_WI_LO,SWERIG81,0.08936222039300251,0.9106377796069975,0.030845276119911287,0.9691547238800887,0.030845276119911287,0.9691547238800887,0.030845276119911287,0.9691547238800887,0.030845276119911287,0.9691547238800887,0.030845276119911287,0.9691547238800887,0.030845276119911287,0.9691547238800887
33061,SAQR_WI_25_LOC1,SWER149,0.9501990625142911,0.04980093748570891,0.929058401401156,0.07094159859884397,0.929058401401156,0.07094159859884397,0.929058401401156,0.07094159859884397,0.929058401401156,0.07094159859884397,0.929058401401156,0.07094159859884397,0.929058401401156,0.07094159859884397
33092,HSAK-95U_HZ_500M_13,SWER126,0.9722051274696601,0.027794872530339854,0.9602092055984954,0.03979079440150457,0.9602092055984954,0.03979079440150457,0.9602092055984954,0.03979079440150457,0.9602092055984954,0.03979079440150457,0.9602092055984954,0.03979079440150457,0.9602092055984954,0.03979079440150457
33093,TM_WEST_I9_200M_OP_13,SWER126,0.9771525447433651,0.022847455256634897,0.9672556652160172,0.032744334783982754,0.9672556652160172,0.032744334783982754,0.9672556652160172,0.032744334783982754,0.9672556652160172,0.032744334783982754,0.9672556652160172,0.032744334783982754,0.9672556652160172,0.032744334783982754
33095,ZUMURRUD-17,SWER128,0.02870640431857206,0.9712935956814279,0.00600888676342311,0.9939911132365769,0.00600888676342311,0.9939911132365769,0.00600888676342311,0.9939911132365769,0.00600888676342311,0.9939911132365769,0.00600888676342311,0.9939911132365769,0.00600888676342311,0.9939911132365769
33127,QAHARIR EAST_WI_23_LOC1,SWER133,0.7219521092970014,0.2780478907029986,0.62544376666848,0.37455623333152,0.62544376666848,0.37455623333152,0.62544376666848,0.37455623333152,0.62544376666848,0.37455623333152,0.62544376666848,0.37455623333152,0.62544376666848,0.37455623333152
33128,QAHARIR EAST_WI_23_LOC2,SWER133,0.6565423373869264,0.34345766261307364,0.5454763516481587,0.45452364835184134,0.5454763516481587,0.45452364835184134,0.5454763516481587,0.45452364835184134,0.5454763516481587,0.45452364835184134,0.5454763516481587,0.45452364835184134,0.5454763516481587,0.45452364835184134
33132,WAHA_IRAD_WI_LOC3,SWER133,0.833953926939348,0.166046073060652,0.7698551135537297,0.2301448864462703,0.7698551135537297,0.2301448864462703,0.7698551135537297,0.2301448864462703,0.7698551135537297,0.2301448864462703,0.7698551135537297,0.2301448864462703,0.7698551135537297,0.2301448864462703
33135,WAHA_GH_WI_LOC1,SWER133,0.8881067141014805,0.11189328589851955,0.8428816104087371,0.1571183895912629,0.8428816104087371,0.1571183895912629,0.8428816104087371,0.1571183895912629,0.8428816104087371,0.1571183895912629,0.8428816104087371,0.1571183895912629,0.8428816104087371,0.1571183895912629
33137,WAHA_IRAD_WI_LOC8,SWER137,0.8693157174108113,0.13068428258918874,0.817312639162962,0.18268736083703796,0.817312639162962,0.18268736083703796,0.817312639162962,0.18268736083703796,0.817312639162962,0.18268736083703796,0.817312639162962,0.18268736083703796,0.817312639162962,0.18268736083703796
33140,MISBAH_LG3_OP_LOC4,SWER149,0.943081179696662,0.05691882030333795,0.9190501158226418,0.08094988417735816,0.9190501158226418,0.08094988417735816,0.9190501158226418,0.08094988417735816,0.9190501158226418,0.08094988417735816,0.9190501158226418,0.08094988417735816,0.9190501158226418,0.08094988417735816
33141,TUQAA-22,SWER133,0.9341352366322062,0.06586476336779379,0.9065185621932211,0.09348143780677887,0.9065185621932211,0.09348143780677887,0.9065185621932211,0.09348143780677887,0.9065185621932211,0.09348143780677887,0.9065185621932211,0.09348143780677887,0.9065185621932211,0.09348143780677887
33143,RAKDS_B_OP_LOC38,SWER137,0.5922882594575328,0.40771174054246717,0.4702676576441209,0.5297323423558791,0.4702676576441209,0.5297323423558791,0.4702676576441209,0.5297323423558791,0.4702676576441209,0.5297323423558791,0.4702676576441209,0.5297323423558791,0.4702676576441209,0.5297323423558791
33145,RAKDS_B_WI_LOC2,SWER133,0.015749254681233654,0.9842507453187663,0.0025307041462250147,0.997469295853775,0.0025307041462250147,0.997469295853775,0.0025307041462250147,0.997469295853775,0.0025307041462250147,0.997469295853775,0.0025307041462250147,0.997469295853775,0.0025307041462250147,0.997469295853775
33151,TUQAA-23,SWERIG81,0.8506271345543526,0.14937286544564743,0.7921233347592693,0.20787666524073067,0.7921233347592693,0.20787666524073067,0.7921233347592693,0.20787666524073067,0.7921233347592693,0.20787666524073067,0.7921233347592693,0.20787666524073067,0.7921233347592693,0.20787666524073067
33152,TUQAA_PH1_OP_LOC11,SWERIG81,0.09472110376465254,0.9052788962353475,0.0335445291138034,0.9664554708861965,0.0335445291138034,0.9664554708861965,0.0335445291138034,0.9664554708861965,0.0335445291138034,0.9664554708861965,0.0335445291138034,0.9664554708861965,0.0335445291138034,0.9664554708861965
33153,TUQAA_PH1_OP_LOC12,SWERIG81,0.943804856625457,0.05619514337454301,0.9200661462340252,0.07993385376597484,0.9200661462340252,0.07993385376597484,0.9200661462340252,0.07993385376597484,0.9200661462340252,0.07993385376597484,0.9200661462340252,0.07993385376597484,0.9200661462340252,0.07993385376597484
33154,THULAILAT_NE_OP_26_LOC1,SWER133,0.6272229912184745,0.37277700878152553,0.5107357679111595,0.4892642320888405,0.5107357679111595,0.4892642320888405,0.5107357679111595,0.4892642320888405,0.5107357679111595,0.4892642320888405,0.5107357679111595,0.4892642320888405,0.5107357679111595,0.4892642320888405
33217,RKDS_2026_OP_LOC19,SWER149,0.9094512243226579,0.0905487756773421,0.8722154249289026,0.12778457507109742,0.8722154249289026,0.12778457507109742,0.8722154249289026,0.12778457507109742,0.8722154249289026,0.12778457507109742,0.8722154249289026,0.12778457507109742,0.8722154249289026,0.12778457507109742
33240,MISBAH_LG3_OP_LOC6,SWER149,0.9382069705821082,0.061793029417891776,0.9122157584574655,0.0877842415425345,0.9122157584574655,0.0877842415425345,0.9122157584574655,0.0877842415425345,0.9122157584574655,0.0877842415425345,0.9122157584574655,0.0877842415425345,0.9122157584574655,0.0877842415425345
33241,RAKDS_B_WI_LOC1,SWER133,0.5712080160887473,0.4287919839112527,0.4463485182532927,0.5536514817467073,0.4463485182532927,0.5536514817467073,0.4463485182532927,0.5536514817467073,0.4463485182532927,0.5536514817467073,0.4463485182532927,0.5536514817467073,0.4463485182532927,0.5536514817467073
33244,QATA_SOUTH_EF_2026_LOC1,SWER133,0.8793767867799395,0.12062321322006053,0.8309728203635713,0.16902717963642866,0.8309728203635713,0.16902717963642866,0.8309728203635713,0.16902717963642866,0.8309728203635713,0.16902717963642866,0.8309728203635713,0.16902717963642866,0.8309728203635713,0.16902717963642866
33760,RASW_GH_WI_LOC2,SWERIG81,0.20759261669518347,0.7924073833048165,0.10386690828740554,0.8961330917125945,0.10386690828740554,0.8961330917125945,0.10386690828740554,0.8961330917125945,0.10386690828740554,0.8961330917125945,0.10386690828740554,0.8961330917125945,0.10386690828740554,0.8961330917125945
33761,RASW_AK5U_400M_OP_LOC1,SWER133,0.9679968701147437,0.03200312988525633,0.9542279245539284,0.04577207544607165,0.9542279245539284,0.04577207544607165,0.9542279245539284,0.04577207544607165,0.9542279245539284,0.04577207544607165,0.9542279245539284,0.04577207544607165,0.9542279245539284,0.04577207544607165
33766,TME_AK_HZ_OP_3,SWER128,0.9459650067391847,0.05403499326081529,0.9231010017503604,0.07689899824963964,0.9231010017503604,0.07689899824963964,0.9231010017503604,0.07689899824963964,0.9231010017503604,0.07689899824963964,0.9231010017503604,0.07689899824963964,0.9231010017503604,0.07689899824963964
33774,RA_LG.2_WI_134,SWER129,0.9570399974519457,0.04296000254805432,0.9387084494929666,0.06129155050703339,0.9387084494929666,0.06129155050703339,0.9387084494929666,0.06129155050703339,0.9387084494929666,0.06129155050703339,0.9387084494929666,0.06129155050703339,0.9387084494929666,0.06129155050703339
33785,MMNW-B7-2PUD-OP-01,SWER127,0.9226898489262432,0.07731015107375683,0.8905627171258782,0.1094372828741218,0.8905627171258782,0.1094372828741218,0.8905627171258782,0.1094372828741218,0.8905627171258782,0.1094372828741218,0.8905627171258782,0.1094372828741218,0.8905627171258782,0.1094372828741218
34356,ALBRG_1405250004_OP2,SWER101,0.9191681153498048,0.0808318846501952,0.8856705837426498,0.11432941625735016,0.8856705837426498,0.11432941625735016,0.8856705837426498,0.11432941625735016,0.8856705837426498,0.11432941625735016,0.8856705837426498,0.11432941625735016,0.8856705837426498,0.11432941625735016
34357,ALBRG_1405250004_OP3,SWER101,0.9392791120721743,0.060720887927825706,0.9137177198379896,0.08628228016201045,0.9137177198379896,0.08628228016201045,0.9137177198379896,0.08628228016201045,0.9137177198379896,0.08628228016201045,0.9137177198379896,0.08628228016201045,0.9137177198379896,0.08628228016201045
34421,NIMRE_1509220020_OP2,SWER104,0.5868918940147754,0.4131081059852246,0.4641082626028881,0.5358917373971119,0.4641082626028881,0.5358917373971119,0.4641082626028881,0.5358917373971119,0.4641082626028881,0.5358917373971119,0.4641082626028881,0.5358917373971119,0.4641082626028881,0.5358917373971119
34422,AL BURJ_26_MC_OP2,SWER101,0.7374160386844829,0.2625839613155171,0.6448318090089067,0.3551681909910933,0.6448318090089067,0.3551681909910933,0.6448318090089067,0.3551681909910933,0.6448318090089067,0.3551681909910933,0.6448318090089067,0.3551681909910933,0.6448318090089067,0.3551681909910933
34424,NIMR-1694,SWER104,0.5670207238989123,0.43297927610108766,0.4416429842871622,0.5583570157128378,0.4416429842871622,0.5583570157128378,0.4416429842871622,0.5583570157128378,0.4416429842871622,0.5583570157128378,0.4416429842871622,0.5583570157128378,0.4416429842871622,0.5583570157128378
34561,NIMRB_1609240004_OP6,SWER102,0.9461161477939247,0.05388385220607528,0.9233134584197995,0.0766865415802005,0.9233134584197995,0.0766865415802005,0.9233134584197995,0.0766865415802005,0.9233134584197995,0.0766865415802005,0.9233134584197995,0.0766865415802005,0.9233134584197995,0.0766865415802005
34565,NIMRB_1609240004_OP3,SWER102,0.9291949503852619,0.0708050496147381,0.8996207568311466,0.10037924316885338,0.8996207568311466,0.10037924316885338,0.8996207568311466,0.10037924316885338,0.8996207568311466,0.10037924316885338,0.8996207568311466,0.10037924316885338,0.8996207568311466,0.10037924316885338
34566,NIMRB_1609240004_OP4,SWER102,0.9490008531507422,0.05099914684925777,0.9273713086328024,0.07262869136719763,0.9273713086328024,0.07262869136719763,0.9273713086328024,0.07262869136719763,0.9273713086328024,0.07262869136719763,0.9273713086328024,0.07262869136719763,0.9273713086328024,0.07262869136719763
34568,NIMRB_1609240004_OP5,SWER102,0.9494869685318843,0.0505130314681157,0.9280556517262644,0.07194434827373564,0.9280556517262644,0.07194434827373564,0.9280556517262644,0.07194434827373564,0.9280556517262644,0.07194434827373564,0.9280556517262644,0.07194434827373564,0.9280556517262644,0.07194434827373564
35231,SAQR-27,SWER137,0.31087158001079124,0.6891284199892087,0.18581801850088212,0.8141819814991179,0.18581801850088212,0.8141819814991179,0.18581801850088212,0.8141819814991179,0.18581801850088212,0.8141819814991179,0.18581801850088212,0.8141819814991179,0.18581801850088212,0.8141819814991179
35486,ZMD_LG1_SOUTH FLANK_OP2,SWER128,0.9033529072683646,0.09664709273163541,0.8638032125483817,0.13619678745161834,0.8638032125483817,0.13619678745161834,0.8638032125483817,0.13619678745161834,0.8638032125483817,0.13619678745161834,0.8638032125483817,0.13619678745161834,0.8638032125483817,0.13619678745161834
35487,ZMD_LG1_SOUTH FLANK_OP6,SWER128,0.9215601273049209,0.07843987269507913,0.8889924933429117,0.11100750665708825,0.8889924933429117,0.11100750665708825,0.8889924933429117,0.11100750665708825,0.8889924933429117,0.11100750665708825,0.8889924933429117,0.11100750665708825,0.8889924933429117,0.11100750665708825
35488,ZMD_LG2_NORTH FLANK_OP1,SWER128,0.9226019283233025,0.07739807167669754,0.8904404840333288,0.10955951596667124,0.8904404840333288,0.10955951596667124,0.8904404840333288,0.10955951596667124,0.8904404840333288,0.10955951596667124,0.8904404840333288,0.10955951596667124,0.8904404840333288,0.10955951596667124
35489,ZMD_LG2_NORTH FLANK_OP2,SWER128,0.9291412531651102,0.0708587468348898,0.8995458713902273,0.10045412860977265,0.8995458713902273,0.10045412860977265,0.8995458713902273,0.10045412860977265,0.8995458713902273,0.10045412860977265,0.8995458713902273,0.10045412860977265,0.8995458713902273,0.10045412860977265
35492,QATA-194,SWER126,0.2505132094158391,0.7494867905841609,0.1361585702303346,0.8638414297696654,0.1361585702303346,0.8638414297696654,0.1361585702303346,0.8638414297696654,0.1361585702303346,0.8638414297696654,0.1361585702303346,0.8638414297696654,0.1361585702303346,0.8638414297696654
35493,HSAK-95U_HZ_500M_18,SWER126,0.2702788828420795,0.7297211171579205,0.15189839823359538,0.8481016017664046,0.15189839823359538,0.8481016017664046,0.15189839823359538,0.8481016017664046,0.15189839823359538,0.8481016017664046,0.15189839823359538,0.8481016017664046,0.15189839823359538,0.8481016017664046
35494,I5_2_OP_147,SWER126,0.4310183748131452,0.5689816251868548,0.2975151521349204,0.7024848478650796,0.2975151521349204,0.7024848478650796,0.2975151521349204,0.7024848478650796,0.2975151521349204,0.7024848478650796,0.2975151521349204,0.7024848478650796,0.2975151521349204,0.7024848478650796
35495,QATA-192,SWER126,0.5072161924235609,0.49278380757643914,0.37613618940673493,0.623863810593265,0.37613618940673493,0.623863810593265,0.37613618940673493,0.623863810593265,0.37613618940673493,0.623863810593265,0.37613618940673493,0.623863810593265,0.37613618940673493,0.623863810593265
35500,MDNE_200M_SE_OP2,SWER129,0.7433103865178821,0.25668961348211794,0.6522693746614179,0.3477306253385821,0.6522693746614179,0.3477306253385821,0.6522693746614179,0.3477306253385821,0.6522693746614179,0.3477306253385821,0.6522693746614179,0.3477306253385821,0.6522693746614179,0.3477306253385821
35534,TME_NB_I9_OP_6_CREST,SWER129,0.9404257746331492,0.05957422536685075,0.9153249135399257,0.08467508646007427,0.9153249135399257,0.08467508646007427,0.9153249135399257,0.08467508646007427,0.9153249135399257,0.08467508646007427,0.9153249135399257,0.08467508646007427,0.9153249135399257,0.08467508646007427
35572,MDNE_200M_SE_OP8,SWER129,0.6159326238266913,0.38406737617330866,0.49754561049544443,0.5024543895045556,0.49754561049544443,0.5024543895045556,0.49754561049544443,0.5024543895045556,0.49754561049544443,0.5024543895045556,0.49754561049544443,0.5024543895045556,0.49754561049544443,0.5024543895045556
35592,TME_NB_I9_OP_1_FLANK,SWER129,0.9243249941976862,0.07567500580231379,0.8928369398927163,0.10716306010728371,0.8928369398927163,0.10716306010728371,0.8928369398927163,0.10716306010728371,0.8928369398927163,0.10716306010728371,0.8928369398927163,0.10716306010728371,0.8928369398927163,0.10716306010728371
35607,MDNE_200M_SE_OP5,SWER129,0.7429528900519579,0.25704710994804214,0.6518175384617904,0.34818246153820964,0.6518175384617904,0.34818246153820964,0.6518175384617904,0.34818246153820964,0.6518175384617904,0.34818246153820964,0.6518175384617904,0.34818246153820964,0.6518175384617904,0.34818246153820964
35608,MDNE_200M_SE_OP6,SWER129,0.7294710430221736,0.2705289569778264,0.6348480922048703,0.36515190779512974,0.6348480922048703,0.36515190779512974,0.6348480922048703,0.36515190779512974,0.6348480922048703,0.36515190779512974,0.6348480922048703,0.36515190779512974,0.6348480922048703,0.36515190779512974
35670,MMAK_P1_AREA1_WI_1,SWER127,0.9162437964529354,0.08375620354706459,0.8816146027073265,0.1183853972926735,0.8816146027073265,0.1183853972926735,0.8816146027073265,0.1183853972926735,0.8816146027073265,0.1183853972926735,0.8816146027073265,0.1183853972926735,0.8816146027073265,0.1183853972926735
35671,TM_WEST_AK_DEV_OP_2,SWER128,0.9495065018356452,0.05049349816435478,0.9280831535295634,0.07191684647043661,0.9280831535295634,0.07191684647043661,0.9280831535295634,0.07191684647043661,0.9280831535295634,0.07191684647043661,0.9280831535295634,0.07191684647043661,0.9280831535295634,0.07191684647043661
35673,MMNW-B4&10-INFILL-OP-03,SWER126,0.9530850737057925,0.04691492629420746,0.9331257851442218,0.06687421485577816,0.9331257851442218,0.06687421485577816,0.9331257851442218,0.06687421485577816,0.9331257851442218,0.06687421485577816,0.9331257851442218,0.06687421485577816,0.9331257851442218,0.06687421485577816
35797,SAQR_OP_25_LOC3,SWER137,0.044129655265303575,0.9558703447346965,0.01116350950175142,0.9888364904982486,0.01116350950175142,0.9888364904982486,0.01116350950175142,0.9888364904982486,0.01116350950175142,0.9888364904982486,0.01116350950175142,0.9888364904982486,0.01116350950175142,0.9888364904982486
35842,TME_AK_HZ_WI_1,SWER128,0.9467345639888035,0.05326543601119649,0.924182912315285,0.07581708768471496,0.924182912315285,0.07581708768471496,0.924182912315285,0.07581708768471496,0.924182912315285,0.07581708768471496,0.924182912315285,0.07581708768471496,0.924182912315285,0.07581708768471496
35846,QAHARIR_QAH_2PUD_AK_OP4,SWER126,0.9529844036149469,0.04701559638505315,0.9329838148870325,0.06701618511296747,0.9329838148870325,0.06701618511296747,0.9329838148870325,0.06701618511296747,0.9329838148870325,0.06701618511296747,0.9329838148870325,0.06701618511296747,0.9329838148870325,0.06701618511296747
35847,QAHARIR_QAH_2PUD_AK_OP3,SWER126,0.9637637974788986,0.03623620252110138,0.948222916605305,0.051777083394695,0.948222916605305,0.051777083394695,0.948222916605305,0.051777083394695,0.948222916605305,0.051777083394695,0.948222916605305,0.051777083394695,0.948222916605305,0.051777083394695
36011,RKDS_2026_OP_LOC12,SWER149,0.6484790486665677,0.3515209513334323,0.5358525878237215,0.46414741217627853,0.5358525878237215,0.46414741217627853,0.5358525878237215,0.46414741217627853,0.5358525878237215,0.46414741217627853,0.5358525878237215,0.46414741217627853,0.5358525878237215,0.46414741217627853
36034,TME_AK_HZ_OP_2,SWER129,0.9412250534919249,0.05877494650807513,0.9164457153968499,0.08355428460315006,0.9164457153968499,0.08355428460315006,0.9164457153968499,0.08355428460315006,0.9164457153968499,0.08355428460315006,0.9164457153968499,0.08355428460315006,0.9164457153968499,0.08355428460315006
36064,NMR A_6515383_WSW_4,SWER104,0.465082280070419,0.5349177199295809,0.3319655054082479,0.6680344945917521,0.3319655054082479,0.6680344945917521,0.3319655054082479,0.6680344945917521,0.3319655054082479,0.6680344945917521,0.3319655054082479,0.6680344945917521,0.3319655054082479,0.6680344945917521
36065,NIMRE_2409200041_OP1,SWER104,0.9436781066074497,0.05632189339255034,0.9198881665149903,0.08011183348500972,0.9198881665149903,0.08011183348500972,0.9198881665149903,0.08011183348500972,0.9198881665149903,0.08011183348500972,0.9198881665149903,0.08011183348500972,0.9198881665149903,0.08011183348500972
36066,NME_E804_APR1,SWER104,0.9435634671239731,0.0564365328760269,0.9197272012226101,0.08027279877738991,0.9197272012226101,0.08027279877738991,0.9197272012226101,0.08027279877738991,0.9197272012226101,0.08027279877738991,0.9197272012226101,0.08027279877738991,0.9197272012226101,0.08027279877738991
36072,AMIN-578,SWER102,0.6179128052677592,0.38208719473224084,0.4998513506239532,0.5001486493760467,0.4998513506239532,0.5001486493760467,0.4998513506239532,0.5001486493760467,0.4998513506239532,0.5001486493760467,0.4998513506239532,0.5001486493760467,0.4998513506239532,0.5001486493760467
36073,AMIN_1673188_OP19,SWER103,0.9074589901034629,0.09254100989653713,0.8694645326468391,0.1305354673531609,0.8694645326468391,0.1305354673531609,0.8694645326468391,0.1305354673531609,0.8694645326468391,0.1305354673531609,0.8694645326468391,0.1305354673531609,0.8694645326468391,0.1305354673531609
36074,AMIN_AN_CS_6,SWER103,0.9177664114602739,0.08223358853972607,0.8837257337099287,0.11627426629007132,0.8837257337099287,0.11627426629007132,0.8837257337099287,0.11627426629007132,0.8837257337099287,0.11627426629007132,0.8837257337099287,0.11627426629007132,0.8837257337099287,0.11627426629007132
36092,NIMR-1660,SWER103,0.107166654635414,0.892833345364586,0.04007268929880211,0.9599273107011979,0.04007268929880211,0.9599273107011979,0.04007268929880211,0.9599273107011979,0.04007268929880211,0.9599273107011979,0.04007268929880211,0.9599273107011979,0.04007268929880211,0.9599273107011979
36093,NIMR-1688,SWER103,0.5281782504517982,0.4718217495482018,0.3987300014202518,0.6012699985797483,0.3987300014202518,0.6012699985797483,0.3987300014202518,0.6012699985797483,0.3987300014202518,0.6012699985797483,0.3987300014202518,0.6012699985797483,0.3987300014202518,0.6012699985797483
36105,AMIN-571,SWER101,0.523057855208829,0.47694214479117103,0.3931738957868366,0.6068261042131634,0.3931738957868366,0.6068261042131634,0.3931738957868366,0.6068261042131634,0.3931738957868366,0.6068261042131634,0.3931738957868366,0.6068261042131634,0.3931738957868366,0.6068261042131634
36106,AMIN_1673188_OP31,SWER103,0.9201058111456716,0.07989418885432842,0.8869723567687521,0.11302764323124792,0.8869723567687521,0.11302764323124792,0.8869723567687521,0.11302764323124792,0.8869723567687521,0.11302764323124792,0.8869723567687521,0.11302764323124792,0.8869723567687521,0.11302764323124792
36108,AMIN-573,SWER102,0.052032767233879076,0.9479672327661209,0.014153368466994587,0.9858466315330054,0.014153368466994587,0.9858466315330054,0.014153368466994587,0.9858466315330054,0.014153368466994587,0.9858466315330054,0.014153368466994587,0.9858466315330054,0.014153368466994587,0.9858466315330054
36109,AMIN-574,SWER102,0.20858123859480526,0.7914187614051947,0.10458016990739231,0.8954198300926077,0.10458016990739231,0.8954198300926077,0.10458016990739231,0.8954198300926077,0.10458016990739231,0.8954198300926077,0.10458016990739231,0.8954198300926077,0.10458016990739231,0.8954198300926077
36124,NIMR-1690,SWER103,0.7661117932487451,0.23388820675125488,0.6812845006550469,0.31871549934495313,0.6812845006550469,0.31871549934495313,0.6812845006550469,0.31871549934495313,0.6812845006550469,0.31871549934495313,0.6812845006550469,0.31871549934495313,0.6812845006550469,0.31871549934495313
36125,NIMR-1685,SWER104,0.11739562857016714,0.8826043714298328,0.045696105416813175,0.9543038945831869,0.045696105416813175,0.9543038945831869,0.045696105416813175,0.9543038945831869,0.045696105416813175,0.9543038945831869,0.045696105416813175,0.9543038945831869,0.045696105416813175,0.9543038945831869
36341,RAKDS_EF_2026_OP_LOC1,SWERIG81,0.18581859778078874,0.8141814022192113,0.08854392665932054,0.9114560733406795,0.08854392665932054,0.9114560733406795,0.08854392665932054,0.9114560733406795,0.08854392665932054,0.9114560733406795,0.08854392665932054,0.9114560733406795,0.08854392665932054,0.9114560733406795
36343,RAKDS_EF_2026_OP_LOC2,SWERIG81,0.4326835136102856,0.5673164863897144,0.29917218568992454,0.7008278143100755,0.29917218568992454,0.7008278143100755,0.29917218568992454,0.7008278143100755,0.29917218568992454,0.7008278143100755,0.29917218568992454,0.7008278143100755,0.29917218568992454,0.7008278143100755
36345,SAQR_OP_26_LOC5,SWER137,0.6071418599243116,0.3928581400756884,0.4873490443453516,0.5126509556546484,0.4873490443453516,0.5126509556546484,0.4873490443453516,0.5126509556546484,0.4873490443453516,0.5126509556546484,0.4873490443453516,0.5126509556546484,0.4873490443453516,0.5126509556546484
36494,SAQR-25,SWER137,0.00022545491332589537,0.9997745450866741,5.58163215061416e-06,0.9999944183678494,5.58163215061416e-06,0.9999944183678494,5.58163215061416e-06,0.9999944183678494,5.58163215061416e-06,0.9999944183678494,5.58163215061416e-06,0.9999944183678494,5.58163215061416e-06,0.9999944183678494
36513,SAQRW_OP_28_LOC7,SWER137,0.7848455621738042,0.2151544378261958,0.705410314929721,0.29458968507027905,0.705410314929721,0.29458968507027905,0.705410314929721,0.29458968507027905,0.705410314929721,0.29458968507027905,0.705410314929721,0.29458968507027905,0.705410314929721,0.29458968507027905
36578,THULAILAT_NE_OP_26_LOC3,SWER133,0.7668853268197566,0.23311467318024337,0.6822755848646131,0.31772441513538685,0.6822755848646131,0.31772441513538685,0.6822755848646131,0.31772441513538685,0.6822755848646131,0.31772441513538685,0.6822755848646131,0.31772441513538685,0.6822755848646131,0.31772441513538685
36735,SAQRW_OP_26_LOC1,SWER137,0.8998800799678729,0.10011992003212711,0.8590238394191908,0.1409761605808092,0.8590238394191908,0.1409761605808092,0.8590238394191908,0.1409761605808092,0.8590238394191908,0.1409761605808092,0.8590238394191908,0.1409761605808092,0.8590238394191908,0.1409761605808092
36736,SAQR WEST-17,SWER137,0.5728878489028988,0.4271121510971012,0.4482405367524586,0.5517594632475413,0.4482405367524586,0.5517594632475413,0.4482405367524586,0.5517594632475413,0.4482405367524586,0.5517594632475413,0.4482405367524586,0.5517594632475413,0.4482405367524586,0.5517594632475413
36737,SAQRW_OP_26_LOC3,SWER137,0.9354698608310432,0.06453013916895678,0.9083847743755862,0.09161522562441382,0.9083847743755862,0.09161522562441382,0.9083847743755862,0.09161522562441382,0.9083847743755862,0.09161522562441382,0.9083847743755862,0.09161522562441382,0.9083847743755862,0.09161522562441382
36738,SAQRW_OP_27_LOC1,SWER137,0.609422770571955,0.39057722942804496,0.48998850756312207,0.5100114924368779,0.48998850756312207,0.5100114924368779,0.48998850756312207,0.5100114924368779,0.48998850756312207,0.5100114924368779,0.48998850756312207,0.5100114924368779,0.48998850756312207,0.5100114924368779
36751,RKDS_2026_OP_LOC20,SWER149,0.8981855187364088,0.10181448126359116,0.8566946965541492,0.1433053034458508,0.8566946965541492,0.1433053034458508,0.8566946965541492,0.1433053034458508,0.8566946965541492,0.1433053034458508,0.8566946965541492,0.1433053034458508,0.8566946965541492,0.1433053034458508
36752,RKDS_2026_OP_LOC21,SWER149,0.928672331998579,0.07132766800142099,0.8988920010758837,0.10110799892411626,0.8988920010758837,0.10110799892411626,0.8988920010758837,0.10110799892411626,0.8988920010758837,0.10110799892411626,0.8988920010758837,0.10110799892411626,0.8988920010758837,0.10110799892411626
36753,RAKDS_APP_LOC1,SWER137,0.9454989760718278,0.05450102392817224,0.9224460036943354,0.07755399630566462,0.9224460036943354,0.07755399630566462,0.9224460036943354,0.07755399630566462,0.9224460036943354,0.07755399630566462,0.9224460036943354,0.07755399630566462,0.9224460036943354,0.07755399630566462
36754,RAKDS_APP_LOC2,SWER137,0.9285259537472221,0.07147404625277787,0.8986879189467124,0.1013120810532876,0.8986879189467124,0.1013120810532876,0.8986879189467124,0.1013120810532876,0.8986879189467124,0.1013120810532876,0.8986879189467124,0.1013120810532876,0.8986879189467124,0.1013120810532876
36755,RAKDS_APP_LOC3,SWER149,0.9488720324740461,0.05112796752595394,0.927189983445758,0.07281001655424202,0.927189983445758,0.07281001655424202,0.927189983445758,0.07281001655424202,0.927189983445758,0.07281001655424202,0.927189983445758,0.07281001655424202,0.927189983445758,0.07281001655424202
36925,IHSN_2502190007_APP3,SWER102,0.7352964433170769,0.2647035566829231,0.642163659397611,0.357836340602389,0.642163659397611,0.357836340602389,0.642163659397611,0.357836340602389,0.642163659397611,0.357836340602389,0.642163659397611,0.357836340602389,0.642163659397611,0.357836340602389
36926,IHSN_2502190007_APP2,SWER102,0.7388367010834511,0.2611632989165489,0.6466220331231586,0.3533779668768414,0.6466220331231586,0.3533779668768414,0.6466220331231586,0.3533779668768414,0.6466220331231586,0.3533779668768414,0.6466220331231586,0.3533779668768414,0.6466220331231586,0.3533779668768414
36927,IHSN_2502190007_APP1,SWER102,0.7357068870508455,0.2642931129491545,0.6426800623982638,0.3573199376017362,0.6426800623982638,0.3573199376017362,0.6426800623982638,0.3573199376017362,0.6426800623982638,0.3573199376017362,0.6426800623982638,0.3573199376017362,0.6426800623982638,0.3573199376017362
37223,RAKID-232,SWER149,0.5448496591140143,0.4551503408859857,0.41698409074094833,0.5830159092590517,0.41698409074094833,0.5830159092590517,0.41698409074094833,0.5830159092590517,0.41698409074094833,0.5830159092590517,0.41698409074094833,0.5830159092590517,0.41698409074094833,0.5830159092590517
37224,RAKID-233,SWER149,0.39496354512324905,0.605036454876751,0.26233736126908064,0.7376626387309193,0.26233736126908064,0.7376626387309193,0.26233736126908064,0.7376626387309193,0.26233736126908064,0.7376626387309193,0.26233736126908064,0.7376626387309193,0.26233736126908064,0.7376626387309193
37225,RAKID-238,SWER149,0.913137766340826,0.086862233659174,0.8773128313170762,0.12268716868292384,0.8773128313170762,0.12268716868292384,0.8773128313170762,0.12268716868292384,0.8773128313170762,0.12268716868292384,0.8773128313170762,0.12268716868292384,0.8773128313170762,0.12268716868292384
37230,AMIN-565,SWER101,0.3584869449665096,0.6415130550334904,0.22816061803070042,0.7718393819692996,0.22816061803070042,0.7718393819692996,0.22816061803070042,0.7718393819692996,0.22816061803070042,0.7718393819692996,0.22816061803070042,0.7718393819692996,0.22816061803070042,0.7718393819692996
37236,RKDS_2026_WI_LOC3,SWER149,0.9426977243777497,0.05730227562225032,0.9185118900644376,0.08148810993556244,0.9185118900644376,0.08148810993556244,0.9185118900644376,0.08148810993556244,0.9185118900644376,0.08148810993556244,0.9185118900644376,0.08148810993556244,0.9185118900644376,0.08148810993556244
37237,RKDS_2026_WI_LOC4,SWER149,0.948333497614454,0.05166650238554604,0.9264320708877791,0.07356792911222088,0.9264320708877791,0.07356792911222088,0.9264320708877791,0.07356792911222088,0.9264320708877791,0.07356792911222088,0.9264320708877791,0.07356792911222088,0.9264320708877791,0.07356792911222088
37238,RKDS_2026_WI_LOC5,SWER149,0.9489074068323888,0.05109259316761117,0.9272397745445385,0.07276022545546146,0.9272397745445385,0.07276022545546146,0.9272397745445385,0.07276022545546146,0.9272397745445385,0.07276022545546146,0.9272397745445385,0.07276022545546146,0.9272397745445385,0.07276022545546146
37477,QAH_EXTENDED_BETA_HAIMA_OP1,SWER126,0.9464807561282702,0.053519243871729794,0.9238260443079789,0.07617395569202112,0.9238260443079789,0.07617395569202112,0.9238260443079789,0.07617395569202112,0.9238260443079789,0.07617395569202112,0.9238260443079789,0.07617395569202112,0.9238260443079789,0.07617395569202112
37603,AL BURJ-279,SWER102,0.820489922817514,0.17951007718248602,0.7520153913624913,0.2479846086375087,0.7520153913624913,0.2479846086375087,0.7520153913624913,0.2479846086375087,0.7520153913624913,0.2479846086375087,0.7520153913624913,0.2479846086375087,0.7520153913624913,0.2479846086375087
37604,AL BURJ-281,SWER102,0.7512065454291047,0.2487934545708953,0.6622736118041906,0.33772638819580936,0.6622736118041906,0.33772638819580936,0.6622736118041906,0.33772638819580936,0.6622736118041906,0.33772638819580936,0.6622736118041906,0.33772638819580936,0.6622736118041906,0.33772638819580936
37605,ALBRG_1405250004_OP15,SWER102,0.5906111525594224,0.4093888474405776,0.4683507544788923,0.5316492455211077,0.4683507544788923,0.5316492455211077,0.4683507544788923,0.5316492455211077,0.4683507544788923,0.5316492455211077,0.4683507544788923,0.5316492455211077,0.4683507544788923,0.5316492455211077
37606,KMW_AK_APP1,SWER103,0.8098760679091674,0.19012393209083256,0.7380426022413918,0.26195739775860816,0.7380426022413918,0.26195739775860816,0.7380426022413918,0.26195739775860816,0.7380426022413918,0.26195739775860816,0.7380426022413918,0.26195739775860816,0.7380426022413918,0.26195739775860816
37607,KMW_AK_APP2,SWER103,0.9185132089206173,0.08148679107938273,0.8847617449574272,0.11523825504257279,0.8847617449574272,0.11523825504257279,0.8847617449574272,0.11523825504257279,0.8847617449574272,0.11523825504257279,0.8847617449574272,0.11523825504257279,0.8847617449574272,0.11523825504257279
37616,RAHAB-253,SWER128,0.5702641592791622,0.4297358407208378,0.4452865139175613,0.5547134860824388,0.4452865139175613,0.5547134860824388,0.4452865139175613,0.5547134860824388,0.4452865139175613,0.5547134860824388,0.4452865139175613,0.5547134860824388,0.4452865139175613,0.5547134860824388
37617,RAHAB-254,SWER128,0.6655904731252126,0.3344095268747874,0.5563376946708815,0.44366230532911854,0.5563376946708815,0.44366230532911854,0.5563376946708815,0.44366230532911854,0.5563376946708815,0.44366230532911854,0.5563376946708815,0.44366230532911854,0.5563376946708815,0.44366230532911854
37619,RA_LG.2_WI_126,SWER128,0.94546044345778,0.05453955654221998,0.9223918531340801,0.07760814686591988,0.9223918531340801,0.07760814686591988,0.9223918531340801,0.07760814686591988,0.9223918531340801,0.07760814686591988,0.9223918531340801,0.07760814686591988,0.9223918531340801,0.07760814686591988
37620,TL_SB_AK_CR_OP_01',SWER128,0.7365485245876804,0.2634514754123196,0.6437393721439311,0.35626062785606893,0.6437393721439311,0.35626062785606893,0.6437393721439311,0.35626062785606893,0.6437393721439311,0.35626062785606893,0.6437393721439311,0.35626062785606893,0.6437393721439311,0.35626062785606893
37621,TL_N2_AK_CR_OP_07',SWER128,0.957744066536575,0.042255933463425044,0.9397033616756194,0.06029663832438059,0.9397033616756194,0.06029663832438059,0.9397033616756194,0.06029663832438059,0.9397033616756194,0.06029663832438059,0.9397033616756194,0.06029663832438059,0.9397033616756194,0.06029663832438059
37622,TL_SB_AK_CR_OP_02',SWER128,0.7958471822815351,0.20415281771846494,0.719697539436474,0.28030246056352603,0.719697539436474,0.28030246056352603,0.719697539436474,0.28030246056352603,0.719697539436474,0.28030246056352603,0.719697539436474,0.28030246056352603,0.719697539436474,0.28030246056352603
37624,RA_LG.2_OP_117,SWER128,0.2869899657680187,0.7130100342319813,0.16560885896931407,0.8343911410306859,0.16560885896931407,0.8343911410306859,0.16560885896931407,0.8343911410306859,0.16560885896931407,0.8343911410306859,0.16560885896931407,0.8343911410306859,0.16560885896931407,0.8343911410306859
37625,RAHAB-252,SWER128,0.3889398883212981,0.6110601116787019,0.2565935979559056,0.7434064020440945,0.2565935979559056,0.7434064020440945,0.2565935979559056,0.7434064020440945,0.2565935979559056,0.7434064020440945,0.2565935979559056,0.7434064020440945,0.2565935979559056,0.7434064020440945
37695,RASW_AK_OP_LOC1,SWERIG81,0.9005343707322963,0.09946562926770375,0.8599236671698091,0.14007633283019094,0.8599236671698091,0.14007633283019094,0.8599236671698091,0.14007633283019094,0.8599236671698091,0.14007633283019094,0.8599236671698091,0.14007633283019094,0.8599236671698091,0.14007633283019094
37797,AL BURJ_26_MC_OP3,SWER101,0.7619170446064892,0.23808295539351076,0.675917690168274,0.32408230983172603,0.675917690168274,0.32408230983172603,0.675917690168274,0.32408230983172603,0.675917690168274,0.32408230983172603,0.675917690168274,0.32408230983172603,0.675917690168274,0.32408230983172603
